qualifyId,raceId,driverId,constructorId,number,position,q1,q2,q3,source
1,18,1,1,22,1,1:26.572,1:25.187,1:26.714,historical
2,18,9,2,4,2,1:26.103,1:25.315,1:26.869,historical
3,18,5,1,23,3,1:25.664,1:25.452,1:27.079,historical
4,18,13,6,2,4,1:25.994,1:25.691,1:27.178,historical
5,18,2,2,3,5,1:25.960,1:25.518,1:27.236,historical
6,18,15,7,11,6,1:26.427,1:26.101,1:28.527,historical
7,18,3,3,7,7,1:26.295,1:26.059,1:28.687,historical
8,18,14,9,9,8,1:26.381,1:26.063,1:29.041,historical
9,18,10,7,12,9,1:26.919,1:26.164,1:29.593,historical
10,18,20,5,15,10,1:26.702,1:25.842,NULL,historical
11,18,22,11,17,11,1:26.369,1:26.173,NULL,historical
12,18,4,4,5,12,1:26.907,1:26.188,NULL,historical
13,18,18,11,16,13,1:26.712,1:26.259,NULL,historical
14,18,6,3,8,14,1:26.891,1:26.413,NULL,historical
15,18,17,9,10,15,1:26.914,NULL,NULL,historical
16,18,8,6,1,16,1:26.140,NULL,NULL,historical
17,18,21,10,21,17,1:27.207,NULL,NULL,historical
18,18,7,5,14,18,1:27.446,NULL,NULL,historical
19,18,16,10,20,19,1:27.859,NULL,NULL,historical
20,18,11,8,18,20,1:28.208,NULL,NULL,historical
21,18,12,4,6,21,1:28.330,NULL,NULL,historical
22,18,19,8,19,22,1:29.059,NULL,NULL,historical
23,19,13,6,2,1,1:35.347,1:34.412,1:35.748,historical
24,19,8,6,1,2,1:35.645,1:34.188,1:36.230,historical
25,19,5,1,23,3,1:35.227,1:34.759,1:36.613,historical
26,19,1,1,22,4,1:35.392,1:34.627,1:36.709,historical
27,19,15,7,11,5,1:35.205,1:34.960,1:36.711,historical
28,19,9,2,4,6,1:35.794,1:34.811,1:36.727,historical
29,19,2,2,3,7,1:35.729,1:34.648,1:36.753,historical
30,19,17,9,10,8,1:35.440,1:34.967,1:37.009,historical
31,19,4,4,5,9,1:35.983,1:35.140,1:38.450,historical
32,19,10,7,12,10,1:35.891,1:35.000,1:39.656,historical
33,19,18,11,16,11,1:35.847,1:35.208,NULL,historical
34,19,14,9,9,12,1:36.058,1:35.408,NULL,historical
35,19,12,4,6,13,1:36.074,1:35.562,NULL,historical
36,19,22,11,17,14,1:36.198,1:35.622,NULL,historical
37,19,20,5,15,15,1:36.111,1:35.648,NULL,historical
38,19,3,3,7,16,1:35.843,1:35.670,NULL,historical
39,19,21,10,21,17,1:36.240,NULL,NULL,historical
40,19,6,3,8,18,1:36.388,NULL,NULL,historical
41,19,7,5,14,19,1:36.677,NULL,NULL,historical
42,19,11,8,18,20,1:37.087,NULL,NULL,historical
43,19,16,10,20,21,1:37.101,NULL,NULL,historical
44,19,19,8,19,22,1:37.481,NULL,NULL,historical
45,20,9,2,4,1,1:32.893,1:31.745,1:33.096,historical
46,20,13,6,2,2,1:31.937,1:31.188,1:33.123,historical
47,20,1,1,22,3,1:32.750,1:31.922,1:33.292,historical
48,20,8,6,1,4,1:32.652,1:31.933,1:33.418,historical
49,20,5,1,23,5,1:33.057,1:31.718,1:33.488,historical
50,20,2,2,3,6,1:33.137,1:31.909,1:33.737,historical
51,20,15,7,11,7,1:32.493,1:32.159,1:33.994,historical
52,20,3,3,7,8,1:32.903,1:32.185,1:34.015,historical
53,20,18,11,16,9,1:32.793,1:32.362,1:35.057,historical
54,20,4,4,5,10,1:32.947,1:32.345,1:35.115,historical
55,20,17,9,10,11,1:33.194,1:32.371,NULL,historical
56,20,22,11,17,12,1:32.944,1:32.508,NULL,historical
57,20,10,7,12,13,1:32.800,1:32.528,NULL,historical
58,20,12,4,6,14,1:32.975,1:32.790,NULL,historical
59,20,7,5,14,15,1:33.415,1:32.915,NULL,historical
60,20,6,3,8,16,1:33.386,1:32.943,NULL,historical
61,20,14,9,9,17,1:33.433,NULL,NULL,historical
62,20,21,10,21,18,1:33.501,NULL,NULL,historical
63,20,20,5,15,19,1:33.562,NULL,NULL,historical
64,20,16,10,20,20,1:33.845,NULL,NULL,historical
65,20,19,8,19,21,1:34.140,NULL,NULL,historical
66,20,11,8,18,22,1:35.725,NULL,NULL,historical
67,21,8,6,1,1,1:20.701,1:20.784,1:21.813,historical
68,21,4,4,5,2,1:21.347,1:20.804,1:21.904,historical
69,21,13,6,2,3,1:21.528,1:20.584,1:22.058,historical
70,21,9,2,4,4,1:21.423,1:20.597,1:22.065,historical
71,21,1,1,22,5,1:21.366,1:20.825,1:22.096,historical
72,21,5,1,23,6,1:21.430,1:20.817,1:22.231,historical
73,21,17,9,10,7,1:21.494,1:20.984,1:22.429,historical
74,21,15,7,11,8,1:21.158,1:20.907,1:22.529,historical
75,21,2,2,3,9,1:21.466,1:20.815,1:22.542,historical
76,21,12,4,6,10,1:21.409,1:20.894,1:22.699,historical
77,21,22,11,17,11,1:21.548,1:21.049,NULL,historical
78,21,6,3,8,12,1:21.690,1:21.117,NULL,historical
79,21,18,11,16,13,1:21.757,1:21.211,NULL,historical
80,21,10,7,12,14,1:21.427,1:21.230,NULL,historical
81,21,3,3,7,15,1:21.472,1:21.349,NULL,historical
82,21,7,5,14,16,1:21.540,1:21.724,NULL,historical
83,21,14,9,9,17,1:21.810,NULL,NULL,historical
84,21,20,5,15,18,1:22.108,NULL,NULL,historical
85,21,21,10,21,19,1:22.516,NULL,NULL,historical
86,21,16,10,20,20,1:23.224,NULL,NULL,historical
87,21,19,8,19,21,1:23.318,NULL,NULL,historical
88,21,11,8,18,22,1:23.496,NULL,NULL,historical
89,22,13,6,2,1,1:25.994,1:26.192,1:27.617,historical
90,22,5,1,23,2,1:26.736,1:26.290,1:27.808,historical
91,22,1,1,22,3,1:26.192,1:26.477,1:27.923,historical
92,22,8,6,1,4,1:26.457,1:26.050,1:27.936,historical
93,22,9,2,4,5,1:26.761,1:26.129,1:28.390,historical
94,22,17,9,10,6,1:26.773,1:26.466,1:28.417,historical
95,22,4,4,5,7,1:26.836,1:26.522,1:28.422,historical
96,22,15,7,11,8,1:26.695,1:26.822,1:28.836,historical
97,22,2,2,3,9,1:27.107,1:27.607,1:28.882,historical
98,22,14,9,9,10,1:26.939,1:26.520,1:29.959,historical
99,22,3,3,7,11,1:27.367,1:27.012,NULL,historical
100,22,22,11,17,12,1:27.355,1:27.219,NULL,historical
101,22,18,11,16,13,1:27.428,1:27.298,NULL,historical
102,22,20,5,15,14,1:27.442,1:27.412,NULL,historical
103,22,10,7,12,15,1:26.614,1:27.806,NULL,historical
104,22,6,3,8,16,1:27.547,NULL,NULL,historical
105,22,12,4,6,17,1:27.568,NULL,NULL,historical
106,22,7,5,14,18,1:27.621,NULL,NULL,historical
107,22,21,10,21,19,1:27.807,NULL,NULL,historical
108,22,16,10,20,20,1:28.325,NULL,NULL,historical
109,23,13,6,2,1,1:15.190,1:15.110,1:15.787,historical
110,23,8,6,1,2,1:15.717,1:15.404,1:15.815,historical
111,23,1,1,22,3,1:15.582,1:15.322,1:15.839,historical
112,23,5,1,23,4,1:15.295,1:15.389,1:16.165,historical
113,23,9,2,4,5,1:15.977,1:15.483,1:16.171,historical
114,23,3,3,7,6,1:15.935,1:15.287,1:16.548,historical
115,23,4,4,5,7,1:16.646,1:15.827,1:16.852,historical
116,23,15,7,11,8,1:16.306,1:15.598,1:17.203,historical
117,23,17,9,10,9,1:16.074,1:15.745,1:17.343,historical
118,23,14,9,9,10,1:16.086,1:15.839,NULL,historical
119,23,10,7,12,11,1:16.285,1:15.907,NULL,historical
120,23,18,11,16,12,1:16.259,1:16.101,NULL,historical
121,23,2,2,3,13,1:16.650,1:16.455,NULL,historical
122,23,6,3,8,14,1:16.756,1:16.479,NULL,historical
123,23,22,11,17,15,1:16.208,1:16.537,NULL,historical
124,23,7,5,14,16,1:16.806,NULL,NULL,historical
125,23,12,4,6,17,1:16.933,NULL,NULL,historical
126,23,20,5,15,18,1:16.955,NULL,NULL,historical
127,23,16,10,20,19,1:17.225,NULL,NULL,historical
128,23,21,10,21,20,1:17.823,NULL,NULL,historical
129,24,1,1,22,1,1:16.909,1:17.034,1:17.886,historical
130,24,9,2,4,2,1:17.471,1:17.679,1:18.498,historical
131,24,8,6,1,3,1:17.301,1:17.364,1:18.735,historical
132,24,4,4,5,4,1:17.415,1:17.488,1:18.746,historical
133,24,3,3,7,5,1:17.991,1:17.891,1:18.844,historical
134,24,13,6,2,6,1:17.231,1:17.353,1:19.048,historical
135,24,5,1,23,7,1:17.287,1:17.684,1:19.089,historical
136,24,2,2,3,8,1:18.082,1:17.781,1:19.633,historical
137,24,22,11,17,9,1:18.256,1:18.020,1:20.848,historical
138,24,17,9,10,10,1:17.582,1:17.523,NULL,historical
139,24,10,7,12,11,1:18.321,1:18.031,NULL,historical
140,24,6,3,8,12,1:17.638,1:18.062,NULL,historical
141,24,14,9,9,13,1:18.168,1:18.238,NULL,historical
142,24,15,7,11,14,1:18.039,1:18.327,NULL,historical
143,24,12,4,6,15,1:18.505,1:18.393,NULL,historical
144,24,7,5,14,16,1:18.916,NULL,NULL,historical
145,24,16,10,20,17,1:19.108,NULL,NULL,historical
146,24,21,10,21,18,1:19.165,NULL,NULL,historical
147,24,18,11,16,19,1:23.565,NULL,NULL,historical
148,24,20,5,15,20,NULL,NULL,NULL,historical
149,25,8,6,1,1,1:15.133,1:15.161,1:16.449,historical
150,25,13,6,2,2,1:15.024,1:15.041,1:16.490,historical
151,25,1,1,22,3,1:15.634,1:15.293,1:16.693,historical
152,25,4,4,5,4,1:15.754,1:15.483,1:16.840,historical
153,25,15,7,11,5,1:15.521,1:15.362,1:16.920,historical
154,25,5,1,23,6,1:15.965,1:15.639,1:16.944,historical
155,25,9,2,4,7,1:15.687,1:15.723,1:17.037,historical
156,25,17,9,10,8,1:16.020,1:15.488,1:17.233,historical
157,25,14,9,9,9,1:15.802,1:15.654,1:17.426,historical
158,25,10,7,12,10,1:15.727,1:15.558,1:17.596,historical
159,25,12,4,6,11,1:15.848,1:15.770,NULL,historical
160,25,2,2,3,12,1:16.006,1:15.786,NULL,historical
161,25,20,5,15,13,1:15.918,1:15.816,NULL,historical
162,25,7,5,14,14,1:16.072,1:16.045,NULL,historical
163,25,3,3,7,15,1:16.085,1:16.235,NULL,historical
164,25,6,3,8,16,1:16.243,NULL,NULL,historical
165,25,18,11,16,17,1:16.306,NULL,NULL,historical
166,25,22,11,17,18,1:16.330,NULL,NULL,historical
167,25,21,10,21,19,1:16.971,NULL,NULL,historical
168,25,16,10,20,20,1:17.053,NULL,NULL,historical
169,26,5,1,23,1,1:19.957,1:19.597,1:21.049,historical
170,26,17,9,10,2,1:20.982,1:19.710,1:21.554,historical
171,26,8,6,1,3,1:20.370,1:19.971,1:21.706,historical
172,26,1,1,22,4,1:20.288,1:19.537,1:21.835,historical
173,26,2,2,3,5,1:21.022,1:19.802,1:21.873,historical
174,26,4,4,5,6,1:20.998,1:19.992,1:22.029,historical
175,26,12,4,6,7,1:20.818,1:20.115,1:22.491,historical
176,26,20,5,15,8,1:20.318,1:20.109,1:23.251,historical
177,26,13,6,2,9,1:20.676,1:20.086,1:23.305,historical
178,26,9,2,4,10,1:20.444,1:19.788,NULL,historical
179,26,14,9,9,11,1:21.224,1:20.174,NULL,historical
180,26,10,7,12,12,1:20.893,1:20.274,NULL,historical
181,26,7,5,14,13,1:20.584,1:20.531,NULL,historical
182,26,15,7,11,14,1:21.145,1:20.601,NULL,historical
183,26,6,3,8,15,1:21.407,1:21.112,NULL,historical
184,26,22,11,17,16,1:21.512,NULL,NULL,historical
185,26,18,11,16,17,1:21.631,NULL,NULL,historical
186,26,3,3,7,18,1:21.668,NULL,NULL,historical
187,26,16,10,20,19,1:21.786,NULL,NULL,historical
188,26,21,10,21,20,1:21.885,NULL,NULL,historical
189,27,1,1,22,1,1:15.218,1:14.603,1:15.666,historical
190,27,13,6,2,2,1:14.921,1:14.747,1:15.859,historical
191,27,5,1,23,3,1:15.476,1:14.855,1:16.143,historical
192,27,15,7,11,4,1:15.560,1:15.122,1:16.191,historical
193,27,4,4,5,5,1:15.917,1:14.943,1:16.385,historical
194,27,8,6,1,6,1:15.201,1:14.949,1:16.389,historical
195,27,9,2,4,7,1:15.985,1:15.109,1:16.521,historical
196,27,17,9,10,8,1:15.900,1:15.481,1:17.014,historical
197,27,20,5,15,9,1:15.532,1:15.420,1:17.244,historical
198,27,14,9,9,10,1:15.975,1:15.338,1:17.503,historical
199,27,10,7,12,11,1:15.560,1:15.508,NULL,historical
200,27,2,2,3,12,1:15.596,1:15.581,NULL,historical
201,27,3,3,7,13,1:15.863,1:15.633,NULL,historical
202,27,18,11,16,14,1:15.993,1:15.701,NULL,historical
203,27,7,5,14,15,1:15.927,1:15.858,NULL,historical
204,27,6,3,8,16,1:16.083,NULL,NULL,historical
205,27,12,4,6,17,1:16.189,NULL,NULL,historical
206,27,22,11,17,18,1:16.246,NULL,NULL,historical
207,27,16,10,20,19,1:16.657,NULL,NULL,historical
208,27,21,10,21,20,1:16.963,NULL,NULL,historical
209,28,1,1,22,1,1:19.376,1:19.473,1:20.899,historical
210,28,5,1,23,2,1:19.945,1:19.480,1:21.140,historical
211,28,13,6,2,3,1:19.578,1:19.068,1:21.191,historical
212,28,9,2,4,4,1:20.053,1:19.776,1:21.281,historical
213,28,10,7,12,5,1:19.980,1:19.246,1:21.326,historical
214,28,8,6,1,6,1:20.006,1:19.546,1:21.516,historical
215,28,4,4,5,7,1:20.229,1:19.816,1:21.698,historical
216,28,17,9,10,8,1:20.073,1:20.046,1:21.732,historical
217,28,15,7,11,9,1:19.942,1:19.486,1:21.767,historical
218,28,12,4,6,10,1:20.583,1:20.131,1:22.371,historical
219,28,20,5,15,11,1:20.157,1:20.144,NULL,historical
220,28,18,11,16,12,1:20.888,1:20.332,NULL,historical
221,28,14,9,9,13,1:20.505,1:20.502,NULL,historical
222,28,7,5,14,14,1:20.640,1:20.963,NULL,historical
223,28,3,3,7,15,1:20.748,NULL,NULL,historical
224,28,2,2,3,16,1:21.045,NULL,NULL,historical
225,28,6,3,8,17,1:21.085,NULL,NULL,historical
226,28,22,11,17,18,1:21.332,NULL,NULL,historical
227,28,21,10,21,19,1:21.670,NULL,NULL,historical
228,28,16,10,20,20,1:22.113,NULL,NULL,historical
229,29,13,6,2,1,1:38.176,1:37.859,1:38.989,historical
230,29,1,1,22,2,1:38.464,1:37.954,1:39.199,historical
231,29,9,2,4,3,1:38.347,1:38.050,1:39.392,historical
232,29,8,6,1,4,1:38.703,1:38.229,1:39.488,historical
233,29,5,1,23,5,1:38.656,1:38.120,1:39.937,historical
234,29,20,5,15,6,1:38.141,1:37.842,1:40.142,historical
235,29,15,7,11,7,1:37.948,1:37.928,1:40.309,historical
236,29,2,2,3,8,1:38.738,1:37.859,1:40.631,historical
237,29,3,3,7,9,1:38.595,1:38.336,1:40.721,historical
238,29,7,5,14,10,1:38.622,1:38.417,1:40.750,historical
239,29,6,3,8,11,1:38.667,1:38.428,NULL,historical
240,29,4,4,5,12,1:38.268,1:38.435,NULL,historical
241,29,10,7,12,13,1:38.532,1:38.499,NULL,historical
242,29,17,9,10,14,1:38.559,1:38.515,NULL,historical
243,29,12,4,6,15,1:38.787,1:38.744,NULL,historical
244,29,18,11,16,16,1:38.880,NULL,NULL,historical
245,29,14,9,9,17,1:39.235,NULL,NULL,historical
246,29,21,10,21,18,1:39.268,NULL,NULL,historical
247,29,22,11,17,19,1:39.811,NULL,NULL,historical
248,29,16,10,20,20,1:39.943,NULL,NULL,historical
249,30,1,1,22,1,1:46.887,1:46.088,1:47.338,historical
250,30,13,6,2,2,1:46.873,1:46.391,1:47.678,historical
251,30,5,1,23,3,1:46.812,1:46.037,1:47.815,historical
252,30,8,6,1,4,1:46.960,1:46.298,1:47.992,historical
253,30,2,2,3,5,1:47.419,1:46.311,1:48.315,historical
254,30,4,4,5,6,1:47.154,1:46.491,1:48.504,historical
255,30,17,9,10,7,1:47.270,1:46.814,1:48.736,historical
256,30,9,2,4,8,1:47.093,1:46.494,1:48.763,historical
257,30,7,5,14,9,1:46.777,1:46.544,1:48.951,historical
258,30,20,5,15,10,1:47.152,1:46.804,1:50.319,historical
259,30,15,7,11,11,1:47.400,1:46.949,NULL,historical
260,30,12,4,6,12,1:47.052,1:46.965,NULL,historical
261,30,10,7,12,13,1:47.359,1:46.995,NULL,historical
262,30,14,9,9,14,1:47.132,1:47.018,NULL,historical
263,30,3,3,7,15,1:47.503,1:47.429,NULL,historical
264,30,22,11,17,16,1:48.153,NULL,NULL,historical
265,30,18,11,16,17,1:48.211,NULL,NULL,historical
266,30,16,10,20,18,1:48.226,NULL,NULL,historical
267,30,6,3,8,19,1:48.268,NULL,NULL,historical
268,30,21,10,21,20,1:48.447,NULL,NULL,historical
269,31,20,5,15,1,1:35.464,1:35.837,1:37.555,historical
270,31,5,1,23,2,1:35.214,1:35.843,1:37.631,historical
271,31,17,9,10,3,1:36.001,1:36.306,1:38.117,historical
272,31,7,5,14,4,1:35.543,1:36.175,1:38.445,historical
273,31,3,3,7,5,1:35.485,1:35.898,1:38.767,historical
274,31,13,6,2,6,1:35.536,1:36.676,1:38.894,historical
275,31,15,7,11,7,1:35.906,1:36.008,1:39.152,historical
276,31,4,4,5,8,1:36.297,1:36.518,1:39.751,historical
277,31,10,7,12,9,1:35.737,1:36.525,1:39.787,historical
278,31,2,2,3,10,1:35.709,1:36.626,1:39.906,historical
279,31,9,2,4,11,1:35.553,1:36.697,NULL,historical
280,31,21,10,21,12,1:36.280,1:36.698,NULL,historical
281,31,14,9,9,13,1:36.485,1:37.284,NULL,historical
282,31,8,6,1,14,1:35.965,1:37.522,NULL,historical
283,31,1,1,22,15,1:35.394,1:39.265,NULL,historical
284,31,22,11,17,16,1:36.510,NULL,NULL,historical
285,31,12,4,6,17,1:36.630,NULL,NULL,historical
286,31,6,3,8,18,1:36.653,NULL,NULL,historical
287,31,18,11,16,19,1:37.006,NULL,NULL,historical
288,31,16,10,20,20,1:37.417,NULL,NULL,historical
289,32,13,6,2,1,1:44.519,1:44.014,1:44.801,historical
290,32,1,1,22,2,1:44.501,1:44.932,1:45.465,historical
291,32,8,6,1,3,1:44.282,1:44.232,1:45.617,historical
292,32,9,2,4,4,1:44.740,1:44.519,1:45.779,historical
293,32,5,1,23,5,1:44.311,1:44.207,1:45.873,historical
294,32,2,2,3,6,1:45.548,1:44.520,1:45.964,historical
295,32,20,5,15,7,1:45.042,1:44.261,1:46.244,historical
296,32,10,7,12,8,1:45.184,1:44.441,1:46.328,historical
297,32,3,3,7,9,1:45.103,1:44.429,1:46.611,historical
298,32,6,3,8,10,1:45.127,1:44.826,1:47.547,historical
299,32,15,7,11,11,1:45.642,1:45.038,NULL,historical
300,32,18,11,16,12,1:45.660,1:45.133,NULL,historical
301,32,17,9,10,13,1:45.493,1:45.212,NULL,historical
302,32,14,9,9,14,1:46.028,1:45.298,NULL,historical
303,32,4,4,5,15,1:44.971,NULL,NULL,historical
304,32,12,4,6,16,1:46.037,NULL,NULL,historical
305,32,7,5,14,17,1:46.389,NULL,NULL,historical
306,32,22,11,17,18,1:46.583,NULL,NULL,historical
307,32,16,10,20,19,1:47.940,NULL,NULL,historical
308,32,21,10,21,20,NULL,NULL,NULL,historical
309,33,1,1,22,1,1:18.071,1:17.462,1:18.404,historical
310,33,8,6,1,2,1:18.160,1:17.733,1:18.644,historical
311,33,5,1,23,3,1:18.220,1:17.360,1:18.821,historical
312,33,4,4,5,4,1:18.290,1:17.871,1:18.852,historical
313,33,13,6,2,5,1:18.110,1:17.287,1:18.874,historical
314,33,9,2,4,6,1:18.684,1:17.931,1:18.979,historical
315,33,15,7,11,7,1:18.501,1:17.541,1:19.026,historical
316,33,10,7,12,8,1:17.945,1:17.670,1:19.118,historical
317,33,20,5,15,9,1:18.559,1:17.714,1:19.638,historical
318,33,7,5,14,10,1:18.593,1:18.102,1:20.167,historical
319,33,14,9,9,11,1:18.303,1:18.187,NULL,historical
320,33,12,4,6,12,1:18.300,1:18.274,NULL,historical
321,33,17,9,10,13,1:18.372,1:18.354,NULL,historical
322,33,6,3,8,14,1:18.640,1:18.594,NULL,historical
323,33,3,3,7,15,1:18.740,1:18.672,NULL,historical
324,33,2,2,3,16,1:18.835,NULL,NULL,historical
325,33,22,11,17,17,1:18.882,NULL,NULL,historical
326,33,18,11,16,18,1:19.100,NULL,NULL,historical
327,33,16,10,20,19,1:19.163,NULL,NULL,historical
328,33,21,10,21,20,1:19.910,NULL,NULL,historical
329,34,1,1,22,1,1:35.566,1:34.947,1:36.303,historical
330,34,8,6,1,2,1:35.983,1:35.355,1:36.645,historical
331,34,13,6,2,3,1:35.971,1:35.135,1:36.889,historical
332,34,4,4,5,4,1:35.769,1:35.461,1:36.927,historical
333,34,5,1,23,5,1:35.623,1:35.216,1:36.930,historical
334,34,17,9,10,6,1:36.238,1:35.686,1:37.083,historical
335,34,2,2,3,7,1:36.224,1:35.403,1:37.201,historical
336,34,20,5,15,8,1:35.752,1:35.386,1:37.685,historical
337,34,15,7,11,9,1:36.104,1:35.715,1:37.934,historical
338,34,7,5,14,10,1:36.239,1:35.478,1:38.885,historical
339,34,12,4,6,11,1:36.029,1:35.722,NULL,historical
340,34,9,2,4,12,1:36.503,1:35.814,NULL,historical
341,34,10,7,12,13,1:36.210,1:35.937,NULL,historical
342,34,22,11,17,14,1:36.640,1:36.079,NULL,historical
343,34,3,3,7,15,1:36.434,1:36.210,NULL,historical
344,34,14,9,9,16,1:36.731,NULL,NULL,historical
345,34,6,3,8,17,1:36.863,NULL,NULL,historical
346,34,18,11,16,18,1:37.053,NULL,NULL,historical
347,34,16,10,20,19,1:37.730,NULL,NULL,historical
348,34,21,10,21,20,1:37.739,NULL,NULL,historical
349,35,13,6,2,1,1:11.830,1:11.875,1:12.368,historical
350,35,15,7,11,2,1:12.226,1:12.107,1:12.737,historical
351,35,8,6,1,3,1:12.083,1:11.950,1:12.825,historical
352,35,1,1,22,4,1:12.213,1:11.856,1:12.830,historical
353,35,5,1,23,5,1:12.366,1:11.768,1:12.917,historical
354,35,4,4,5,6,1:12.214,1:12.090,1:12.967,historical
355,35,20,5,15,7,1:12.390,1:11.845,1:13.082,historical
356,35,2,2,3,8,1:12.371,1:12.026,1:13.297,historical
357,35,7,5,14,9,1:12.498,1:12.075,1:14.105,historical
358,35,10,7,12,10,1:12.223,1:11.909,1:14.230,historical
359,35,12,4,6,11,1:12.348,1:12.137,NULL,historical
360,35,17,9,10,12,1:12.409,1:12.289,NULL,historical
361,35,9,2,4,13,1:12.381,1:12.300,NULL,historical
362,35,14,9,9,14,1:12.690,1:12.717,NULL,historical
363,35,22,11,17,15,1:12.548,1:13.139,NULL,historical
364,35,6,3,8,16,1:12.800,NULL,NULL,historical
365,35,18,11,16,17,1:12.810,NULL,NULL,historical
366,35,3,3,7,18,1:13.002,NULL,NULL,historical
367,35,21,10,21,19,1:13.426,NULL,NULL,historical
368,35,16,10,20,20,1:13.508,NULL,NULL,historical
369,36,8,6,6,1,1:26.644,1:25.644,1:26.072,historical
370,36,4,1,1,2,1:26.697,1:25.326,1:26.493,historical
371,36,2,2,9,3,1:26.895,1:25.358,1:26.556,historical
372,36,1,1,2,4,1:26.674,1:25.577,1:26.755,historical
373,36,9,2,10,5,1:26.696,1:25.882,1:27.347,historical
374,36,21,4,3,6,1:27.270,1:25.944,1:27.634,historical
375,36,17,9,15,7,1:26.978,1:26.623,1:27.934,historical
376,36,15,7,12,8,1:27.014,1:26.688,1:28.404,historical
377,36,23,7,11,9,1:27.328,1:26.739,1:28.692,historical
378,36,11,8,22,10,1:27.365,1:26.758,1:28.871,historical
379,36,19,8,23,11,1:26.986,1:26.909,NULL,historical
380,36,3,3,16,12,1:27.596,1:26.914,NULL,historical
381,36,5,4,4,13,1:27.529,1:26.964,NULL,historical
382,36,18,11,7,14,1:27.540,1:27.264,NULL,historical
383,36,25,3,17,15,1:27.479,1:27.393,NULL,historical
384,36,13,6,5,16,1:26.712,NULL,NULL,historical
385,36,22,11,8,17,1:27.679,NULL,NULL,historical
386,36,26,5,19,18,1:28.305,NULL,NULL,historical
387,36,14,9,14,19,1:28.579,NULL,NULL,historical
388,36,24,5,18,20,1:29.267,NULL,NULL,historical
389,36,16,12,20,21,1:29.339,NULL,NULL,historical
390,36,27,12,21,22,1:31.932,NULL,NULL,historical
391,37,13,6,5,1,1:35.340,1:34.454,1:35.043,historical
392,37,4,1,1,2,1:34.942,1:34.057,1:35.310,historical
393,37,8,6,6,3,1:35.138,1:34.687,1:35.479,historical
394,37,1,1,2,4,1:35.028,1:34.650,1:36.045,historical
395,37,2,2,9,5,1:35.617,1:35.203,1:36.543,historical
396,37,3,3,16,6,1:35.755,1:35.380,1:36.829,historical
397,37,9,2,10,7,1:35.294,1:34.739,1:36.839,historical
398,37,15,7,12,8,1:35.666,1:35.255,1:36.902,historical
399,37,23,7,11,9,1:35.736,1:35.595,1:37.078,historical
400,37,17,9,15,10,1:35.727,1:35.579,1:37.345,historical
401,37,5,4,4,11,1:36.092,1:35.630,NULL,historical
402,37,21,4,3,12,1:35.879,1:35.706,NULL,historical
403,37,14,9,14,13,1:35.730,1:35.766,NULL,historical
404,37,11,8,22,14,1:36.430,1:35.945,NULL,historical
405,37,18,11,7,15,1:35.913,1:36.088,NULL,historical
406,37,24,5,18,16,1:36.140,1:36.145,NULL,historical
407,37,26,5,19,17,1:36.578,NULL,NULL,historical
408,37,19,8,23,18,1:36.816,NULL,NULL,historical
409,37,22,11,8,19,1:36.827,NULL,NULL,historical
410,37,25,3,17,20,1:37.326,NULL,NULL,historical
411,37,27,12,21,21,1:38.279,NULL,NULL,historical
412,37,16,12,20,22,1:38.415,NULL,NULL,historical
413,38,13,6,5,1,1:32.443,1:31.359,1:32.652,historical
414,38,1,1,2,2,1:32.580,1:31.752,1:32.935,historical
415,38,8,6,6,3,1:33.161,1:31.812,1:33.131,historical
416,38,4,1,1,4,1:33.049,1:32.214,1:33.192,historical
417,38,2,2,9,5,1:33.164,1:32.154,1:33.404,historical
418,38,9,2,10,6,1:33.348,1:32.292,1:33.710,historical
419,38,21,4,3,7,1:33.556,1:32.889,1:34.056,historical
420,38,17,9,15,8,1:33.496,1:32.808,1:34.106,historical
421,38,15,7,12,9,1:33.218,1:32.429,1:34.154,historical
422,38,3,3,16,10,1:33.349,1:32.815,1:34.399,historical
423,38,25,3,17,11,1:33.759,1:32.915,NULL,historical
424,38,5,4,4,12,1:33.467,1:32.935,NULL,historical
425,38,19,8,23,13,1:33.299,1:33.082,NULL,historical
426,38,23,7,11,14,1:33.923,1:33.294,NULL,historical
427,38,22,11,8,15,1:33.776,1:33.624,NULL,historical
428,38,18,11,7,16,1:33.967,1:33.731,NULL,historical
429,38,11,8,22,17,1:33.984,NULL,NULL,historical
430,38,24,5,18,18,1:34.024,NULL,NULL,historical
431,38,26,5,19,19,1:34.333,NULL,NULL,historical
432,38,16,12,20,20,1:35.280,NULL,NULL,historical
433,38,14,9,14,21,1:35.341,NULL,NULL,historical
434,38,27,12,12,22,1:35.533,NULL,NULL,historical
435,39,13,6,5,1,1:21.375,1:20.597,1:21.421,historical
436,39,4,1,1,2,1:21.609,1:20.797,1:21.451,historical
437,39,8,6,6,3,1:21.802,1:20.741,1:21.723,historical
438,39,1,1,2,4,1:21.120,1:20.713,1:21.785,historical
439,39,9,2,10,5,1:21.941,1:21.381,1:22.253,historical
440,39,15,7,12,6,1:22.501,1:21.554,1:22.324,historical
441,39,2,2,9,7,1:21.625,1:21.113,1:22.389,historical
442,39,5,4,4,8,1:21.790,1:21.623,1:22.568,historical
443,39,14,9,14,9,1:22.491,1:21.488,1:22.749,historical
444,39,21,4,3,10,1:22.064,1:21.677,1:22.881,historical
445,39,3,3,16,11,1:21.943,1:21.968,NULL,historical
446,39,22,11,8,12,1:22.502,1:22.097,NULL,historical
447,39,11,8,22,13,1:22.090,1:22.115,NULL,historical
448,39,18,11,7,14,1:22.503,1:22.120,NULL,historical
449,39,19,8,23,15,1:22.295,NULL,NULL,historical
450,39,24,5,18,16,1:22.508,NULL,NULL,historical
451,39,23,7,11,17,1:22.666,NULL,NULL,historical
452,39,25,3,17,18,1:22.769,NULL,NULL,historical
453,39,17,9,15,19,1:23.398,NULL,NULL,historical
454,39,16,12,20,20,1:23.811,NULL,NULL,historical
455,39,27,12,21,21,1:23.990,NULL,NULL,historical
456,39,26,5,19,22,NULL,NULL,NULL,historical
457,40,4,1,1,1,1:16.059,1:15.431,1:15.726,historical
458,40,1,1,2,2,1:15.685,1:15.479,1:15.905,historical
459,40,13,6,5,3,1:16.786,1:16.034,1:15.967,historical
460,40,21,4,3,4,1:17.596,1:16.054,1:16.285,historical
461,40,3,3,16,5,1:16.870,1:16.100,1:16.439,historical
462,40,17,9,15,6,1:17.816,1:16.420,1:16.784,historical
463,40,2,2,9,7,1:17.385,1:15.733,1:16.832,historical
464,40,9,2,10,8,1:17.584,1:15.576,1:16.955,historical
465,40,22,11,8,9,1:17.244,1:16.454,1:17.498,historical
466,40,18,11,7,10,1:17.297,1:16.457,1:17.939,historical
467,40,25,3,17,11,1:17.874,1:16.662,NULL,historical
468,40,24,5,18,12,1:16.720,1:16.703,NULL,historical
469,40,14,9,14,13,1:17.204,1:16.319,NULL,historical
470,40,15,7,12,14,1:17.686,1:16.988,NULL,historical
471,40,5,4,4,15,1:17.836,1:17.125,NULL,historical
472,40,8,6,6,16,1:16.251,NULL,NULL,historical
473,40,19,8,23,17,1:18.250,NULL,NULL,historical
474,40,26,5,19,18,1:18.390,NULL,NULL,historical
475,40,16,12,20,19,1:18.418,NULL,NULL,historical
476,40,23,7,11,20,1:18.539,NULL,NULL,historical
477,40,11,8,22,21,1:18.554,NULL,NULL,historical
478,40,27,12,21,22,NULL,NULL,NULL,historical
479,41,1,1,2,1,1:16.576,1:15.486,1:15.707,historical
480,41,4,1,1,2,1:16.562,1:15.522,1:16.163,historical
481,41,2,2,9,3,1:17.006,1:15.960,1:16.266,historical
482,41,8,6,6,4,1:16.468,1:16.592,1:16.411,historical
483,41,13,6,5,5,1:16.756,1:16.138,1:16.570,historical
484,41,17,9,15,6,1:17.315,1:16.257,1:16.913,historical
485,41,3,3,16,7,1:17.016,1:16.190,1:16.919,historical
486,41,9,2,10,8,1:17.267,1:16.368,1:16.993,historical
487,41,21,4,3,9,1:16.805,1:16.288,1:17.229,historical
488,41,15,7,12,10,1:17.324,1:16.600,1:17.747,historical
489,41,11,8,22,11,1:17.490,1:16.743,NULL,historical
490,41,24,5,18,12,1:17.541,1:16.760,NULL,historical
491,41,22,11,8,13,1:17.011,1:17.116,NULL,historical
492,41,14,9,14,14,1:17.436,1:17.304,NULL,historical
493,41,18,11,7,15,1:17.522,1:17.541,NULL,historical
494,41,26,5,19,16,1:17.433,1:17.571,NULL,historical
495,41,19,8,23,17,1:17.542,NULL,NULL,historical
496,41,23,7,11,18,1:17.634,NULL,NULL,historical
497,41,25,3,17,19,1:18.089,NULL,NULL,historical
498,41,16,12,20,20,1:18.536,NULL,NULL,historical
499,41,27,12,21,21,1:19.196,NULL,NULL,historical
500,41,5,4,4,22,1:17.806,NULL,NULL,historical
501,42,1,1,2,1,1:12.563,1:12.065,1:12.331,historical
502,42,4,1,1,2,1:12.416,1:11.926,1:12.500,historical
503,42,13,6,5,3,1:12.731,1:12.180,1:12.703,historical
504,42,8,6,6,4,1:12.732,1:12.111,1:12.839,historical
505,42,2,2,9,5,1:12.543,1:12.188,1:12.847,historical
506,42,5,4,4,6,1:12.998,1:12.599,1:13.308,historical
507,42,20,2,10,7,1:12.711,1:12.644,1:13.513,historical
508,42,15,7,12,8,1:13.186,1:12.828,1:13.789,historical
509,42,17,9,15,9,1:13.425,1:12.788,1:13.871,historical
510,42,21,4,3,10,1:13.168,1:12.603,1:13.953,historical
511,42,14,9,14,11,1:13.424,1:12.873,NULL,historical
512,42,23,7,11,12,1:12.851,1:12.920,NULL,historical
513,42,18,11,7,13,1:13.306,1:12.998,NULL,historical
514,42,3,3,16,14,1:13.128,1:13.060,NULL,historical
515,42,22,11,8,15,1:13.203,1:13.201,NULL,historical
516,42,19,8,23,16,1:13.164,1:13.259,NULL,historical
517,42,25,3,17,17,1:13.441,NULL,NULL,historical
518,42,11,8,22,18,1:13.477,NULL,NULL,historical
519,42,24,5,18,19,1:13.484,NULL,NULL,historical
520,42,26,5,19,20,1:13.712,NULL,NULL,historical
521,42,16,12,20,21,1:14.122,NULL,NULL,historical
522,42,27,12,21,22,1:14.597,NULL,NULL,historical
523,43,13,6,5,1,1:15.303,1:14.822,1:15.034,historical
524,43,1,1,2,2,1:14.805,1:14.795,1:15.104,historical
525,43,8,6,6,3,1:14.872,1:14.828,1:15.257,historical
526,43,9,2,10,4,1:15.778,1:15.066,1:15.493,historical
527,43,21,4,3,5,1:16.047,1:15.227,1:15.674,historical
528,43,5,4,4,6,1:15.524,1:15.272,1:15.826,historical
529,43,2,2,9,7,1:15.783,1:15.149,1:15.900,historical
530,43,15,7,12,8,1:16.118,1:15.379,1:15.935,historical
531,43,3,3,16,9,1:16.092,1:15.331,1:16.328,historical
532,43,4,1,1,10,1:15.322,1:15.084,NULL,historical
533,43,23,7,11,11,1:15.760,1:15.534,NULL,historical
534,43,18,11,7,12,1:16.113,1:15.584,NULL,historical
535,43,22,11,8,13,1:16.140,1:15.761,NULL,historical
536,43,17,9,15,14,1:15.746,1:15.806,NULL,historical
537,43,26,5,19,15,1:15.980,1:16.049,NULL,historical
538,43,14,9,14,16,1:15.915,NULL,NULL,historical
539,43,24,5,18,17,1:16.142,NULL,NULL,historical
540,43,25,3,17,18,1:16.241,NULL,NULL,historical
541,43,19,8,23,19,1:16.366,NULL,NULL,historical
542,43,27,12,21,20,1:17.826,NULL,NULL,historical
543,43,16,12,20,21,1:17.915,NULL,NULL,historical
544,43,11,8,22,22,1:16.244,NULL,NULL,historical
545,44,1,1,2,1,1:19.885,1:19.400,1:19.997,historical
546,44,8,6,6,2,1:19.753,1:19.252,1:20.099,historical
547,44,4,1,1,3,1:19.330,1:19.152,1:20.147,historical
548,44,13,6,5,4,1:19.790,1:19.421,1:20.265,historical
549,44,9,2,10,5,1:20.294,1:20.054,1:20.401,historical
550,44,23,7,11,6,1:20.513,1:19.860,1:20.516,historical
551,44,5,4,4,7,1:20.570,1:20.077,1:20.721,historical
552,44,21,4,3,8,1:20.842,1:20.042,1:20.775,historical
553,44,2,2,9,9,1:20.534,1:20.178,1:20.894,historical
554,44,15,7,12,10,1:21.150,1:20.133,1:21.240,historical
555,44,17,9,15,11,1:20.583,1:20.235,NULL,historical
556,44,14,9,14,12,1:21.154,1:20.329,NULL,historical
557,44,25,3,17,13,1:20.830,1:20.350,NULL,historical
558,44,22,11,8,14,1:21.169,1:20.364,NULL,historical
559,44,26,5,19,15,1:20.834,1:20.515,NULL,historical
560,44,24,5,18,16,1:21.160,1:20.823,NULL,historical
561,44,3,3,16,17,1:21.219,NULL,NULL,historical
562,44,18,11,7,18,1:21.335,NULL,NULL,historical
563,44,19,8,23,19,1:21.448,NULL,NULL,historical
564,44,16,12,20,20,1:22.019,NULL,NULL,historical
565,44,11,8,22,21,1:22.045,NULL,NULL,historical
566,44,27,12,21,22,1:22.586,NULL,NULL,historical
567,45,8,6,6,1,1:31.522,1:31.237,1:31.450,historical
568,45,4,1,1,2,1:31.074,1:30.983,1:31.741,historical
569,45,13,6,5,3,1:31.447,1:30.912,1:31.778,historical
570,45,2,2,9,4,1:31.889,1:31.652,1:31.840,historical
571,45,9,2,10,5,1:31.961,1:31.444,1:32.123,historical
572,45,17,9,15,6,1:32.629,1:31.661,1:32.476,historical
573,45,5,4,4,7,1:32.594,1:31.783,1:32.478,historical
574,45,15,7,12,8,1:32.381,1:31.859,1:32.501,historical
575,45,23,7,11,9,1:32.446,1:31.843,1:32.570,historical
576,45,1,1,2,10,1:31.587,1:31.185,1:33.833,historical
577,45,3,3,16,11,1:32.117,1:31.978,NULL,historical
578,45,25,3,17,12,1:32.173,1:31.996,NULL,historical
579,45,21,4,3,13,1:32.378,1:32.010,NULL,historical
580,45,22,11,8,14,1:32.674,1:32.221,NULL,historical
581,45,19,8,23,15,1:32.793,1:32.451,NULL,historical
582,45,11,8,22,16,1:32.678,1:32.838,NULL,historical
583,45,18,11,7,17,1:32.983,NULL,NULL,historical
584,45,26,5,19,18,1:33.038,NULL,NULL,historical
585,45,24,5,18,19,1:33.148,NULL,NULL,historical
586,45,14,9,14,20,1:33.151,NULL,NULL,historical
587,45,16,12,20,21,1:34.500,NULL,NULL,historical
588,45,28,12,21,22,1:35.940,NULL,NULL,historical
589,46,4,1,1,1,1:20.425,1:19.661,1:19.674,historical
590,46,1,1,2,2,1:19.570,1:19.301,1:19.781,historical
591,46,2,2,9,3,1:20.751,1:20.322,1:20.259,historical
592,46,8,6,6,4,1:20.435,1:20.107,1:20.410,historical
593,46,3,3,16,5,1:20.547,1:20.188,1:20.632,historical
594,46,23,7,11,6,1:20.449,1:20.455,1:20.714,historical
595,46,9,2,10,7,1:20.366,1:20.703,1:20.876,historical
596,46,21,4,3,8,1:21.645,1:20.590,1:21.079,historical
597,46,15,7,12,9,1:20.481,1:19.951,1:21.206,historical
598,46,17,9,15,10,1:20.794,1:20.439,1:21.256,historical
599,46,14,9,14,11,1:21.291,1:20.718,NULL,historical
600,46,5,4,4,12,1:20.285,1:20.779,NULL,historical
601,46,25,3,17,13,1:21.243,1:20.865,NULL,historical
602,46,13,6,5,14,1:20.408,1:21.021,NULL,historical
603,46,19,8,23,15,1:21.018,1:21.127,NULL,historical
604,46,24,5,18,16,1:21.730,1:21.993,NULL,historical
605,46,18,11,7,17,1:21.737,NULL,NULL,historical
606,46,22,11,8,18,1:21.877,NULL,NULL,historical
607,46,11,8,22,19,1:22.143,NULL,NULL,historical
608,46,20,5,19,20,1:22.177,NULL,NULL,historical
609,46,16,12,20,21,1:22.737,NULL,NULL,historical
610,46,29,12,21,22,1:23.774,NULL,NULL,historical
611,47,13,6,5,1,1:27.488,1:27.039,1:27.329,historical
612,47,1,1,2,2,1:27.513,1:26.936,1:27.373,historical
613,47,8,6,6,3,1:27.294,1:26.902,1:27.546,historical
614,47,4,1,1,4,1:27.328,1:26.841,1:27.574,historical
615,47,9,2,10,5,1:27.997,1:27.253,1:27.722,historical
616,47,2,2,9,6,1:28.099,1:27.253,1:28.037,historical
617,47,5,4,4,7,1:28.127,1:27.039,1:28.491,historical
618,47,3,3,16,8,1:28.275,1:27.750,1:28.501,historical
619,47,15,7,12,9,1:28.318,1:27.801,1:28.740,historical
620,47,21,4,3,10,1:28.313,1:27.880,1:29.322,historical
621,47,19,8,23,11,1:28.304,1:28.002,NULL,historical
622,47,17,9,15,12,1:28.500,1:28.013,NULL,historical
623,47,14,9,14,13,1:28.395,1:28.100,NULL,historical
624,47,25,3,17,14,1:28.360,1:28.390,NULL,historical
625,47,24,5,18,15,1:28.798,NULL,NULL,historical
626,47,23,7,11,16,1:28.809,NULL,NULL,historical
627,47,11,8,22,17,1:28.953,NULL,NULL,historical
628,47,20,5,19,18,1:29.408,NULL,NULL,historical
629,47,16,12,20,19,1:29.861,NULL,NULL,historical
630,47,29,12,21,20,1:31.479,NULL,NULL,historical
631,47,18,11,7,21,1:28.373,1:28.220,NULL,historical
632,47,22,11,8,22,1:28.792,1:28.188,NULL,historical
633,48,4,1,1,1,1:21.718,1:21.356,1:21.997,historical
634,48,1,1,2,2,1:21.956,1:21.746,1:22.034,historical
635,48,13,6,5,3,1:22.309,1:21.993,1:22.549,historical
636,48,2,2,9,4,1:23.107,1:22.466,1:23.174,historical
637,48,8,6,6,5,1:22.673,1:22.369,1:23.183,historical
638,48,9,2,10,6,1:23.088,1:22.400,1:23.446,historical
639,48,5,4,4,7,1:23.505,1:23.134,1:24.102,historical
640,48,3,3,16,8,1:23.333,1:22.748,1:24.382,historical
641,48,15,7,12,9,1:23.724,1:23.107,1:24.555,historical
642,48,18,11,7,10,1:23.639,1:23.021,1:25.165,historical
643,48,17,9,15,11,1:23.575,1:23.166,NULL,historical
644,48,22,11,8,12,1:23.474,1:23.176,NULL,historical
645,48,25,3,17,13,1:23.739,1:23.209,NULL,historical
646,48,19,8,23,14,1:23.646,1:23.274,NULL,historical
647,48,21,4,3,15,1:23.559,1:23.325,NULL,historical
648,48,20,5,19,16,1:23.578,1:23.351,NULL,historical
649,48,11,8,22,17,1:23.749,NULL,NULL,historical
650,48,23,7,11,18,1:23.787,NULL,NULL,historical
651,48,24,5,18,19,1:23.886,NULL,NULL,historical
652,48,14,9,14,20,1:24.019,NULL,NULL,historical
653,48,16,12,20,21,1:24.699,NULL,NULL,historical
654,48,29,12,21,22,1:25.084,NULL,NULL,historical
655,49,8,6,6,1,1:46.242,1:45.070,1:45.994,historical
656,49,13,6,5,2,1:46.060,1:45.173,1:46.011,historical
657,49,4,1,1,3,1:46.058,1:45.442,1:46.091,historical
658,49,1,1,2,4,1:46.437,1:45.132,1:46.406,historical
659,49,3,3,16,5,1:46.950,1:46.469,1:47.334,historical
660,49,2,2,9,6,1:46.923,1:45.994,1:47.409,historical
661,49,17,9,15,7,1:47.084,1:46.426,1:47.524,historical
662,49,15,7,12,8,1:47.143,1:46.480,1:47.798,historical
663,49,5,4,4,9,1:46.971,1:46.240,1:48.505,historical
664,49,23,7,11,10,1:47.300,1:46.618,NULL,historical
665,49,14,9,14,11,1:47.340,1:46.800,NULL,historical
666,49,18,11,7,12,1:47.474,1:46.955,NULL,historical
667,49,24,5,18,13,1:47.576,1:47.115,NULL,historical
668,49,9,2,10,14,1:46.707,1:45.885,1:46.996,historical
669,49,25,3,17,15,1:47.522,1:47.394,NULL,historical
670,49,20,5,19,16,1:47.581,NULL,NULL,historical
671,49,22,11,8,17,1:47.954,NULL,NULL,historical
672,49,11,8,22,18,1:47.980,NULL,NULL,historical
673,49,16,12,20,19,1:48.044,NULL,NULL,historical
674,49,19,8,23,20,1:48.199,NULL,NULL,historical
675,49,29,12,21,21,1:49.557,NULL,NULL,historical
676,49,21,4,3,22,1:47.143,1:46.603,NULL,historical
677,50,1,1,2,1,1:25.489,1:24.753,1:25.368,historical
678,50,4,1,1,2,1:25.379,1:24.806,1:25.438,historical
679,50,8,6,6,3,1:25.390,1:24.988,1:25.516,historical
680,50,13,6,5,4,1:25.359,1:25.049,1:25.765,historical
681,50,2,2,9,5,1:25.971,1:25.248,1:26.505,historical
682,50,18,11,7,6,1:26.614,1:25.454,1:26.913,historical
683,50,17,9,15,7,1:25.970,1:25.535,1:26.914,historical
684,50,20,5,19,8,1:26.025,1:25.909,1:26.973,historical
685,50,9,2,10,9,1:26.300,1:25.530,1:27.225,historical
686,50,21,4,3,10,1:26.909,1:26.033,NULL,historical
687,50,5,4,4,11,1:27.223,1:26.232,NULL,historical
688,50,14,9,14,12,1:26.904,1:26.247,NULL,historical
689,50,15,7,12,13,1:26.711,1:26.253,NULL,historical
690,50,24,5,18,14,1:27.234,1:26.948,NULL,historical
691,50,23,7,11,15,1:27.191,NULL,NULL,historical
692,50,3,3,16,16,1:26.579,1:25.816,1:26.728,historical
693,50,22,11,8,17,1:27.323,NULL,NULL,historical
694,50,25,3,17,18,1:27.454,NULL,NULL,historical
695,50,19,8,23,19,1:27.564,NULL,NULL,historical
696,50,16,12,20,20,1:28.628,NULL,NULL,historical
697,50,11,8,22,21,1:28.762,NULL,NULL,historical
698,50,29,12,21,22,1:29.668,NULL,NULL,historical
699,51,1,1,2,1,1:35.798,1:35.898,1:35.908,historical
700,51,8,6,6,2,1:35.692,1:35.381,1:36.044,historical
701,51,13,6,5,3,1:35.792,1:35.796,1:36.221,historical
702,51,4,1,1,4,1:35.809,1:35.845,1:36.576,historical
703,51,14,9,14,5,1:36.930,1:36.252,1:37.619,historical
704,51,23,7,11,6,1:37.135,1:36.709,1:38.013,historical
705,51,17,9,15,7,1:37.199,1:36.602,1:38.153,historical
706,51,2,2,9,8,1:36.737,1:36.217,1:38.455,historical
707,51,9,2,10,9,1:36.309,1:36.116,1:38.472,historical
708,51,18,11,7,10,1:37.092,1:36.771,1:39.285,historical
709,51,24,5,18,11,1:37.047,1:36.862,NULL,historical
710,51,15,7,12,12,1:37.209,1:36.959,NULL,historical
711,51,5,4,4,13,1:37.225,1:36.991,NULL,historical
712,51,19,8,23,14,1:37.203,1:37.247,NULL,historical
713,51,3,3,16,15,1:37.144,1:37.483,NULL,historical
714,51,22,11,8,16,1:37.251,NULL,NULL,historical
715,51,20,5,19,17,1:37.006,1:36.891,NULL,historical
716,51,21,4,3,18,1:37.290,NULL,NULL,historical
717,51,25,3,17,19,1:37.456,NULL,NULL,historical
718,51,11,8,22,20,1:38.218,NULL,NULL,historical
719,51,16,12,20,21,1:38.668,NULL,NULL,historical
720,51,29,12,21,22,1:39.336,NULL,NULL,historical
721,52,13,6,5,1,1:12.303,1:12.374,1:11.931,historical
722,52,1,1,2,2,1:13.033,1:12.296,1:12.082,historical
723,52,8,6,6,3,1:13.016,1:12.161,1:12.322,historical
724,52,4,1,1,4,1:12.895,1:12.637,1:12.356,historical
725,52,17,9,15,5,1:13.081,1:12.683,1:12.928,historical
726,52,2,2,9,6,1:13.472,1:12.888,1:13.081,historical
727,52,9,2,10,7,1:13.085,1:12.641,1:13.129,historical
728,52,15,7,12,8,1:13.470,1:12.832,1:13.195,historical
729,52,14,9,14,9,1:13.264,1:12.846,1:13.272,historical
730,52,3,3,16,10,1:13.707,1:12.752,1:13.477,historical
731,52,22,11,8,11,1:13.661,1:12.932,NULL,historical
732,52,21,4,3,12,1:13.482,1:12.968,NULL,historical
733,52,20,5,19,13,1:13.853,1:13.058,NULL,historical
734,52,24,5,18,14,1:13.607,1:13.251,NULL,historical
735,52,23,7,11,15,1:13.767,1:13.315,NULL,historical
736,52,18,11,7,16,1:14.054,1:13.469,NULL,historical
737,52,5,4,4,17,1:14.078,NULL,NULL,historical
738,52,11,8,22,18,1:14.098,NULL,NULL,historical
739,52,6,3,17,19,1:14.417,NULL,NULL,historical
740,52,19,8,23,20,1:14.596,NULL,NULL,historical
741,52,16,12,20,21,1:15.217,NULL,NULL,historical
742,52,29,12,21,22,1:15.487,NULL,NULL,historical
743,53,30,6,5,1,1:33.310,1:32.025,1:31.431,historical
744,53,13,6,6,2,1:33.579,1:32.014,1:31.478,historical
745,53,18,11,12,3,1:32.603,1:32.025,1:31.549,historical
746,53,4,4,1,4,1:32.433,1:31.215,1:31.702,historical
747,53,31,1,4,5,1:33.233,1:31.487,1:32.164,historical
748,53,22,11,11,6,1:33.922,1:32.322,1:32.579,historical
749,53,17,3,9,7,1:33.454,1:32.309,1:33.006,historical
750,53,32,9,15,8,1:34.308,1:32.106,1:33.112,historical
751,53,21,4,2,9,1:32.934,1:31.831,1:33.496,historical
752,53,2,2,16,10,1:33.374,1:31.958,1:33.926,historical
753,53,35,2,17,11,1:33.882,1:32.456,NULL,historical
754,53,3,3,10,12,1:32.945,1:32.620,NULL,historical
755,53,14,9,14,13,1:33.678,1:32.850,NULL,historical
756,53,15,7,8,14,1:33.987,1:33.066,NULL,historical
757,53,24,5,20,15,1:34.439,1:33.416,NULL,historical
758,53,26,5,21,16,1:33.995,1:34.606,NULL,historical
759,53,23,7,7,17,1:34.702,NULL,NULL,historical
760,53,27,13,19,18,1:35.724,NULL,NULL,historical
761,53,33,13,18,19,1:35.900,NULL,NULL,historical
762,53,11,8,22,20,1:37.411,NULL,NULL,historical
763,53,34,8,23,21,1:40.270,NULL,NULL,historical
764,53,8,1,3,22,NULL,NULL,NULL,historical
765,54,21,4,2,1,1:35.488,1:33.623,1:33.840,historical
766,54,18,11,12,2,1:35.023,1:33.527,1:33.986,historical
767,54,3,3,10,3,1:35.105,1:34.563,1:34.626,historical
768,54,30,6,5,4,1:35.810,1:34.574,1:34.668,historical
769,54,17,3,9,5,1:35.252,1:34.279,1:34.672,historical
770,54,31,1,4,6,1:34.536,1:34.568,1:34.916,historical
771,54,8,1,3,7,1:34.667,1:34.351,1:34.983,historical
772,54,4,4,1,8,1:35.514,1:33.997,1:35.747,historical
773,54,32,9,15,9,1:35.171,1:34.537,1:38.715,historical
774,54,23,7,7,10,1:35.214,1:34.586,NULL,historical
775,54,14,9,14,11,1:34.839,1:34.614,NULL,historical
776,54,22,11,11,12,1:35.526,1:34.683,NULL,historical
777,54,15,7,8,13,1:35.517,1:34.702,NULL,historical
778,54,35,2,17,14,1:35.391,1:34.752,NULL,historical
779,54,2,2,16,15,1:35.588,1:34.783,NULL,historical
780,54,13,6,6,16,1:35.091,NULL,NULL,historical
781,54,26,5,21,17,1:36.297,NULL,NULL,historical
782,54,24,5,20,18,1:36.581,NULL,NULL,historical
783,54,27,13,19,19,1:37.426,NULL,NULL,historical
784,54,33,13,18,20,1:37.819,NULL,NULL,historical
785,54,11,8,22,21,1:39.011,NULL,NULL,historical
786,54,34,8,23,22,1:40.720,NULL,NULL,historical
787,55,18,11,12,1,1:28.081,1:26.337,1:25.229,historical
788,55,21,4,2,2,1:27.765,1:26.196,1:25.635,historical
789,55,4,4,1,3,1:28.569,1:25.729,1:25.778,historical
790,55,8,1,3,4,1:27.193,1:26.161,1:25.822,historical
791,55,31,1,4,5,1:27.079,1:25.902,1:25.976,historical
792,55,23,7,7,6,1:28.007,1:26.596,1:26.612,historical
793,55,17,3,9,7,1:27.669,1:26.075,1:26.937,historical
794,55,2,2,16,8,1:27.796,1:26.014,1:27.579,historical
795,55,35,2,17,9,1:28.460,1:26.714,1:29.239,historical
796,55,15,7,8,10,1:27.748,1:26.327,NULL,historical
797,55,30,6,5,11,1:28.228,1:26.718,NULL,historical
798,55,14,9,14,12,1:28.408,1:27.023,NULL,historical
799,55,24,5,20,13,1:28.999,1:27.219,NULL,historical
800,55,32,9,15,14,1:28.757,1:27.591,NULL,historical
801,55,3,3,10,15,1:28.351,1:29.422,NULL,historical
802,55,13,6,6,16,1:28.868,NULL,NULL,historical
803,55,22,11,11,17,1:29.943,NULL,NULL,historical
804,55,27,13,19,18,1:30.226,NULL,NULL,historical
805,55,26,5,21,19,1:30.426,NULL,NULL,historical
806,55,33,13,18,20,1:30.709,NULL,NULL,historical
807,55,11,8,22,21,1:32.279,NULL,NULL,historical
808,55,34,8,23,22,1:36.164,NULL,NULL,historical
809,56,30,6,5,1,1:24.598,1:22.579,1:22.795,historical
810,56,18,11,12,2,1:24.480,1:23.749,1:22.988,historical
811,56,22,11,11,3,1:24.727,1:23.760,1:23.242,historical
812,56,13,6,6,4,1:24.884,1:23.595,1:23.702,historical
813,56,4,4,1,5,1:23.536,1:23.743,1:23.709,historical
814,56,23,7,7,6,1:24.370,1:23.565,1:23.772,historical
815,56,31,1,4,7,1:24.960,1:23.760,1:24.021,historical
816,56,8,1,3,8,1:24.259,1:23.190,1:24.158,historical
817,56,15,7,8,9,1:24.446,1:23.727,1:24.172,historical
818,56,17,3,9,10,1:24.992,1:23.718,1:24.795,historical
819,56,21,4,2,11,1:24.434,1:23.771,NULL,historical
820,56,35,2,17,12,1:25.081,1:23.887,NULL,historical
821,56,3,3,10,13,1:24.495,1:23.966,NULL,historical
822,56,14,9,14,14,1:24.849,1:24.101,NULL,historical
823,56,2,2,16,15,1:25.410,1:24.129,NULL,historical
824,56,24,5,20,16,1:24.879,1:24.520,NULL,historical
825,56,32,9,15,17,1:25.410,NULL,NULL,historical
826,56,26,5,21,18,1:25.437,NULL,NULL,historical
827,56,33,13,18,19,1:26.820,NULL,NULL,historical
828,56,27,13,19,20,1:27.088,NULL,NULL,historical
829,56,11,8,22,21,1:27.609,NULL,NULL,historical
830,56,34,8,23,22,1:29.282,NULL,NULL,historical
831,57,4,4,1,1,1:31.138,1:30.336,1:29.816,historical
832,57,30,6,5,2,1:31.235,1:30.013,1:30.028,historical
833,57,13,6,6,3,1:31.921,1:30.732,1:30.407,historical
834,57,22,11,11,4,1:31.671,1:30.469,1:30.754,historical
835,57,8,1,3,5,1:31.263,1:30.203,1:30.933,historical
836,57,18,11,12,6,1:31.420,1:30.755,1:30.940,historical
837,57,15,7,8,7,1:31.809,1:30.733,1:31.419,historical
838,57,35,2,17,8,1:31.545,1:30.865,1:31.542,historical
839,57,31,1,4,9,1:31.774,1:30.671,1:31.880,historical
840,57,17,3,9,10,1:31.712,1:30.892,1:33.405,historical
841,57,23,7,7,11,1:31.470,1:30.944,NULL,historical
842,57,3,3,10,12,1:32.053,1:31.194,NULL,historical
843,57,21,4,2,13,1:31.574,1:31.197,NULL,historical
844,57,14,9,14,14,1:31.742,1:31.227,NULL,historical
845,57,2,2,16,15,1:31.457,1:31.422,NULL,historical
846,57,24,5,20,16,1:32.651,1:31.728,NULL,historical
847,57,32,9,15,17,1:32.901,NULL,NULL,historical
848,57,27,13,19,18,1:32.936,NULL,NULL,historical
849,57,26,5,21,19,1:32.992,NULL,NULL,historical
850,57,33,13,18,20,1:33.658,NULL,NULL,historical
851,57,11,8,22,21,1:35.239,NULL,NULL,historical
852,57,36,8,23,22,1:46.505,NULL,NULL,historical
853,58,4,4,1,1,1:15.816,1:15.124,1:14.648,historical
854,58,21,4,2,2,1:16.046,1:14.766,1:14.709,historical
855,58,30,6,5,3,1:16.049,1:14.637,1:14.970,historical
856,58,13,6,6,4,1:16.359,1:15.245,1:15.442,historical
857,58,22,11,11,5,1:16.266,1:15.258,1:15.885,historical
858,58,23,7,7,6,1:16.234,1:15.164,1:15.885,historical
859,58,15,7,8,7,1:16.174,1:15.068,1:15.976,historical
860,58,18,11,12,8,1:16.054,1:15.150,1:16.008,historical
861,58,8,1,3,9,1:16.613,1:15.422,1:16.015,historical
862,58,2,2,16,10,1:16.322,1:15.468,1:17.144,historical
863,58,17,3,9,11,1:16.685,1:15.502,NULL,historical
864,58,31,1,4,12,1:16.195,1:15.801,NULL,historical
865,58,3,3,10,13,1:17.213,1:15.804,NULL,historical
866,58,35,2,17,14,1:16.066,1:15.847,NULL,historical
867,58,32,9,15,15,1:16.627,1:15.928,NULL,historical
868,58,24,5,20,16,1:17.105,1:16.661,NULL,historical
869,58,26,5,21,17,1:17.361,NULL,NULL,historical
870,58,33,13,18,18,1:17.702,NULL,NULL,historical
871,58,27,13,19,19,1:18.024,NULL,NULL,historical
872,58,11,8,22,20,1:18.920,NULL,NULL,historical
873,58,36,8,23,21,1:20.763,NULL,NULL,historical
874,58,14,9,14,22,NULL,NULL,NULL,historical
875,59,4,4,1,1,1:14.232,1:13.622,1:13.962,historical
876,59,17,3,9,2,1:14.305,1:13.728,1:14.082,historical
877,59,8,1,3,3,1:13.887,1:13.532,1:14.140,historical
878,59,31,1,4,4,1:14.483,1:14.295,1:14.664,historical
879,59,22,11,11,5,1:14.766,1:14.312,1:15.804,historical
880,59,15,7,8,6,1:14.883,1:14.211,1:15.857,historical
881,59,14,9,14,7,1:15.090,1:13.687,1:16.426,historical
882,59,3,3,10,8,1:14.888,1:13.909,1:16.636,historical
883,59,21,4,2,9,1:14.614,1:13.647,1:17.260,historical
884,59,23,7,7,10,1:14.412,1:14.398,NULL,historical
885,59,32,9,15,11,1:14.489,1:14.747,NULL,historical
886,59,24,5,20,12,1:15.314,1:14.969,NULL,historical
887,59,18,11,12,13,1:15.085,1:14.982,NULL,historical
888,59,35,2,17,14,1:15.316,1:15.052,NULL,historical
889,59,2,2,16,15,1:15.324,1:15.137,NULL,historical
890,59,27,13,19,16,1:15.598,NULL,NULL,historical
891,59,33,13,18,17,1:15.993,NULL,NULL,historical
892,59,26,5,21,18,1:16.236,NULL,NULL,historical
893,59,11,8,22,19,1:17.276,NULL,NULL,historical
894,59,36,8,23,20,1:17.502,NULL,NULL,historical
895,59,13,6,6,21,NULL,NULL,NULL,historical
896,59,30,6,5,22,NULL,NULL,NULL,historical
897,60,4,4,1,1,1:21.018,1:20.271,1:20.253,historical
898,60,8,1,3,2,1:21.648,1:20.497,1:20.397,historical
899,60,30,6,5,3,1:22.096,1:20.659,1:20.574,historical
900,60,13,6,6,4,1:21.647,1:20.846,1:20.764,historical
901,60,21,4,2,5,1:22.411,1:20.594,1:20.919,historical
902,60,22,11,11,6,1:22.965,1:20.929,1:20.943,historical
903,60,23,7,7,7,1:22.886,1:21.043,1:21.073,historical
904,60,31,1,4,8,1:22.169,1:20.816,1:21.107,historical
905,60,2,2,16,9,1:21.670,1:20.629,1:21.329,historical
906,60,35,2,17,10,1:21.637,1:20.672,1:21.599,historical
907,60,14,9,14,11,1:22.424,1:21.442,NULL,historical
908,60,3,3,10,12,1:23.083,1:21.567,NULL,historical
909,60,24,5,20,13,1:22.685,1:21.699,NULL,historical
910,60,32,9,15,14,1:22.773,1:21.990,NULL,historical
911,60,26,5,21,15,1:22.541,1:22.076,NULL,historical
912,60,33,13,18,16,1:22.860,1:22.207,NULL,historical
913,60,17,3,9,17,1:23.129,NULL,NULL,historical
914,60,27,13,19,18,1:23.210,NULL,NULL,historical
915,60,18,11,12,19,1:23.247,NULL,NULL,historical
916,60,11,8,22,20,1:26.158,NULL,NULL,historical
917,60,36,8,23,21,1:26.316,NULL,NULL,historical
918,60,15,7,8,22,NULL,NULL,NULL,historical
919,61,4,4,1,1,1:15.350,1:14.726,1:14.942,historical
920,61,21,4,2,2,1:15.917,1:15.295,1:15.178,historical
921,61,8,1,3,3,1:15.376,1:15.273,1:15.386,historical
922,61,15,7,8,4,1:16.455,1:15.506,1:15.968,historical
923,61,30,6,5,5,1:15.716,1:15.139,1:15.986,historical
924,61,3,3,10,6,1:16.404,1:15.269,1:16.012,historical
925,61,31,1,4,7,1:16.251,1:15.253,1:16.228,historical
926,61,18,11,12,8,1:16.594,1:15.814,1:16.608,historical
927,61,22,11,11,9,1:16.735,1:15.601,1:16.912,historical
928,61,13,6,6,10,1:16.259,1:15.555,1:17.209,historical
929,61,35,2,17,11,1:16.493,1:15.832,NULL,historical
930,61,32,9,15,12,1:16.585,1:15.833,NULL,historical
931,61,2,2,16,13,1:15.906,1:15.885,NULL,historical
932,61,23,7,7,14,1:16.702,1:15.888,NULL,historical
933,61,24,5,20,15,1:16.581,1:16.116,NULL,historical
934,61,14,9,14,16,1:16.514,1:16.301,NULL,historical
935,61,17,3,9,17,1:16.985,NULL,NULL,historical
936,61,26,5,21,18,1:17.016,NULL,NULL,historical
937,61,33,13,18,19,1:17.121,NULL,NULL,historical
938,61,27,13,19,20,1:17.140,NULL,NULL,historical
939,61,11,8,22,21,1:19.088,NULL,NULL,historical
940,61,36,8,23,22,1:19.152,NULL,NULL,historical
941,62,30,6,5,1,1:11.588,1:10.636,1:10.832,historical
942,62,13,6,6,2,1:11.088,1:11.146,1:11.435,historical
943,62,21,4,2,3,1:12.287,1:11.200,1:11.920,historical
944,62,22,11,11,4,1:12.156,1:11.263,1:12.109,historical
945,62,4,4,1,5,1:12.416,1:11.877,1:12.449,historical
946,62,35,2,17,6,1:12.114,1:11.724,1:12.479,historical
947,62,18,11,12,7,1:12.238,1:11.865,1:12.523,historical
948,62,23,7,7,8,1:11.879,1:11.673,1:12.795,historical
949,62,8,1,3,9,1:12.777,1:12.135,1:13.174,historical
950,62,2,2,16,10,1:11.891,1:11.718,1:15.280,historical
951,62,31,1,4,11,1:12.477,1:12.150,NULL,historical
952,62,17,3,9,12,1:12.935,1:12.292,NULL,historical
953,62,26,5,21,13,1:13.167,1:12.792,NULL,historical
954,62,27,13,19,14,1:12.711,1:12.854,NULL,historical
955,62,33,13,18,15,1:12.627,1:12.864,NULL,historical
956,62,32,9,15,16,1:12.773,1:12.925,NULL,historical
957,62,14,9,14,17,1:13.180,NULL,NULL,historical
958,62,11,8,22,18,1:13.496,NULL,NULL,historical
959,62,3,3,10,19,1:13.506,NULL,NULL,historical
960,62,15,7,8,20,1:13.787,NULL,NULL,historical
961,62,24,5,20,21,1:14.041,NULL,NULL,historical
962,62,36,8,23,22,1:16.036,NULL,NULL,historical
963,63,30,6,5,1,1:15.865,1:15.111,1:15.493,historical
964,63,13,6,6,2,1:16.277,1:15.679,1:15.510,historical
965,63,4,4,1,3,1:16.328,1:15.706,1:15.785,historical
966,63,15,7,8,4,1:15.550,1:15.776,1:16.036,historical
967,63,23,7,7,5,1:15.949,1:15.625,1:16.091,historical
968,63,8,1,3,6,1:16.154,1:15.742,1:16.281,historical
969,63,21,4,2,7,1:16.825,1:15.901,1:16.345,historical
970,63,37,1,4,8,1:16.679,1:15.902,1:16.632,historical
971,63,3,3,10,9,1:16.534,1:15.926,1:18.272,historical
972,63,14,9,14,10,1:16.350,1:15.974,1:18.663,historical
973,63,17,3,9,11,1:16.531,1:16.129,NULL,historical
974,63,2,2,16,12,1:16.686,1:16.294,NULL,historical
975,63,32,9,15,13,1:16.921,1:16.433,NULL,historical
976,63,22,11,11,14,1:17.022,1:17.027,NULL,historical
977,63,26,5,21,15,1:17.117,1:17.063,NULL,historical
978,63,27,13,19,16,1:16.962,1:17.105,NULL,historical
979,63,24,5,20,17,1:17.164,NULL,NULL,historical
980,63,35,2,17,18,1:17.304,NULL,NULL,historical
981,63,18,11,12,19,1:17.495,NULL,NULL,historical
982,63,33,13,18,20,1:17.589,NULL,NULL,historical
983,63,36,8,23,21,1:18.637,NULL,NULL,historical
984,63,11,8,22,22,1:18.845,NULL,NULL,historical
985,64,8,1,3,1,1:15.214,1:14.410,1:14.070,historical
986,64,30,6,5,2,1:14.904,1:13.778,1:14.205,historical
987,64,13,6,6,3,1:14.412,1:14.094,1:14.569,historical
988,64,18,11,12,4,1:15.869,1:14.378,1:14.862,historical
989,64,21,4,2,5,1:15.916,1:14.540,1:14.894,historical
990,64,22,11,11,6,1:15.757,1:14.652,1:14.934,historical
991,64,4,4,1,7,1:15.518,1:14.746,1:15.282,historical
992,64,23,7,7,8,1:15.789,1:14.743,1:15.923,historical
993,64,37,1,4,9,1:15.655,1:15.021,1:15.936,historical
994,64,14,9,14,10,1:15.836,1:14.826,1:16.326,historical
995,64,17,3,9,11,1:15.719,1:15.094,NULL,historical
996,64,32,9,15,12,1:15.816,1:15.141,NULL,historical
997,64,15,7,8,13,1:15.430,1:15.150,NULL,historical
998,64,35,2,17,14,1:16.281,1:15.329,NULL,historical
999,64,3,3,10,15,1:16.183,1:15.380,NULL,historical
1000,64,2,2,16,16,1:16.234,1:15.397,NULL,historical
1001,64,24,5,20,17,1:16.399,NULL,NULL,historical
1002,64,27,13,19,18,1:17.093,NULL,NULL,historical
1003,64,11,8,22,19,1:17.185,NULL,NULL,historical
1004,64,33,13,18,20,1:17.836,NULL,NULL,historical
1005,64,29,8,23,21,1:20.444,NULL,NULL,historical
1006,64,26,5,21,22,NULL,NULL,NULL,historical
1007,65,8,1,3,1,1:20.080,1:19.704,1:19.599,historical
1008,65,13,6,6,2,1:19.742,1:19.504,1:19.886,historical
1009,65,22,11,11,3,1:21.141,1:19.783,1:20.085,historical
1010,65,18,11,12,4,1:20.820,1:19.943,1:20.092,historical
1011,65,37,1,4,5,1:21.288,1:19.991,1:20.117,historical
1012,65,17,3,9,6,1:21.335,1:20.047,1:20.266,historical
1013,65,23,7,7,7,1:21.112,1:20.243,1:20.759,historical
1014,65,21,4,2,8,1:21.370,1:20.154,1:20.924,historical
1015,65,15,7,8,9,1:21.434,1:20.231,1:21.132,historical
1016,65,9,2,17,10,1:20.891,1:20.256,1:22.049,historical
1017,65,2,2,16,11,1:21.437,1:20.623,NULL,historical
1018,65,30,6,5,12,1:21.440,1:20.875,NULL,historical
1019,65,14,9,14,13,1:21.163,1:20.890,NULL,historical
1020,65,32,9,15,14,1:22.027,1:21.207,NULL,historical
1021,65,4,4,1,15,1:21.792,1:21.364,NULL,historical
1022,65,33,13,18,16,1:22.009,1:23.767,NULL,historical
1023,65,24,5,20,17,1:22.068,NULL,NULL,historical
1024,65,3,3,10,18,1:22.084,NULL,NULL,historical
1025,65,26,5,21,19,1:22.317,NULL,NULL,historical
1026,65,11,8,22,20,1:22.967,NULL,NULL,historical
1027,65,27,13,19,21,1:23.146,NULL,NULL,historical
1028,65,29,8,23,22,1:24.016,NULL,NULL,historical
1029,66,13,6,6,1,1:27.306,1:27.059,1:26.907,historical
1030,66,30,6,5,2,1:27.385,1:25.850,1:27.284,historical
1031,66,4,4,1,3,1:27.861,1:26.917,1:27.321,historical
1032,66,21,4,2,4,1:28.175,1:27.346,1:27.564,historical
1033,66,23,7,7,5,1:27.668,1:27.062,1:27.569,historical
1034,66,2,2,16,6,1:28.200,1:27.251,1:27.785,historical
1035,66,18,11,12,7,1:28.222,1:26.872,1:27.790,historical
1036,66,8,1,3,8,1:28.236,1:27.202,1:27.866,historical
1037,66,9,2,17,9,1:28.212,1:27.405,1:28.167,historical
1038,66,17,3,9,10,1:28.307,1:27.608,1:29.436,historical
1039,66,32,9,15,11,1:28.271,1:27.852,NULL,historical
1040,66,37,1,4,12,1:28.403,1:27.897,NULL,historical
1041,66,15,7,8,13,1:28.549,1:27.973,NULL,historical
1042,66,22,11,11,14,1:28.411,1:28.257,NULL,historical
1043,66,3,3,10,15,1:28.889,1:28.386,NULL,historical
1044,66,27,13,19,16,1:29.021,1:28.639,NULL,historical
1045,66,14,9,14,17,1:29.136,NULL,NULL,historical
1046,66,26,5,21,18,1:29.158,NULL,NULL,historical
1047,66,24,5,20,19,1:29.250,NULL,NULL,historical
1048,66,33,13,18,20,1:29.901,NULL,NULL,historical
1049,66,29,8,23,21,1:30.607,NULL,NULL,historical
1050,66,11,8,22,22,1:30.850,NULL,NULL,historical
1051,67,8,1,3,1,1:21.994,1:21.349,1:21.484,historical
1052,67,30,6,5,2,1:21.711,1:21.353,1:21.486,historical
1053,67,2,2,16,3,1:21.764,1:21.425,1:21.653,historical
1054,67,13,6,6,4,1:22.028,1:21.225,1:21.704,historical
1055,67,18,11,12,5,1:22.512,1:21.572,1:22.011,historical
1056,67,9,2,17,6,1:22.437,1:21.270,1:22.258,historical
1057,67,37,1,4,7,1:22.422,1:21.878,1:22.280,historical
1058,67,22,11,11,8,1:22.640,1:21.688,1:22.787,historical
1059,67,21,4,2,9,1:22.486,1:21.722,1:23.175,historical
1060,67,4,4,1,10,1:21.747,1:21.526,1:25.688,historical
1061,67,15,7,8,11,1:22.093,1:21.924,NULL,historical
1062,67,3,3,10,12,1:22.581,1:22.203,NULL,historical
1063,67,23,7,7,13,1:22.622,1:22.280,NULL,historical
1064,67,14,9,14,14,1:22.618,1:22.589,NULL,historical
1065,67,26,5,21,15,1:22.943,1:23.165,NULL,historical
1066,67,32,9,15,16,1:22.898,NULL,NULL,historical
1067,67,24,5,20,17,1:23.043,NULL,NULL,historical
1068,67,27,14,19,18,1:23.116,NULL,NULL,historical
1069,67,17,3,9,19,1:23.341,NULL,NULL,historical
1070,67,33,14,18,20,1:23.920,NULL,NULL,historical
1071,67,11,8,22,21,1:24.289,NULL,NULL,historical
1072,67,29,8,23,22,1:26.001,NULL,NULL,historical
1073,68,4,4,1,1,1:44.128,1:43.951,1:44.360,historical
1074,68,21,4,2,2,1:44.378,1:44.336,1:44.992,historical
1075,68,22,11,11,3,1:47.072,1:45.228,1:45.503,historical
1076,68,18,11,12,4,1:45.809,1:44.662,1:45.503,historical
1077,68,8,1,3,5,1:44.909,1:45.622,1:45.754,historical
1078,68,30,6,5,6,1:47.366,1:45.660,1:45.775,historical
1079,68,37,1,4,7,1:44.808,1:45.095,1:45.877,historical
1080,68,2,2,16,8,1:46.249,1:45.055,1:46.053,historical
1081,68,9,2,17,9,1:46.049,1:45.576,1:46.632,historical
1082,68,38,9,15,10,1:46.387,1:45.747,1:48.021,historical
1083,68,26,5,21,11,1:46.222,1:45.851,NULL,historical
1084,68,14,9,14,12,1:45.931,1:45.968,NULL,historical
1085,68,24,5,20,13,1:45.564,1:46.172,NULL,historical
1086,68,17,3,9,14,1:48.560,1:46.413,NULL,historical
1087,68,3,3,10,15,1:47.535,1:47.419,NULL,historical
1088,68,23,7,7,16,1:48.894,NULL,NULL,historical
1089,68,15,7,8,17,1:49.098,NULL,NULL,historical
1090,68,33,14,18,18,1:49.903,NULL,NULL,historical
1091,68,29,8,23,19,1:55.560,NULL,NULL,historical
1092,68,13,6,6,20,1:47.231,1:45.970,NULL,historical
1093,68,11,8,22,21,1:50.326,NULL,NULL,historical
1094,68,27,14,19,22,1:49.542,NULL,NULL,historical
1095,69,13,6,6,1,1:30.112,1:29.830,1:29.599,historical
1096,69,30,6,5,2,1:31.279,1:28.954,1:29.711,historical
1097,69,23,7,7,3,1:30.595,1:30.299,1:29.989,historical
1098,69,15,7,8,4,1:30.420,1:30.204,1:30.039,historical
1099,69,4,4,1,5,1:30.976,1:30.357,1:30.371,historical
1100,69,21,4,2,6,1:31.696,1:30.306,1:30.599,historical
1101,69,18,11,12,7,1:30.847,1:30.268,1:30.992,historical
1102,69,22,11,11,8,1:31.972,1:30.598,1:31.478,historical
1103,69,2,2,16,9,1:31.811,1:30.470,1:31.513,historical
1104,69,3,3,10,10,1:30.585,1:30.321,1:31.856,historical
1105,69,8,1,3,11,1:32.080,1:30.827,NULL,historical
1106,69,9,2,17,12,1:31.204,1:31.094,NULL,historical
1107,69,37,1,4,13,1:31.581,1:31.254,NULL,historical
1108,69,17,3,9,14,1:31.647,1:31.276,NULL,historical
1109,69,24,5,20,15,1:31.741,1:31.943,NULL,historical
1110,69,27,14,19,16,1:32.221,1:33.750,NULL,historical
1111,69,14,9,14,17,1:32.252,NULL,NULL,historical
1112,69,38,9,15,18,1:32.402,NULL,NULL,historical
1113,69,26,5,21,19,1:32.867,NULL,NULL,historical
1114,69,11,8,22,20,1:33.666,NULL,NULL,historical
1115,69,33,14,18,21,1:33.709,NULL,NULL,historical
1116,69,29,8,23,22,NULL,NULL,NULL,historical
1117,70,13,6,6,1,1:10.643,1:10.775,1:10.680,historical
1118,70,8,1,3,2,1:12.035,1:11.386,1:11.299,historical
1119,70,15,7,8,3,1:11.885,1:11.343,1:11.328,historical
1120,70,4,4,1,4,1:11.791,1:11.148,1:11.567,historical
1121,70,22,11,11,5,1:12.017,1:11.578,1:11.619,historical
1122,70,21,4,2,6,1:12.042,1:11.461,1:11.629,historical
1123,70,23,7,7,7,1:11.713,1:11.550,1:11.695,historical
1124,70,2,2,16,8,1:12.307,1:11.648,1:11.882,historical
1125,70,9,2,17,9,1:12.040,1:11.589,1:12.131,historical
1126,70,30,6,5,10,1:11.565,1:10.313,NULL,historical
1127,70,17,3,9,11,1:11.973,1:11.650,NULL,historical
1128,70,37,1,4,12,1:11.825,1:11.658,NULL,historical
1129,70,3,3,10,13,1:11.974,1:11.679,NULL,historical
1130,70,18,11,12,14,1:12.085,1:11.742,NULL,historical
1131,70,38,9,15,15,1:12.530,1:12.591,NULL,historical
1132,70,24,5,20,16,1:12.855,1:12.861,NULL,historical
1133,70,26,5,21,17,1:12.856,NULL,NULL,historical
1134,70,27,14,19,18,1:13.138,NULL,NULL,historical
1135,70,14,9,14,19,1:13.249,NULL,NULL,historical
1136,70,11,8,22,20,1:13.269,NULL,NULL,historical
1137,70,29,8,23,21,1:13.357,NULL,NULL,historical
1138,70,33,14,18,22,NULL,NULL,NULL,historical
1139,77,2,3,8,1,1:30.081,NULL,NULL,historical
1140,77,8,1,9,2,1:30.197,NULL,NULL,historical
1141,77,17,3,7,3,1:30.368,NULL,NULL,historical
1142,77,15,7,16,4,1:30.700,NULL,NULL,historical
1143,77,31,1,10,5,1:30.890,NULL,NULL,historical
1144,77,4,4,5,6,1:31.056,NULL,NULL,historical
1145,77,22,6,2,7,1:31.249,NULL,NULL,historical
1146,77,23,7,17,8,1:31.392,NULL,NULL,historical
1147,77,21,4,6,9,1:31.566,NULL,NULL,historical
1148,77,30,6,1,10,1:31.585,NULL,NULL,historical
1149,77,13,15,12,11,1:32.205,NULL,NULL,historical
1150,77,14,9,14,12,1:32.553,NULL,NULL,historical
1151,77,18,16,3,13,1:32.594,NULL,NULL,historical
1152,77,24,9,15,14,1:32.642,NULL,NULL,historical
1153,77,35,15,11,15,1:32.891,NULL,NULL,historical
1154,77,11,16,4,16,1:32.926,NULL,NULL,historical
1155,77,33,17,18,17,1:35.047,NULL,NULL,historical
1156,77,40,18,20,18,1:35.954,NULL,NULL,historical
1157,77,39,17,19,19,1:36.192,NULL,NULL,historical
1158,77,27,18,21,20,1:36.239,NULL,NULL,historical
1159,78,18,16,3,1,1:15.217,NULL,NULL,historical
1160,78,30,6,1,2,1:15.475,NULL,NULL,historical
1161,78,4,4,5,3,1:15.561,NULL,NULL,historical
1162,78,21,4,6,4,1:15.577,NULL,NULL,historical
1163,78,31,1,10,5,1:15.669,NULL,NULL,historical
1164,78,11,16,4,6,1:15.729,NULL,NULL,historical
1165,78,8,1,9,7,1:15.923,NULL,NULL,historical
1166,78,35,15,11,8,1:16.116,NULL,NULL,historical
1167,78,15,7,16,9,1:16.201,NULL,NULL,historical
1168,78,23,7,17,10,1:16.362,NULL,NULL,historical
1169,78,13,15,12,11,1:16.661,NULL,NULL,historical
1170,78,14,9,14,12,1:16.890,NULL,NULL,historical
1171,78,2,3,8,13,1:17.081,NULL,NULL,historical
1172,78,17,3,7,14,1:17.749,NULL,NULL,historical
1173,78,27,18,21,15,1:18.214,NULL,NULL,historical
1174,78,32,9,15,16,1:18.249,NULL,NULL,historical
1175,78,39,17,19,17,1:18.664,NULL,NULL,historical
1176,78,33,17,18,18,1:19.034,NULL,NULL,historical
1177,78,40,18,20,19,1:19.574,NULL,NULL,historical
1178,78,22,6,2,20,NULL,NULL,NULL,historical
1179,79,15,7,16,1,1:10.625,NULL,NULL,historical
1180,79,8,1,9,2,1:10.694,NULL,NULL,historical
1181,79,18,16,3,3,1:11.277,NULL,NULL,historical
1182,79,21,4,6,4,1:11.290,NULL,NULL,historical
1183,79,30,6,1,5,1:11.369,NULL,NULL,historical
1184,79,4,4,5,6,1:11.380,NULL,NULL,historical
1185,79,22,6,2,7,1:11.431,NULL,NULL,historical
1186,79,11,16,4,8,1:11.497,NULL,NULL,historical
1187,79,17,3,7,9,1:11.527,NULL,NULL,historical
1188,79,13,15,12,10,1:11.555,NULL,NULL,historical
1189,79,31,1,10,11,1:11.681,NULL,NULL,historical
1190,79,35,15,11,12,1:11.691,NULL,NULL,historical
1191,79,41,7,17,13,1:11.754,NULL,NULL,historical
1192,79,32,9,15,14,1:12.132,NULL,NULL,historical
1193,79,2,3,8,15,1:12.430,NULL,NULL,historical
1194,79,14,9,14,16,1:12.682,NULL,NULL,historical
1195,79,33,17,18,17,1:13.462,NULL,NULL,historical
1196,79,27,18,21,18,1:13.632,NULL,NULL,historical
1197,79,39,17,19,19,1:13.776,NULL,NULL,historical
1198,79,40,18,20,20,1:14.494,NULL,NULL,historical
1199,80,4,4,5,1,1:14.412,NULL,NULL,historical
1200,80,15,7,16,2,1:14.521,NULL,NULL,historical
1201,80,8,1,9,3,1:14.559,NULL,NULL,historical
1202,80,30,6,1,4,1:14.572,NULL,NULL,historical
1203,80,11,16,4,5,1:14.655,NULL,NULL,historical
1204,80,22,6,2,6,1:14.832,NULL,NULL,historical
1205,80,21,4,6,7,1:14.887,NULL,NULL,historical
1206,80,18,16,3,8,1:15.051,NULL,NULL,historical
1207,80,31,1,10,9,1:15.406,NULL,NULL,historical
1208,80,13,15,12,10,1:15.566,NULL,NULL,historical
1209,80,35,15,11,11,1:15.699,NULL,NULL,historical
1210,80,23,7,17,12,1:15.771,NULL,NULL,historical
1211,80,17,3,7,13,1:15.885,NULL,NULL,historical
1212,80,2,3,8,14,1:16.207,NULL,NULL,historical
1213,80,14,9,14,15,1:16.434,NULL,NULL,historical
1214,80,32,9,15,16,1:16.547,NULL,NULL,historical
1215,80,39,17,19,17,1:17.857,NULL,NULL,historical
1216,80,40,18,20,18,1:17.960,NULL,NULL,historical
1217,80,33,17,18,19,1:18.047,NULL,NULL,historical
1218,80,27,18,21,20,1:18.335,NULL,NULL,historical
1219,81,4,4,5,1,1:19.905,NULL,NULL,historical
1220,81,8,1,9,2,1:19.932,NULL,NULL,historical
1221,81,18,16,3,3,1:20.207,NULL,NULL,historical
1222,81,31,1,10,4,1:20.382,NULL,NULL,historical
1223,81,15,7,16,5,1:20.459,NULL,NULL,historical
1224,81,22,6,2,6,1:20.906,NULL,NULL,historical
1225,81,21,4,6,7,1:21.010,NULL,NULL,historical
1226,81,11,16,4,8,1:21.114,NULL,NULL,historical
1227,81,23,7,17,9,1:21.191,NULL,NULL,historical
1228,81,30,6,1,10,1:21.275,NULL,NULL,historical
1229,81,35,15,11,11,1:21.352,NULL,NULL,historical
1230,81,17,3,7,12,1:21.997,NULL,NULL,historical
1231,81,14,9,14,13,1:22.108,NULL,NULL,historical
1232,81,2,3,8,14,1:22.117,NULL,NULL,historical
1233,81,32,9,15,15,1:22.207,NULL,NULL,historical
1234,81,13,15,12,16,1:22.495,NULL,NULL,historical
1235,81,39,17,19,17,1:23.583,NULL,NULL,historical
1236,81,27,18,21,18,1:24.576,NULL,NULL,historical
1237,81,40,18,20,19,1:25.566,NULL,NULL,historical
1238,81,33,17,18,20,NULL,NULL,NULL,historical
1239,82,8,1,9,1,1:14.320,NULL,NULL,historical
1240,82,18,16,3,2,1:14.759,NULL,NULL,historical
1241,82,4,4,5,3,1:14.904,NULL,NULL,historical
1242,82,21,4,6,4,1:14.927,NULL,NULL,historical
1243,82,30,6,1,5,1:15.006,NULL,NULL,historical
1244,82,17,3,7,6,1:15.070,NULL,NULL,historical
1245,82,2,3,8,7,1:15.403,NULL,NULL,historical
1246,82,11,16,4,8,1:15.501,NULL,NULL,historical
1247,82,15,7,16,9,1:15.532,NULL,NULL,historical
1248,82,32,9,15,10,1:15.635,NULL,NULL,historical
1249,82,14,9,14,11,1:15.679,NULL,NULL,historical
1250,82,23,7,17,12,1:15.689,NULL,NULL,historical
1251,82,13,15,12,13,1:16.009,NULL,NULL,historical
1252,82,35,15,11,14,1:16.012,NULL,NULL,historical
1253,82,22,6,2,15,1:16.230,NULL,NULL,historical
1254,82,27,18,21,16,1:17.519,NULL,NULL,historical
1255,82,38,18,20,17,1:18.313,NULL,NULL,historical
1256,82,33,17,18,18,1:18.599,NULL,NULL,historical
1257,82,31,1,10,19,NULL,NULL,NULL,historical
1258,82,39,17,19,20,NULL,NULL,NULL,historical
1259,83,30,6,1,1,1:19.882,NULL,NULL,historical
1260,83,31,1,10,2,1:20.779,NULL,NULL,historical
1261,83,15,7,16,3,1:20.839,NULL,NULL,historical
1262,83,8,1,9,4,1:20.891,NULL,NULL,historical
1263,83,23,7,17,5,1:20.964,NULL,NULL,historical
1264,83,4,4,5,6,1:21.141,NULL,NULL,historical
1265,83,22,6,2,7,1:21.158,NULL,NULL,historical
1266,83,18,16,3,8,1:21.302,NULL,NULL,historical
1267,83,21,4,6,9,1:21.333,NULL,NULL,historical
1268,83,11,16,4,10,1:21.787,NULL,NULL,historical
1269,83,32,9,15,11,1:21.937,NULL,NULL,historical
1270,83,2,3,8,12,1:22.086,NULL,NULL,historical
1271,83,14,9,14,13,1:22.279,NULL,NULL,historical
1272,83,13,15,12,14,1:22.565,NULL,NULL,historical
1273,83,35,15,11,15,1:22.866,NULL,NULL,historical
1274,83,17,3,7,16,1:23.495,NULL,NULL,historical
1275,83,27,18,21,17,1:24.443,NULL,NULL,historical
1276,83,39,17,19,18,1:25.057,NULL,NULL,historical
1277,83,38,18,20,19,1:25.484,NULL,NULL,historical
1278,83,33,17,18,20,NULL,NULL,NULL,historical
1279,84,8,1,9,1,1:26.797,NULL,NULL,historical
1280,84,21,4,6,2,1:27.039,NULL,NULL,historical
1281,84,4,4,5,3,1:27.050,NULL,NULL,historical
1282,84,31,1,10,4,1:27.352,NULL,NULL,historical
1283,84,15,7,16,5,1:27.501,NULL,NULL,historical
1284,84,2,3,8,6,1:27.929,NULL,NULL,historical
1285,84,17,3,7,7,1:27.944,NULL,NULL,historical
1286,84,13,15,12,8,1:28.419,NULL,NULL,historical
1287,84,23,7,17,9,1:28.594,NULL,NULL,historical
1288,84,32,9,15,10,1:28.963,NULL,NULL,historical
1289,84,22,6,2,11,1:29.369,NULL,NULL,historical
1290,84,14,9,14,12,1:29.764,NULL,NULL,historical
1291,84,18,16,3,13,1:30.063,NULL,NULL,historical
1292,84,11,16,4,14,1:30.175,NULL,NULL,historical
1293,84,33,17,18,15,1:30.710,NULL,NULL,historical
1294,84,27,18,21,16,1:32.186,NULL,NULL,historical
1295,84,38,18,20,17,NULL,NULL,NULL,historical
1296,84,35,15,11,18,NULL,NULL,NULL,historical
1297,84,39,17,19,19,NULL,NULL,NULL,historical
1298,84,30,6,1,20,NULL,NULL,NULL,historical
1299,85,8,1,9,1,1:20.878,NULL,NULL,historical
1300,85,31,1,10,2,1:21.054,NULL,NULL,historical
1301,85,4,4,5,3,1:21.319,NULL,NULL,historical
1302,85,18,16,3,4,1:21.369,NULL,NULL,historical
1303,85,11,16,4,5,1:21.477,NULL,NULL,historical
1304,85,15,7,16,6,1:21.640,NULL,NULL,historical
1305,85,30,6,1,7,1:21.721,NULL,NULL,historical
1306,85,22,6,2,8,1:21.962,NULL,NULL,historical
1307,85,21,4,6,9,1:22.068,NULL,NULL,historical
1308,85,23,7,17,10,1:22.266,NULL,NULL,historical
1309,85,14,9,14,11,1:22.304,NULL,NULL,historical
1310,85,35,15,11,12,1:22.356,NULL,NULL,historical
1311,85,32,9,15,13,1:22.532,NULL,NULL,historical
1312,85,17,3,7,14,1:22.560,NULL,NULL,historical
1313,85,13,15,12,15,1:23.060,NULL,NULL,historical
1314,85,42,3,8,16,1:23.291,NULL,NULL,historical
1315,85,33,17,18,17,1:24.666,NULL,NULL,historical
1316,85,38,18,20,18,1:24.904,NULL,NULL,historical
1317,85,39,17,19,19,1:25.859,NULL,NULL,historical
1318,85,27,18,21,20,1:26.964,NULL,NULL,historical
1319,86,31,1,10,1,1:46.391,NULL,NULL,historical
1320,86,8,1,9,2,1:46.440,NULL,NULL,historical
1321,86,21,4,6,3,1:46.497,NULL,NULL,historical
1322,86,15,7,16,4,1:46.596,NULL,NULL,historical
1323,86,4,4,5,5,1:46.760,NULL,NULL,historical
1324,86,23,7,17,6,1:47.401,NULL,NULL,historical
1325,86,30,6,1,7,1:47.476,NULL,NULL,historical
1326,86,13,15,12,8,1:47.867,NULL,NULL,historical
1327,86,18,16,3,9,1:47.978,NULL,NULL,historical
1328,86,17,3,7,10,1:48.071,NULL,NULL,historical
1329,86,11,16,4,11,1:48.353,NULL,NULL,historical
1330,86,14,9,14,12,1:48.508,NULL,NULL,historical
1331,86,22,6,2,13,1:48.550,NULL,NULL,historical
1332,86,35,15,11,14,1:48.889,NULL,NULL,historical
1333,86,42,3,8,15,1:48.898,NULL,NULL,historical
1334,86,32,9,15,16,1:48.994,NULL,NULL,historical
1335,86,38,18,20,17,1:49.779,NULL,NULL,historical
1336,86,27,18,21,18,1:49.842,NULL,NULL,historical
1337,86,33,17,18,19,1:51.498,NULL,NULL,historical
1338,86,39,17,19,20,1:51.675,NULL,NULL,historical
1339,87,4,4,5,1,1:11.988,NULL,NULL,historical
1340,87,31,1,10,2,1:12.145,NULL,NULL,historical
1341,87,21,4,6,3,1:12.558,NULL,NULL,historical
1342,87,18,16,3,4,1:12.696,NULL,NULL,historical
1343,87,8,1,9,5,1:12.781,NULL,NULL,historical
1344,87,32,9,15,6,1:12.889,NULL,NULL,historical
1345,87,30,6,1,7,1:12.976,NULL,NULL,historical
1346,87,15,7,16,8,1:13.041,NULL,NULL,historical
1347,87,13,15,12,9,1:13.151,NULL,NULL,historical
1348,87,22,6,2,10,1:13.183,NULL,NULL,historical
1349,87,23,7,17,11,1:13.285,NULL,NULL,historical
1350,87,35,15,11,12,1:13.372,NULL,NULL,historical
1351,87,33,17,18,13,1:13.387,NULL,NULL,historical
1352,87,17,3,7,14,1:13.538,NULL,NULL,historical
1353,87,42,3,8,15,1:13.581,NULL,NULL,historical
1354,87,14,9,14,16,1:13.844,NULL,NULL,historical
1355,87,39,17,19,17,1:14.520,NULL,NULL,historical
1356,87,27,18,21,18,1:14.763,NULL,NULL,historical
1357,87,11,16,4,19,NULL,NULL,NULL,historical
1358,87,38,18,20,20,NULL,NULL,NULL,historical
1359,88,23,7,17,1,1:46.106,NULL,NULL,historical
1360,88,18,16,3,2,1:46.141,NULL,NULL,historical
1361,88,21,4,6,3,1:46.276,NULL,NULL,historical
1362,88,32,9,15,4,1:46.464,NULL,NULL,historical
1363,88,11,16,4,5,1:46.841,NULL,NULL,historical
1364,88,14,9,14,6,1:46.892,NULL,NULL,historical
1365,88,17,3,7,7,1:47.233,NULL,NULL,historical
1366,88,35,15,11,8,1:47.440,NULL,NULL,historical
1367,88,22,6,2,9,1:48.248,NULL,NULL,historical
1368,88,13,15,12,10,1:48.278,NULL,NULL,historical
1369,88,39,17,19,11,1:48.718,NULL,NULL,historical
1370,88,42,3,8,12,1:48.898,NULL,NULL,historical
1371,88,27,18,21,13,1:50.843,NULL,NULL,historical
1372,88,30,6,1,14,1:52.676,NULL,NULL,historical
1373,88,38,18,20,15,1:52.894,NULL,NULL,historical
1374,88,4,4,5,16,1:54.667,NULL,NULL,historical
1375,88,8,1,9,17,2:02.309,NULL,NULL,historical
1376,88,31,1,10,18,NULL,NULL,NULL,historical
1377,88,15,7,16,19,NULL,NULL,NULL,historical
1378,88,33,17,18,20,NULL,NULL,NULL,historical
1379,89,4,4,5,1,1:34.080,NULL,NULL,historical
1380,89,21,4,6,2,1:34.401,NULL,NULL,historical
1381,89,8,1,9,3,1:34.488,NULL,NULL,historical
1382,89,18,16,3,4,1:34.801,NULL,NULL,historical
1383,89,31,1,10,5,1:35.188,NULL,NULL,historical
1384,89,30,6,1,6,1:35.301,NULL,NULL,historical
1385,89,14,9,14,7,1:35.428,NULL,NULL,historical
1386,89,22,6,2,8,1:35.610,NULL,NULL,historical
1387,89,23,7,17,9,1:35.723,NULL,NULL,historical
1388,89,17,3,7,10,1:35.739,NULL,NULL,historical
1389,89,13,15,12,11,1:35.898,NULL,NULL,historical
1390,89,15,7,16,12,1:36.044,NULL,NULL,historical
1391,89,42,3,8,13,1:36.445,NULL,NULL,historical
1392,89,32,9,15,14,1:36.472,NULL,NULL,historical
1393,89,39,17,19,15,1:36.707,NULL,NULL,historical
1394,89,35,15,11,16,1:36.788,NULL,NULL,historical
1395,89,11,16,4,17,1:37.083,NULL,NULL,historical
1396,89,27,18,21,18,1:39.105,NULL,NULL,historical
1397,89,33,17,18,19,1:39.233,NULL,NULL,historical
1398,89,38,18,20,20,1:39.460,NULL,NULL,historical
1399,104,22,6,2,1,1:20.089,NULL,NULL,historical
1400,104,31,3,3,2,1:20.620,NULL,NULL,historical
1401,104,30,6,1,3,1:20.637,NULL,NULL,historical
1402,104,4,4,8,4,1:20.645,NULL,NULL,historical
1403,104,11,16,10,5,1:20.715,NULL,NULL,historical
1404,104,18,16,9,6,1:20.786,NULL,NULL,historical
1405,104,8,1,6,7,1:20.877,NULL,NULL,historical
1406,104,42,3,4,8,1:20.888,NULL,NULL,historical
1407,104,15,4,7,9,1:21.027,NULL,NULL,historical
1408,104,14,1,5,10,1:21.049,NULL,NULL,historical
1409,104,41,7,16,11,1:21.520,NULL,NULL,historical
1410,104,17,19,14,12,1:21.602,NULL,NULL,historical
1411,104,44,7,17,13,1:21.841,NULL,NULL,historical
1412,104,32,19,15,14,1:21.989,NULL,NULL,historical
1413,104,21,15,11,15,1:22.239,NULL,NULL,historical
1414,104,13,15,12,16,1:22.287,NULL,NULL,historical
1415,104,2,17,18,17,1:22.301,NULL,NULL,historical
1416,104,45,17,19,18,1:23.239,NULL,NULL,historical
1417,104,47,18,20,19,1:24.808,NULL,NULL,historical
1418,104,46,18,21,20,1:24.910,NULL,NULL,historical
1419,109,4,4,8,1,1:37.044,NULL,NULL,historical
1420,109,15,4,7,2,1:37.217,NULL,NULL,historical
1421,109,30,6,1,3,1:37.393,NULL,NULL,historical
1422,109,14,1,5,4,1:37.454,NULL,NULL,historical
1423,109,22,6,2,5,1:37.579,NULL,NULL,historical
1424,109,2,15,9,6,1:37.766,NULL,NULL,historical
1425,109,8,1,6,7,1:37.858,NULL,NULL,historical
1426,109,31,3,3,8,1:37.974,NULL,NULL,historical
1427,109,18,16,17,9,1:38.073,NULL,NULL,historical
1428,109,44,7,20,10,1:38.094,NULL,NULL,historical
1429,109,43,7,21,11,1:38.097,NULL,NULL,historical
1430,109,35,16,16,12,1:38.289,NULL,NULL,historical
1431,109,49,15,10,13,1:38.291,NULL,NULL,historical
1432,109,21,17,11,14,1:38.416,NULL,NULL,historical
1433,109,42,19,15,15,1:38.516,NULL,NULL,historical
1434,109,17,19,14,16,1:38.624,NULL,NULL,historical
1435,109,23,3,4,17,1:38.789,NULL,NULL,historical
1436,109,50,18,19,18,1:40.417,NULL,NULL,historical
1437,109,51,18,18,19,1:40.599,NULL,NULL,historical
1438,109,52,17,12,20,1:40.910,NULL,NULL,historical
1439,125,30,6,1,1,1:35.266,NULL,NULL,historical
1440,125,31,3,6,2,1:35.497,NULL,NULL,historical
1441,125,22,6,2,3,1:35.891,NULL,NULL,historical
1442,125,23,3,3,4,1:36.028,NULL,NULL,historical
1443,125,8,1,4,5,1:36.468,NULL,NULL,historical
1444,125,14,1,3,6,1:36.477,NULL,NULL,historical
1445,125,2,15,7,7,1:37.199,NULL,NULL,historical
1446,125,18,4,15,8,1:37.245,NULL,NULL,historical
1447,125,21,17,9,9,1:37.536,NULL,NULL,historical
1448,125,63,7,24,10,1:37.694,NULL,NULL,historical
1449,125,49,21,20,11,1:37.919,NULL,NULL,historical
1450,125,15,4,14,12,1:37.920,NULL,NULL,historical
1451,125,35,16,11,13,1:38.039,NULL,NULL,historical
1452,125,13,15,8,14,1:38.057,NULL,NULL,historical
1453,125,11,17,10,15,1:38.141,NULL,NULL,historical
1454,125,59,21,21,16,1:38.284,NULL,NULL,historical
1455,125,37,19,17,17,1:38.374,NULL,NULL,historical
1456,125,44,16,12,18,1:38.390,NULL,NULL,historical
1457,125,66,7,25,19,1:38.959,NULL,NULL,historical
1458,125,56,19,16,20,1:39.121,NULL,NULL,historical
1459,125,17,18,23,21,1:39.454,NULL,NULL,historical
1460,125,62,18,22,22,1:40.158,NULL,NULL,historical
1461,140,30,6,1,1,1:31.317,NULL,NULL,historical
1462,140,22,6,2,2,1:31.749,NULL,NULL,historical
1463,140,14,1,3,3,1:32.088,NULL,NULL,historical
1464,140,8,1,4,4,1:32.197,NULL,NULL,historical
1465,140,23,3,5,5,1:32.444,NULL,NULL,historical
1466,140,31,3,6,6,1:32.507,NULL,NULL,historical
1467,140,11,17,10,7,1:33.090,NULL,NULL,historical
1468,140,21,17,9,8,1:33.276,NULL,NULL,historical
1469,140,35,16,11,9,1:33.349,NULL,NULL,historical
1470,140,18,4,15,10,1:33.429,NULL,NULL,historical
1471,140,15,4,14,11,1:33.547,NULL,NULL,historical
1472,140,2,15,7,12,1:33.553,NULL,NULL,historical
1473,140,63,7,24,13,1:33.742,NULL,NULL,historical
1474,140,56,19,16,14,1:33.915,NULL,NULL,historical
1475,140,13,15,8,15,1:33.979,NULL,NULL,historical
1476,140,44,16,12,16,1:34.192,NULL,NULL,historical
1477,140,37,19,17,17,1:34.227,NULL,NULL,historical
1478,140,66,7,25,18,1:35.191,NULL,NULL,historical
1479,140,17,18,23,19,1:35.958,NULL,NULL,historical
1480,140,62,18,22,20,1:36.267,NULL,NULL,historical
1481,156,30,6,1,1,1:11.708,NULL,NULL,historical
1482,156,23,3,5,2,1:11.986,NULL,NULL,historical
1483,156,31,3,6,3,1:12.252,NULL,NULL,historical
1484,156,57,1,3,4,1:12.309,NULL,NULL,historical
1485,156,22,6,2,5,1:12.327,NULL,NULL,historical
1486,156,2,15,16,6,1:12.434,NULL,NULL,historical
1487,156,14,1,4,7,1:12.500,NULL,NULL,historical
1488,156,15,17,11,8,1:12.605,NULL,NULL,historical
1489,156,55,17,12,9,1:12.607,NULL,NULL,historical
1490,156,18,22,8,10,1:12.805,NULL,NULL,historical
1491,156,8,15,17,11,1:12.881,NULL,NULL,historical
1492,156,21,22,7,12,1:12.942,NULL,NULL,historical
1493,156,44,16,9,13,1:13.122,NULL,NULL,historical
1494,156,56,19,18,14,1:13.189,NULL,NULL,historical
1495,156,49,20,22,15,1:13.281,NULL,NULL,historical
1496,156,37,19,19,16,1:13.679,NULL,NULL,historical
1497,156,4,18,21,17,1:13.991,NULL,NULL,historical
1498,156,35,16,10,18,1:14.012,NULL,NULL,historical
1499,156,59,21,15,19,1:14.129,NULL,NULL,historical
1500,156,50,21,14,20,1:14.138,NULL,NULL,historical
1501,156,61,20,23,21,1:14.185,NULL,NULL,historical
1502,156,62,18,20,22,1:15.247,NULL,NULL,historical
1503,158,57,1,1,1,1:30.556,NULL,NULL,historical
1504,158,14,1,2,2,1:30.910,NULL,NULL,historical
1505,158,30,6,3,3,1:31.075,NULL,NULL,historical
1506,158,22,6,4,4,1:31.102,NULL,NULL,historical
1507,158,49,17,5,5,1:31.359,NULL,NULL,historical
1508,158,15,17,6,6,1:31.504,NULL,NULL,historical
1509,158,56,19,7,7,1:31.514,NULL,NULL,historical
1510,158,35,16,22,8,1:31.968,NULL,NULL,historical
1511,158,21,22,11,9,1:31.992,NULL,NULL,historical
1512,158,63,15,17,10,1:32.018,NULL,NULL,historical
1513,158,23,3,9,11,1:32.220,NULL,NULL,historical
1514,158,37,21,18,12,1:32.323,NULL,NULL,historical
1515,158,50,21,19,13,1:32.477,NULL,NULL,historical
1516,158,25,22,12,14,1:32.775,NULL,NULL,historical
1517,158,2,20,15,15,1:33.024,NULL,NULL,historical
1518,158,41,16,23,16,1:33.117,NULL,NULL,historical
1519,158,55,20,14,17,1:33.197,NULL,NULL,historical
1520,158,48,18,20,18,1:33.261,NULL,NULL,historical
1521,158,64,15,16,19,1:33.378,NULL,NULL,historical
1522,158,65,19,8,20,1:33.638,NULL,NULL,historical
1523,158,18,3,10,21,1:33.828,NULL,NULL,historical
1524,158,60,18,21,22,1:34.705,NULL,NULL,historical
1525,160,57,1,1,1,1:24.714,NULL,NULL,historical
1526,160,30,6,3,2,1:24.805,NULL,NULL,historical
1527,160,14,1,2,3,1:25.014,NULL,NULL,historical
1528,160,22,6,4,4,1:25.871,NULL,NULL,historical
1529,160,23,3,9,5,1:25.871,NULL,NULL,historical
1530,160,49,17,5,6,1:25.892,NULL,NULL,historical
1531,160,56,19,7,7,1:25.929,NULL,NULL,historical
1532,160,15,17,6,8,1:26.002,NULL,NULL,historical
1533,160,35,16,22,9,1:26.124,NULL,NULL,historical
1534,160,64,15,16,10,1:26.238,NULL,NULL,historical
1535,160,25,22,12,11,1:26.281,NULL,NULL,historical
1536,160,63,15,17,12,1:26.336,NULL,NULL,historical
1537,160,37,21,18,13,1:26.349,NULL,NULL,historical
1538,160,41,16,23,14,1:26.814,NULL,NULL,historical
1539,160,55,20,14,15,1:26.824,NULL,NULL,historical
1540,160,50,21,19,16,1:26.845,NULL,NULL,historical
1541,160,65,19,8,17,1:27.051,NULL,NULL,historical
1542,160,18,3,10,18,1:27.135,NULL,NULL,historical
1543,160,21,22,11,19,1:27.253,NULL,NULL,historical
1544,160,60,18,21,20,1:28.161,NULL,NULL,historical
1545,160,48,18,20,21,1:28.333,NULL,NULL,historical
1546,160,2,20,15,22,1:28.361,NULL,NULL,historical
1547,161,22,6,4,1,1:25.703,NULL,NULL,historical
1548,161,49,17,5,2,1:25.706,NULL,NULL,historical
1549,161,57,1,1,3,1:25.741,NULL,NULL,historical
1550,161,14,1,2,4,1:26.088,NULL,NULL,historical
1551,161,30,6,3,5,1:26.161,NULL,NULL,historical
1552,161,18,3,10,6,1:26.733,NULL,NULL,historical
1553,161,23,3,9,7,1:26.786,NULL,NULL,historical
1554,161,50,21,19,8,1:26.793,NULL,NULL,historical
1555,161,56,19,7,9,1:26.818,NULL,NULL,historical
1556,161,35,16,22,10,1:27.025,NULL,NULL,historical
1557,161,15,17,6,11,1:27.164,NULL,NULL,historical
1558,161,21,22,11,12,1:27.253,NULL,NULL,historical
1559,161,64,15,16,13,1:27.301,NULL,NULL,historical
1560,161,65,19,8,14,1:27.461,NULL,NULL,historical
1561,161,55,20,14,15,1:27.559,NULL,NULL,historical
1562,161,41,16,23,16,1:27.772,NULL,NULL,historical
1563,161,2,20,15,17,1:27.806,NULL,NULL,historical
1564,161,63,15,17,18,1:28.110,NULL,NULL,historical
1565,161,37,21,18,19,1:28.135,NULL,NULL,historical
1566,161,25,22,12,20,1:28.205,NULL,NULL,historical
1567,161,48,18,20,21,1:28.253,NULL,NULL,historical
1568,161,60,18,21,22,1:29.174,NULL,NULL,historical
1569,173,30,6,3,1,1:35.825,NULL,NULL,historical
1570,173,57,1,1,2,1:35.834,NULL,NULL,historical
1571,173,14,1,2,3,1:36.236,NULL,NULL,historical
1572,173,22,6,4,4,1:36.330,NULL,NULL,historical
1573,173,18,3,10,5,1:36.628,NULL,NULL,historical
1574,173,23,3,9,6,1:36.788,NULL,NULL,historical
1575,173,56,19,7,7,1:36.899,NULL,NULL,historical
1576,173,49,17,5,8,1:37.243,NULL,NULL,historical
1577,173,35,16,22,9,1:37.267,NULL,NULL,historical
1578,173,65,19,8,10,1:37.329,NULL,NULL,historical
1579,173,25,22,12,11,1:37.348,NULL,NULL,historical
1580,173,21,22,11,12,1:37.479,NULL,NULL,historical
1581,173,37,21,18,13,1:37.652,NULL,NULL,historical
1582,173,50,21,19,14,1:37.674,NULL,NULL,historical
1583,173,15,17,6,15,1:37.679,NULL,NULL,historical
1584,173,2,20,15,16,1:38.141,NULL,NULL,historical
1585,173,55,20,14,17,1:38.209,NULL,NULL,historical
1586,173,41,16,23,18,1:38.269,NULL,NULL,historical
1587,173,63,15,17,19,1:38.490,NULL,NULL,historical
1588,173,64,15,16,20,1:38.576,NULL,NULL,historical
1589,173,48,18,20,21,1:39.972,NULL,NULL,historical
1590,173,60,18,21,22,1:40.462,NULL,NULL,historical
1591,175,57,1,1,1,1:30.462,NULL,NULL,historical
1592,175,14,1,2,2,1:30.946,NULL,NULL,historical
1593,175,30,6,3,3,1:31.781,NULL,NULL,historical
1594,175,22,24,16,4,1:32.148,NULL,NULL,historical
1595,175,49,17,8,5,1:32.276,NULL,NULL,historical
1596,175,56,6,4,6,1:32.289,NULL,NULL,historical
1597,175,21,22,9,7,1:32.540,NULL,NULL,historical
1598,175,23,3,6,8,1:32.691,NULL,NULL,historical
1599,175,71,17,7,9,1:32.695,NULL,NULL,historical
1600,175,25,22,10,10,1:32.789,NULL,NULL,historical
1601,175,35,16,22,11,1:32.888,NULL,NULL,historical
1602,175,15,20,19,12,1:32.971,NULL,NULL,historical
1603,175,65,24,17,13,1:32.991,NULL,NULL,historical
1604,175,64,15,12,14,1:33.374,NULL,NULL,historical
1605,175,70,3,5,15,1:33.549,NULL,NULL,historical
1606,175,55,15,11,16,1:33.910,NULL,NULL,historical
1607,175,68,21,15,17,1:34.182,NULL,NULL,historical
1608,175,37,21,14,18,1:34.244,NULL,NULL,historical
1609,175,41,16,23,19,1:34.412,NULL,NULL,historical
1610,175,44,20,18,20,1:35.068,NULL,NULL,historical
1611,175,69,18,20,21,1:35.316,NULL,NULL,historical
1612,175,48,18,21,22,1:37.013,NULL,NULL,historical
1613,176,57,1,1,1,1:16.568,NULL,NULL,historical
1614,176,14,1,2,2,1:16.715,NULL,NULL,historical
1615,176,22,24,16,3,1:17.305,NULL,NULL,historical
1616,176,30,6,3,4,1:17.578,NULL,NULL,historical
1617,176,21,22,9,5,1:17.810,NULL,NULL,historical
1618,176,56,6,4,6,1:17.843,NULL,NULL,historical
1619,176,71,17,7,7,1:17.884,NULL,NULL,historical
1620,176,49,17,8,8,1:17.902,NULL,NULL,historical
1621,176,25,22,10,9,1:18.334,NULL,NULL,historical
1622,176,65,24,17,10,1:18.374,NULL,NULL,historical
1623,176,23,3,6,11,1:18.506,NULL,NULL,historical
1624,176,44,20,18,12,1:18.636,NULL,NULL,historical
1625,176,15,20,19,13,1:18.684,NULL,NULL,historical
1626,176,55,15,11,14,1:18.716,NULL,NULL,historical
1627,176,64,15,12,15,1:19.194,NULL,NULL,historical
1628,176,70,3,5,16,1:19.452,NULL,NULL,historical
1629,176,72,18,20,17,1:20.016,NULL,NULL,historical
1630,176,37,21,14,18,1:20.075,NULL,NULL,historical
1631,176,68,21,15,19,1:20.096,NULL,NULL,historical
1632,176,48,18,21,20,1:20.710,NULL,NULL,historical
1633,176,35,16,22,21,NULL,NULL,NULL,historical
1634,177,57,1,1,1,1:26.362,NULL,NULL,historical
1635,177,14,1,2,2,1:26.384,NULL,NULL,historical
1636,177,30,6,3,3,1:26.538,NULL,NULL,historical
1637,177,56,6,4,4,1:26.993,NULL,NULL,historical
1638,177,35,16,22,5,1:27.313,NULL,NULL,historical
1639,177,22,24,16,6,1:27.409,NULL,NULL,historical
1640,177,49,17,8,7,1:27.613,NULL,NULL,historical
1641,177,71,17,7,8,1:27.708,NULL,NULL,historical
1642,177,23,3,6,9,1:27.770,NULL,NULL,historical
1643,177,70,3,5,10,1:28.142,NULL,NULL,historical
1644,177,44,20,18,11,1:28.205,NULL,NULL,historical
1645,177,65,24,17,12,1:28.246,NULL,NULL,historical
1646,177,55,15,11,13,1:28.253,NULL,NULL,historical
1647,177,15,20,19,14,1:28.403,NULL,NULL,historical
1648,177,64,15,12,15,1:28.599,NULL,NULL,historical
1649,177,21,22,9,16,1:28.750,NULL,NULL,historical
1650,177,25,22,10,17,1:28.765,NULL,NULL,historical
1651,177,37,21,14,18,1:29.293,NULL,NULL,historical
1652,177,63,16,23,19,1:29.451,NULL,NULL,historical
1653,177,68,21,15,20,1:29.656,NULL,NULL,historical
1654,177,48,18,21,21,1:30.035,NULL,NULL,historical
1655,177,69,18,22,22,1:30.945,NULL,NULL,historical
1656,191,57,1,8,1,1:30.010,NULL,NULL,historical
1657,191,14,1,7,2,1:30.053,NULL,NULL,historical
1658,191,30,6,3,3,1:30.767,NULL,NULL,historical
1659,191,35,3,1,4,1:30.919,NULL,NULL,historical
1660,191,65,15,15,5,1:31.384,NULL,NULL,historical
1661,191,49,3,2,6,1:31.397,NULL,NULL,historical
1662,191,21,22,5,7,1:31.733,NULL,NULL,historical
1663,191,56,6,4,8,1:31.767,NULL,NULL,historical
1664,191,23,17,10,9,1:32.392,NULL,NULL,historical
1665,191,71,17,9,10,1:32.399,NULL,NULL,historical
1666,191,25,22,6,11,1:32.726,NULL,NULL,historical
1667,191,55,15,14,12,1:33.240,NULL,NULL,historical
1668,191,68,25,20,13,1:33.291,NULL,NULL,historical
1669,191,22,24,18,14,1:33.383,NULL,NULL,historical
1670,191,15,20,12,15,1:33.739,NULL,NULL,historical
1671,191,63,21,17,16,1:33.927,NULL,NULL,historical
1672,191,74,18,23,17,1:34.646,NULL,NULL,historical
1673,191,76,24,19,18,1:34.906,NULL,NULL,historical
1674,191,73,25,20,19,1:35.119,NULL,NULL,historical
1675,191,64,21,16,20,1:35.140,NULL,NULL,historical
1676,191,44,20,14,21,1:35.215,NULL,NULL,historical
1677,191,75,18,22,22,1:35.301,NULL,NULL,historical
1678,192,57,1,8,1,1:17.092,NULL,NULL,historical
1679,192,14,1,7,2,1:17.757,NULL,NULL,historical
1680,192,49,3,2,3,1:18.109,NULL,NULL,historical
1681,192,30,6,3,4,1:18.250,NULL,NULL,historical
1682,192,25,22,6,5,1:18.261,NULL,NULL,historical
1683,192,56,6,4,6,1:18.449,NULL,NULL,historical
1684,192,21,22,5,7,1:18.652,NULL,NULL,historical
1685,192,23,17,10,8,1:18.735,NULL,NULL,historical
1686,192,44,20,14,9,1:18.753,NULL,NULL,historical
1687,192,35,3,1,10,1:18.761,NULL,NULL,historical
1688,192,71,17,9,11,1:18.988,NULL,NULL,historical
1689,192,15,20,12,12,1:19.069,NULL,NULL,historical
1690,192,22,24,18,13,1:19.344,NULL,NULL,historical
1691,192,65,15,15,14,1:19.375,NULL,NULL,historical
1692,192,55,15,14,15,1:19.449,NULL,NULL,historical
1693,192,76,24,19,16,1:19.644,NULL,NULL,historical
1694,192,68,25,21,17,1:20.203,NULL,NULL,historical
1695,192,75,18,22,18,1:20.390,NULL,NULL,historical
1696,192,74,18,23,19,1:20.459,NULL,NULL,historical
1697,192,63,21,17,20,1:20.481,NULL,NULL,historical
1698,192,73,25,20,21,1:20.748,NULL,NULL,historical
1699,192,64,21,16,22,1:20.847,NULL,NULL,historical
1700,193,14,1,7,1,1:25.852,NULL,NULL,historical
1701,193,30,6,3,2,1:26.251,NULL,NULL,historical
1702,193,57,1,8,3,1:26.632,NULL,NULL,historical
1703,193,56,6,4,4,1:26.780,NULL,NULL,historical
1704,193,23,17,10,5,1:26.827,NULL,NULL,historical
1705,193,49,3,2,6,1:26.876,NULL,NULL,historical
1706,193,35,3,1,7,1:26.941,NULL,NULL,historical
1707,193,25,22,6,8,1:27.198,NULL,NULL,historical
1708,193,71,17,9,9,1:27.483,NULL,NULL,historical
1709,193,21,22,5,10,1:27.836,NULL,NULL,historical
1710,193,55,15,14,11,1:27.839,NULL,NULL,historical
1711,193,65,15,15,12,1:28.016,NULL,NULL,historical
1712,193,68,25,18,13,1:28.811,NULL,NULL,historical
1713,193,22,24,18,14,1:29.249,NULL,NULL,historical
1714,193,44,20,11,15,1:29.320,NULL,NULL,historical
1715,193,15,20,12,16,1:29.352,NULL,NULL,historical
1716,193,63,21,17,17,1:29.617,NULL,NULL,historical
1717,193,64,21,16,18,1:29.617,NULL,NULL,historical
1718,193,75,18,22,19,1:30.054,NULL,NULL,historical
1719,193,74,18,23,20,1:30.158,NULL,NULL,historical
1720,193,73,25,20,21,1:30.437,NULL,NULL,historical
1721,193,76,24,19,22,1:31.178,NULL,NULL,historical
1722,199,57,1,8,1,1:23.271,NULL,NULL,historical
1723,199,30,6,3,2,1:23.720,NULL,NULL,historical
1724,199,35,3,1,3,1:24.102,NULL,NULL,historical
1725,199,14,1,7,4,1:24.310,NULL,NULL,historical
1726,199,56,6,4,5,1:24.436,NULL,NULL,historical
1727,199,49,3,2,6,1:24.442,NULL,NULL,historical
1728,199,71,17,9,7,1:24.542,NULL,NULL,historical
1729,199,55,15,14,8,1:25.081,NULL,NULL,historical
1730,199,65,15,15,9,1:25.084,NULL,NULL,historical
1731,199,21,22,5,10,1:25.654,NULL,NULL,historical
1732,199,25,22,6,11,1:25.760,NULL,NULL,historical
1733,199,64,21,16,12,1:26.376,NULL,NULL,historical
1734,199,63,21,17,13,1:26.487,NULL,NULL,historical
1735,199,15,20,12,14,1:26.808,NULL,NULL,historical
1736,199,50,24,19,15,1:26.948,NULL,NULL,historical
1737,199,22,24,18,16,1:26.990,NULL,NULL,historical
1738,199,68,25,21,17,1:27.061,NULL,NULL,historical
1739,199,74,18,23,18,1:28.051,NULL,NULL,historical
1740,199,75,18,22,19,1:28.123,NULL,NULL,historical
1741,199,73,25,20,20,1:28.608,NULL,NULL,historical
1742,199,23,17,9,21,NULL,NULL,NULL,historical
1743,199,44,20,11,22,NULL,NULL,NULL,historical
1744,200,21,22,5,1,1:29.598,NULL,NULL,historical
1745,200,55,15,14,2,1:30.317,NULL,NULL,historical
1746,200,57,1,8,3,1:30.517,NULL,NULL,historical
1747,200,30,6,3,4,1:30.551,NULL,NULL,historical
1748,200,22,24,18,5,1:31.005,NULL,NULL,historical
1749,200,63,21,17,6,1:31.028,NULL,NULL,historical
1750,200,49,3,2,7,1:31.515,NULL,NULL,historical
1751,200,56,6,4,8,1:31.651,NULL,NULL,historical
1752,200,23,17,10,9,1:31.917,NULL,NULL,historical
1753,200,44,20,11,10,1:32.081,NULL,NULL,historical
1754,200,35,3,1,11,1:32.083,NULL,NULL,historical
1755,200,50,24,19,12,1:32.099,NULL,NULL,historical
1756,200,64,21,16,13,1:32.206,NULL,NULL,historical
1757,200,14,1,7,14,1:32.399,NULL,NULL,historical
1758,200,71,17,9,15,1:32.718,NULL,NULL,historical
1759,200,15,20,12,16,1:32.906,NULL,NULL,historical
1760,200,25,22,6,17,1:33.185,NULL,NULL,historical
1761,200,65,15,15,18,1:33.205,NULL,NULL,historical
1762,200,74,18,23,19,1:33.399,NULL,NULL,historical
1763,200,68,25,21,20,1:34.090,NULL,NULL,historical
1764,200,75,18,22,21,1:34.536,NULL,NULL,historical
1765,200,73,25,20,22,1:34.910,NULL,NULL,historical
1766,201,57,1,8,1,1:41.838,NULL,NULL,historical
1767,201,14,1,7,2,1:42.347,NULL,NULL,historical
1768,201,35,3,1,3,1:42.365,NULL,NULL,historical
1769,201,23,17,10,4,1:42.994,NULL,NULL,historical
1770,201,71,17,9,5,1:43.183,NULL,NULL,historical
1771,201,56,6,4,6,1:43.270,NULL,NULL,historical
1772,201,25,22,6,7,1:43.341,NULL,NULL,historical
1773,201,21,22,5,8,1:43.369,NULL,NULL,historical
1774,201,30,6,3,9,1:43.459,NULL,NULL,historical
1775,201,49,3,2,10,1:43.467,NULL,NULL,historical
1776,201,55,15,14,11,1:43.663,NULL,NULL,historical
1777,201,65,15,15,12,1:44.599,NULL,NULL,historical
1778,201,22,24,16,13,1:44.776,NULL,NULL,historical
1779,201,15,20,12,14,1:44.844,NULL,NULL,historical
1780,201,68,25,21,15,1:44.961,NULL,NULL,historical
1781,201,44,20,11,16,1:45.197,NULL,NULL,historical
1782,201,63,21,17,17,1:45.276,NULL,NULL,historical
1783,201,64,21,16,18,1:45.588,NULL,NULL,historical
1784,201,50,24,19,19,1:45.623,NULL,NULL,historical
1785,201,75,18,22,20,1:46.713,NULL,NULL,historical
1786,201,74,18,23,21,1:47.265,NULL,NULL,historical
1787,203,57,1,8,1,1:48.682,NULL,NULL,historical
1788,203,14,1,7,2,1:48.845,NULL,NULL,historical
1789,203,71,17,9,3,1:49.728,NULL,NULL,historical
1790,203,30,6,3,4,1:50.027,NULL,NULL,historical
1791,203,56,6,4,5,1:50.189,NULL,NULL,historical
1792,203,35,3,1,6,1:50.204,NULL,NULL,historical
1793,203,21,22,5,7,1:50.462,NULL,NULL,historical
1794,203,23,17,10,8,1:50.501,NULL,NULL,historical
1795,203,49,3,2,9,1:50.686,NULL,NULL,historical
1796,203,55,15,14,10,1:51.189,NULL,NULL,historical
1797,203,25,22,6,11,1:51.648,NULL,NULL,historical
1798,203,65,15,15,12,1:51.851,NULL,NULL,historical
1799,203,15,20,12,13,1:52.572,NULL,NULL,historical
1800,203,22,24,18,14,1:52.670,NULL,NULL,historical
1801,203,44,20,11,15,1:52.784,NULL,NULL,historical
1802,203,64,21,16,16,1:53.037,NULL,NULL,historical
1803,203,50,24,19,17,1:53.149,NULL,NULL,historical
1804,203,63,21,17,18,1:53.207,NULL,NULL,historical
1805,203,68,25,21,19,1:53.237,NULL,NULL,historical
1806,203,73,25,20,20,1:54.850,NULL,NULL,historical
1807,203,75,18,22,21,1:55.084,NULL,NULL,historical
1808,203,74,18,23,22,1:55.520,NULL,NULL,historical
1809,207,35,3,3,1,1:29.369,NULL,NULL,historical
1810,207,49,3,4,2,1:31.123,NULL,NULL,historical
1811,207,30,6,5,3,1:31.472,NULL,NULL,historical
1812,207,14,1,10,4,1:31.531,NULL,NULL,historical
1813,207,56,6,6,5,1:31.881,NULL,NULL,historical
1814,207,57,1,9,6,1:31.971,NULL,NULL,historical
1815,207,65,15,16,7,1:32.287,NULL,NULL,historical
1816,207,55,22,7,8,1:32.593,NULL,NULL,historical
1817,207,44,20,14,9,1:32.842,NULL,NULL,historical
1818,207,77,22,8,10,1:32.870,NULL,NULL,historical
1819,207,22,24,22,11,1:33.075,NULL,NULL,historical
1820,207,23,17,11,12,1:33.130,NULL,NULL,historical
1821,207,78,15,17,13,1:33.327,NULL,NULL,historical
1822,207,21,17,12,14,1:33.552,NULL,NULL,historical
1823,207,79,18,20,15,1:33.798,NULL,NULL,historical
1824,207,75,20,15,16,1:33.989,NULL,NULL,historical
1825,207,15,18,21,17,1:34.120,NULL,NULL,historical
1826,207,63,25,19,18,1:34.229,NULL,NULL,historical
1827,207,76,24,23,19,1:34.623,NULL,NULL,historical
1828,207,71,21,1,20,1:34.806,NULL,NULL,historical
1829,207,50,25,18,21,1:34.943,NULL,NULL,historical
1830,207,64,21,2,22,1:35.972,NULL,NULL,historical
1831,208,35,3,3,1,1:16.004,NULL,NULL,historical
1832,208,30,6,5,2,1:16.594,NULL,NULL,historical
1833,208,77,22,8,3,1:16.644,NULL,NULL,historical
1834,208,57,1,9,4,1:16.692,NULL,NULL,historical
1835,208,44,20,14,5,1:16.756,NULL,NULL,historical
1836,208,55,22,7,6,1:16.757,NULL,NULL,historical
1837,208,21,17,12,7,1:16.912,NULL,NULL,historical
1838,208,49,3,4,8,1:16.971,NULL,NULL,historical
1839,208,71,21,1,9,1:17.090,NULL,NULL,historical
1840,208,23,17,11,10,1:17.175,NULL,NULL,historical
1841,208,22,24,22,11,1:17.259,NULL,NULL,historical
1842,208,14,1,10,12,1:17.262,NULL,NULL,historical
1843,208,65,15,16,13,1:17.409,NULL,NULL,historical
1844,208,56,6,6,14,1:17.527,NULL,NULL,historical
1845,208,75,20,15,15,1:17.999,NULL,NULL,historical
1846,208,64,21,2,16,1:18.095,NULL,NULL,historical
1847,208,15,18,21,17,1:18.336,NULL,NULL,historical
1848,208,79,18,20,18,1:18.557,NULL,NULL,historical
1849,208,78,15,17,19,1:18.644,NULL,NULL,historical
1850,208,76,24,23,20,1:18.773,NULL,NULL,historical
1851,208,50,25,18,21,1:18.885,NULL,NULL,historical
1852,208,63,25,19,22,1:19.274,NULL,NULL,historical
1853,209,35,3,3,1,1:24.473,NULL,NULL,historical
1854,209,49,3,4,2,1:25.271,NULL,NULL,historical
1855,209,44,20,14,3,1:25.491,NULL,NULL,historical
1856,209,30,6,5,4,1:25.773,NULL,NULL,historical
1857,209,22,24,22,5,1:25.942,NULL,NULL,historical
1858,209,23,17,11,6,1:26.218,NULL,NULL,historical
1859,209,56,6,6,7,1:26.327,NULL,NULL,historical
1860,209,65,15,16,8,1:26.564,NULL,NULL,historical
1861,209,21,17,12,9,1:26.619,NULL,NULL,historical
1862,209,14,1,10,10,1:26.799,NULL,NULL,historical
1863,209,55,22,7,11,1:27.076,NULL,NULL,historical
1864,209,77,22,8,12,1:27.259,NULL,NULL,historical
1865,209,71,21,1,13,1:27.281,NULL,NULL,historical
1866,209,78,15,17,14,1:27.690,NULL,NULL,historical
1867,209,76,24,23,15,1:28.035,NULL,NULL,historical
1868,209,50,25,18,16,1:28.094,NULL,NULL,historical
1869,209,57,1,9,17,1:28.135,NULL,NULL,historical
1870,209,15,18,21,18,1:28.160,NULL,NULL,historical
1871,209,63,25,19,19,1:28.224,NULL,NULL,historical
1872,209,75,20,15,20,1:28.366,NULL,NULL,historical
1873,209,79,18,20,21,1:28.413,NULL,NULL,historical
1874,209,64,21,2,22,1:28.696,NULL,NULL,historical
1875,210,35,3,3,1,1:23.303,NULL,NULL,historical
1876,210,49,3,4,2,1:23.646,NULL,NULL,historical
1877,210,30,6,5,3,1:23.955,NULL,NULL,historical
1878,210,44,20,14,4,1:24.075,NULL,NULL,historical
1879,210,23,17,11,5,1:24.081,NULL,NULL,historical
1880,210,21,17,12,6,1:24.596,NULL,NULL,historical
1881,210,65,15,16,7,1:24.723,NULL,NULL,historical
1882,210,57,1,9,8,1:24.812,NULL,NULL,historical
1883,210,56,6,6,9,1:24.862,NULL,NULL,historical
1884,210,14,1,10,10,1:25.077,NULL,NULL,historical
1885,210,77,22,8,11,1:25.371,NULL,NULL,historical
1886,210,78,15,17,12,1:25.554,NULL,NULL,historical
1887,210,22,24,22,13,1:25.579,NULL,NULL,historical
1888,210,55,22,7,14,1:25.729,NULL,NULL,historical
1889,210,71,21,1,15,1:25.743,NULL,NULL,historical
1890,210,76,24,23,16,1:26.192,NULL,NULL,historical
1891,210,64,21,2,17,1:26.253,NULL,NULL,historical
1892,210,75,20,15,18,1:26.712,NULL,NULL,historical
1893,210,63,25,19,19,1:26.852,NULL,NULL,historical
1894,210,15,18,21,20,1:26.960,NULL,NULL,historical
1895,210,50,25,18,21,1:27.428,NULL,NULL,historical
1896,210,79,18,20,22,1:28.727,NULL,NULL,historical
1897,211,49,3,4,1,1:18.216,NULL,NULL,historical
1898,211,30,6,5,2,1:18.235,NULL,NULL,historical
1899,211,35,3,3,3,1:18.583,NULL,NULL,historical
1900,211,21,17,12,4,1:18.665,NULL,NULL,historical
1901,211,14,1,10,5,1:18.779,NULL,NULL,historical
1902,211,23,17,11,6,1:18.943,NULL,NULL,historical
1903,211,65,15,16,7,1:19.105,NULL,NULL,historical
1904,211,57,1,9,8,1:19.119,NULL,NULL,historical
1905,211,55,22,7,9,1:19.263,NULL,NULL,historical
1906,211,22,24,22,10,1:19.295,NULL,NULL,historical
1907,211,78,15,17,11,1:19.468,NULL,NULL,historical
1908,211,44,20,14,12,1:19.626,NULL,NULL,historical
1909,211,71,21,1,13,1:19.674,NULL,NULL,historical
1910,211,63,25,18,14,1:19.694,NULL,NULL,historical
1911,211,56,6,6,15,1:19.723,NULL,NULL,historical
1912,211,64,21,2,16,1:19.860,NULL,NULL,historical
1913,211,77,22,8,17,1:20.199,NULL,NULL,historical
1914,211,15,18,21,18,1:20.349,NULL,NULL,historical
1915,211,76,24,23,19,1:20.516,NULL,NULL,historical
1916,211,79,18,20,20,1:20.606,NULL,NULL,historical
1917,211,75,20,15,21,1:20.961,NULL,NULL,historical
1918,211,50,25,19,22,1:21.290,NULL,NULL,historical
1919,212,35,3,3,1,1:16.525,NULL,NULL,historical
1920,212,49,3,4,2,1:16.791,NULL,NULL,historical
1921,212,14,1,10,3,1:17.521,NULL,NULL,historical
1922,212,55,22,7,4,1:17.717,NULL,NULL,historical
1923,212,57,1,10,5,1:17.737,NULL,NULL,historical
1924,212,77,22,8,6,1:18.041,NULL,NULL,historical
1925,212,30,6,5,7,1:18.313,NULL,NULL,historical
1926,212,21,17,12,8,1:18.385,NULL,NULL,historical
1927,212,23,17,11,9,1:18.423,NULL,NULL,historical
1928,212,65,15,16,10,1:18.494,NULL,NULL,historical
1929,212,56,6,6,11,1:18.873,NULL,NULL,historical
1930,212,44,20,14,12,1:19.157,NULL,NULL,historical
1931,212,81,15,17,13,1:19.323,NULL,NULL,historical
1932,212,63,25,18,14,1:20.079,NULL,NULL,historical
1933,212,71,21,1,15,1:20.089,NULL,NULL,historical
1934,212,75,20,15,16,1:20.103,NULL,NULL,historical
1935,212,22,24,22,17,1:20.255,NULL,NULL,historical
1936,212,15,18,21,18,1:20.452,NULL,NULL,historical
1937,212,50,25,19,19,1:20.582,NULL,NULL,historical
1938,212,79,18,20,20,1:20.672,NULL,NULL,historical
1939,212,64,21,2,21,1:21.029,NULL,NULL,historical
1940,212,76,24,23,22,1:21.060,NULL,NULL,historical
1941,213,30,6,5,1,1:18.095,NULL,NULL,historical
1942,213,35,3,3,2,1:18.108,NULL,NULL,historical
1943,213,22,24,22,3,1:18.388,NULL,NULL,historical
1944,213,49,3,4,4,1:18.464,NULL,NULL,historical
1945,213,14,1,10,5,1:18.466,NULL,NULL,historical
1946,213,21,17,12,6,1:18.750,NULL,NULL,historical
1947,213,23,17,11,7,1:18.869,NULL,NULL,historical
1948,213,55,22,7,8,1:18.899,NULL,NULL,historical
1949,213,57,1,9,9,1:18.916,NULL,NULL,historical
1950,213,44,20,14,10,1:19.034,NULL,NULL,historical
1951,213,25,22,8,11,1:19.286,NULL,NULL,historical
1952,213,56,6,6,12,1:19.503,NULL,NULL,historical
1953,213,65,15,16,13,1:19.622,NULL,NULL,historical
1954,213,50,25,19,14,1:20.102,NULL,NULL,historical
1955,213,71,21,1,15,1:20.129,NULL,NULL,historical
1956,213,64,21,2,16,1:20.175,NULL,NULL,historical
1957,213,63,25,18,17,1:20.336,NULL,NULL,historical
1958,213,81,15,17,18,1:20.357,NULL,NULL,historical
1959,213,75,20,15,19,1:20.370,NULL,NULL,historical
1960,213,15,18,21,20,1:20.370,NULL,NULL,historical
1961,213,76,24,23,21,1:20.491,NULL,NULL,historical
1962,213,79,18,20,22,1:21.034,NULL,NULL,historical
1963,214,30,6,5,1,1:14.548,NULL,NULL,historical
1964,214,49,3,4,2,1:14.749,NULL,NULL,historical
1965,214,23,17,11,3,1:14.755,NULL,NULL,historical
1966,214,35,3,3,4,1:14.800,NULL,NULL,historical
1967,214,56,6,6,5,1:14.860,NULL,NULL,historical
1968,214,15,20,14,6,1:14.957,NULL,NULL,historical
1969,214,25,22,8,7,1:14.986,NULL,NULL,historical
1970,214,55,22,7,8,1:15.228,NULL,NULL,historical
1971,214,14,1,10,9,1:15.270,NULL,NULL,historical
1972,214,57,1,9,10,1:15.339,NULL,NULL,historical
1973,214,21,17,12,11,1:15.453,NULL,NULL,historical
1974,214,22,24,22,12,1:15.876,NULL,NULL,historical
1975,214,75,20,15,13,1:15.876,NULL,NULL,historical
1976,214,65,15,16,14,1:16.018,NULL,NULL,historical
1977,214,76,24,23,15,1:16.149,NULL,NULL,historical
1978,214,64,21,2,16,1:16.536,NULL,NULL,historical
1979,214,71,21,1,17,1:16.729,NULL,NULL,historical
1980,214,50,25,19,18,1:16.941,NULL,NULL,historical
1981,214,63,25,18,19,1:17.256,NULL,NULL,historical
1982,214,82,15,17,20,1:17.538,NULL,NULL,historical
1983,214,79,18,20,21,1:17.563,NULL,NULL,historical
1984,214,58,18,21,22,1:18.280,NULL,NULL,historical
1985,215,35,3,3,1,1:21.598,NULL,NULL,historical
1986,215,49,3,4,2,1:21.732,NULL,NULL,historical
1987,215,57,1,9,3,1:21.797,NULL,NULL,historical
1988,215,30,6,5,4,1:21.977,NULL,NULL,historical
1989,215,23,17,11,5,1:22.277,NULL,NULL,historical
1990,215,14,1,10,6,1:22.279,NULL,NULL,historical
1991,215,56,6,6,7,1:22.342,NULL,NULL,historical
1992,215,25,22,8,8,1:22.344,NULL,NULL,historical
1993,215,65,15,16,9,1:22.368,NULL,NULL,historical
1994,215,21,17,12,10,1:22.371,NULL,NULL,historical
1995,215,55,22,17,11,1:22.392,NULL,NULL,historical
1996,215,71,21,1,12,1:23.271,NULL,NULL,historical
1997,215,15,20,14,13,1:23.366,NULL,NULL,historical
1998,215,75,20,15,14,1:23.887,NULL,NULL,historical
1999,215,76,24,23,15,1:24.067,NULL,NULL,historical
2000,215,64,21,2,16,1:24.239,NULL,NULL,historical
2001,215,63,25,19,17,1:24.478,NULL,NULL,historical
2002,215,79,18,20,18,1:24.553,NULL,NULL,historical
2003,215,50,25,18,19,1:25.010,NULL,NULL,historical
2004,215,58,18,21,20,1:25.154,NULL,NULL,historical
2005,215,22,24,22,21,1:25.525,NULL,NULL,historical
2006,215,82,15,17,22,NULL,NULL,NULL,historical
2007,216,77,22,8,1,1:41.873,NULL,NULL,historical
2008,216,21,17,12,2,1:41.896,NULL,NULL,historical
2009,216,57,1,9,3,1:42.034,NULL,NULL,historical
2010,216,30,6,5,4,1:42.181,NULL,NULL,historical
2011,216,49,3,4,5,1:42.421,NULL,NULL,historical
2012,216,55,22,7,6,1:42.493,NULL,NULL,historical
2013,216,23,17,11,7,1:42.498,NULL,NULL,historical
2014,216,14,1,10,8,1:42.687,NULL,NULL,historical
2015,216,35,3,3,9,1:42.967,NULL,NULL,historical
2016,216,56,6,6,10,1:43.209,NULL,NULL,historical
2017,216,15,20,14,11,1:43.226,NULL,NULL,historical
2018,216,22,24,22,12,1:43.272,NULL,NULL,historical
2019,216,71,21,1,13,1:43.361,NULL,NULL,historical
2020,216,65,15,16,14,1:43.660,NULL,NULL,historical
2021,216,76,24,23,15,1:43.927,NULL,NULL,historical
2022,216,64,21,2,16,1:44.069,NULL,NULL,historical
2023,216,75,20,15,17,1:44.112,NULL,NULL,historical
2024,216,82,15,17,18,1:44.552,NULL,NULL,historical
2025,216,63,25,18,19,1:45.372,NULL,NULL,historical
2026,216,50,25,19,20,1:45.811,NULL,NULL,historical
2027,216,58,18,21,21,1:45.942,NULL,NULL,historical
2028,216,79,18,20,22,1:46.499,NULL,NULL,historical
2029,224,35,3,6,1,1:32.371,NULL,NULL,historical
2030,224,71,3,5,2,1:32.509,NULL,NULL,historical
2031,224,56,6,2,3,1:32.889,NULL,NULL,historical
2032,224,30,6,1,4,1:33.125,NULL,NULL,historical
2033,224,57,1,7,5,1:34.054,NULL,NULL,historical
2034,224,55,22,3,6,1:34.257,NULL,NULL,historical
2035,224,77,22,4,7,1:34.344,NULL,NULL,historical
2036,224,22,17,11,8,1:34.474,NULL,NULL,historical
2037,224,49,15,15,9,1:34.494,NULL,NULL,historical
2038,224,63,25,19,10,1:34.832,NULL,NULL,historical
2039,224,44,27,9,11,1:35.330,NULL,NULL,historical
2040,224,50,29,17,12,1:35.338,NULL,NULL,historical
2041,224,14,1,8,13,1:35.351,NULL,NULL,historical
2042,224,65,15,14,14,1:35.453,NULL,NULL,historical
2043,224,79,25,18,15,1:35.715,NULL,NULL,historical
2044,224,21,18,21,16,1:35.898,NULL,NULL,historical
2045,224,83,18,20,17,1:36.109,NULL,NULL,historical
2046,224,73,29,16,18,1:36.198,NULL,NULL,historical
2047,224,84,17,12,19,1:36.286,NULL,NULL,historical
2048,224,64,27,10,20,1:36.298,NULL,NULL,historical
2049,225,71,3,5,1,1:18.111,NULL,NULL,historical
2050,225,22,17,11,2,1:19.092,NULL,NULL,historical
2051,225,35,3,6,3,1:19.254,NULL,NULL,historical
2052,225,30,6,1,4,1:19.474,NULL,NULL,historical
2053,225,55,22,3,5,1:19.484,NULL,NULL,historical
2054,225,84,17,12,6,1:19.519,NULL,NULL,historical
2055,225,57,1,7,7,1:19.607,NULL,NULL,historical
2056,225,77,22,4,8,1:19.762,NULL,NULL,historical
2057,225,49,15,15,9,1:19.799,NULL,NULL,historical
2058,225,56,6,2,10,1:19.951,NULL,NULL,historical
2059,225,63,25,19,11,1:20.000,NULL,NULL,historical
2060,225,65,15,14,12,1:20.144,NULL,NULL,historical
2061,225,50,29,17,13,1:20.157,NULL,NULL,historical
2062,225,14,1,8,14,1:20.167,NULL,NULL,historical
2063,225,44,27,9,15,1:20.426,NULL,NULL,historical
2064,225,79,25,18,16,1:20.427,NULL,NULL,historical
2065,225,73,29,16,17,1:20.440,NULL,NULL,historical
2066,225,83,18,20,18,1:21.491,NULL,NULL,historical
2067,225,69,28,22,19,1:23.174,NULL,NULL,historical
2068,225,85,28,23,20,1:23.454,NULL,NULL,historical
2069,225,58,18,21,21,NULL,NULL,NULL,historical
2070,225,64,27,10,22,NULL,NULL,NULL,historical
2071,226,71,3,5,1,1:30.346,NULL,NULL,historical
2072,226,30,6,1,2,1:30.598,NULL,NULL,historical
2073,226,35,3,6,3,1:30.907,NULL,NULL,historical
2074,226,55,22,3,4,1:31.038,NULL,NULL,historical
2075,226,77,22,4,5,1:31.262,NULL,NULL,historical
2076,226,22,17,11,6,1:31.404,NULL,NULL,historical
2077,226,50,29,17,7,1:31.615,NULL,NULL,historical
2078,226,57,1,7,8,1:31.801,NULL,NULL,historical
2079,226,14,1,8,9,1:32.001,NULL,NULL,historical
2080,226,56,6,2,10,1:32.058,NULL,NULL,historical
2081,226,49,15,15,11,1:32.130,NULL,NULL,historical
2082,226,44,27,9,12,1:32.177,NULL,NULL,historical
2083,226,79,25,18,13,1:32.407,NULL,NULL,historical
2084,226,58,18,21,14,1:32.502,NULL,NULL,historical
2085,226,84,17,12,15,1:32.696,NULL,NULL,historical
2086,226,63,25,19,16,1:32.903,NULL,NULL,historical
2087,226,65,15,14,17,1:33.256,NULL,NULL,historical
2088,226,64,27,10,18,1:33.424,NULL,NULL,historical
2089,226,83,18,20,19,1:33.727,NULL,NULL,historical
2090,226,73,29,16,20,1:33.752,NULL,NULL,historical
2091,226,69,28,22,21,1:34.830,NULL,NULL,historical
2092,226,85,28,23,22,1:35.651,NULL,NULL,historical
2093,227,71,3,5,1,1:18.941,NULL,NULL,historical
2094,227,35,3,6,2,1:19.721,NULL,NULL,historical
2095,227,30,6,1,3,1:20.149,NULL,NULL,historical
2096,227,55,22,3,4,1:20.711,NULL,NULL,historical
2097,227,22,17,11,5,1:20.818,NULL,NULL,historical
2098,227,14,1,8,6,1:20.888,NULL,NULL,historical
2099,227,56,6,2,7,1:20.931,NULL,NULL,historical
2100,227,77,22,4,8,1:21.054,NULL,NULL,historical
2101,227,57,1,7,9,1:21.078,NULL,NULL,historical
2102,227,49,15,15,10,1:21.113,NULL,NULL,historical
2103,227,84,17,12,11,1:21.177,NULL,NULL,historical
2104,227,65,15,14,12,1:21.210,NULL,NULL,historical
2105,227,50,29,17,13,1:21.367,NULL,NULL,historical
2106,227,63,25,19,14,1:21.458,NULL,NULL,historical
2107,227,44,27,9,15,1:21.509,NULL,NULL,historical
2108,227,79,25,18,16,1:21.812,NULL,NULL,historical
2109,227,64,27,10,17,1:22.733,NULL,NULL,historical
2110,227,21,18,21,18,1:22.921,NULL,NULL,historical
2111,227,83,18,20,19,1:23.139,NULL,NULL,historical
2112,227,73,29,16,20,1:23.620,NULL,NULL,historical
2113,228,30,6,1,1,1:26.890,NULL,NULL,historical
2114,228,71,3,5,2,1:27.105,NULL,NULL,historical
2115,228,35,3,6,3,1:27.220,NULL,NULL,historical
2116,228,14,1,8,4,1:27.688,NULL,NULL,historical
2117,228,55,22,3,5,1:28.009,NULL,NULL,historical
2118,228,56,6,2,6,1:28.205,NULL,NULL,historical
2119,228,77,22,4,7,1:28.336,NULL,NULL,historical
2120,228,63,25,19,8,1:28.423,NULL,NULL,historical
2121,228,22,17,11,9,1:28.632,NULL,NULL,historical
2122,228,49,15,15,10,1:28.785,NULL,NULL,historical
2123,228,57,1,7,11,1:29.079,NULL,NULL,historical
2125,228,44,27,9,13,1:29.472,NULL,NULL,historical
2126,228,50,29,17,14,1:29.539,NULL,NULL,historical
2127,228,65,15,14,15,1:29.541,NULL,NULL,historical
2128,228,79,25,18,16,1:29.892,NULL,NULL,historical
2129,228,64,27,10,17,1:29.989,NULL,NULL,historical
2130,228,83,18,20,18,1:30.471,NULL,NULL,historical
2131,228,21,18,21,19,1:30.814,NULL,NULL,historical
2132,228,73,29,16,20,1:31.316,NULL,NULL,historical
2133,228,69,28,22,21,1:32.037,NULL,NULL,historical
2134,229,30,6,1,1,1:20.356,NULL,NULL,historical
2135,229,71,3,5,2,1:20.866,NULL,NULL,historical
2136,229,55,22,3,3,1:20.918,NULL,NULL,historical
2137,229,77,22,4,4,1:21.067,NULL,NULL,historical
2138,229,14,1,8,5,1:21.460,NULL,NULL,historical
2139,229,22,17,11,6,1:21.504,NULL,NULL,historical
2140,229,56,6,2,7,1:21.542,NULL,NULL,historical
2141,229,57,1,7,8,1:21.688,NULL,NULL,historical
2142,229,49,15,15,9,1:21.929,NULL,NULL,historical
2143,229,35,3,6,10,1:21.963,NULL,NULL,historical
2144,229,63,25,19,11,1:22.235,NULL,NULL,historical
2145,229,50,29,17,12,1:22.327,NULL,NULL,historical
2146,229,65,15,14,13,1:22.346,NULL,NULL,historical
2147,229,44,27,9,14,1:22.358,NULL,NULL,historical
2148,229,79,25,18,15,1:22.460,NULL,NULL,historical
2149,229,84,17,12,16,1:22.519,NULL,NULL,historical
2150,229,64,27,10,17,1:22.682,NULL,NULL,historical
2151,229,21,18,21,18,1:22.684,NULL,NULL,historical
2152,229,83,18,20,19,1:23.350,NULL,NULL,historical
2153,229,73,29,16,20,1:24.976,NULL,NULL,historical
2154,229,69,28,22,21,1:25.059,NULL,NULL,historical
2155,229,85,28,23,22,1:25.393,NULL,NULL,historical
2156,230,71,3,5,1,1:20.650,NULL,NULL,historical
2157,230,35,3,6,2,1:21.084,NULL,NULL,historical
2158,230,30,6,1,3,1:21.587,NULL,NULL,historical
2159,230,55,22,3,4,1:22.061,NULL,NULL,historical
2160,230,77,22,4,5,1:22.125,NULL,NULL,historical
2161,230,56,6,2,6,1:22.333,NULL,NULL,historical
2162,230,22,17,11,7,1:22.379,NULL,NULL,historical
2163,230,44,27,9,8,1:22.685,NULL,NULL,historical
2164,230,65,15,14,9,1:23.027,NULL,NULL,historical
2165,230,57,1,7,10,1:23.070,NULL,NULL,historical
2166,230,49,15,15,11,1:23.195,NULL,NULL,historical
2167,230,63,25,19,12,1:23.224,NULL,NULL,historical
2168,230,50,29,17,13,1:23.371,NULL,NULL,historical
2169,230,14,1,8,14,1:23.416,NULL,NULL,historical
2170,230,84,17,12,15,1:23.438,NULL,NULL,historical
2171,230,79,25,18,16,1:24.401,NULL,NULL,historical
2172,230,64,27,10,17,1:24.468,NULL,NULL,historical
2173,230,83,18,20,18,1:25.274,NULL,NULL,historical
2174,230,21,18,21,19,1:25.531,NULL,NULL,historical
2175,230,73,29,16,20,1:25.621,NULL,NULL,historical
2176,240,71,3,5,1,1:20.081,NULL,NULL,historical
2177,240,30,22,1,2,1:20.382,NULL,NULL,historical
2178,240,14,3,6,3,1:20.422,NULL,NULL,historical
2179,240,65,22,2,4,1:20.888,NULL,NULL,historical
2180,240,77,6,28,5,1:20.906,NULL,NULL,historical
2181,240,55,6,27,6,1:21.041,NULL,NULL,historical
2182,240,57,1,8,7,1:21.399,NULL,NULL,historical
2183,240,56,17,15,8,1:21.749,NULL,NULL,historical
2184,240,87,1,7,9,1:21.779,NULL,NULL,historical
2185,240,44,27,26,10,1:21.914,NULL,NULL,historical
2186,240,79,25,3,11,1:22.325,NULL,NULL,historical
2187,240,63,25,4,12,1:22.416,NULL,NULL,historical
2188,240,81,29,9,13,1:22.468,NULL,NULL,historical
2189,240,49,15,30,14,1:22.872,NULL,NULL,historical
2190,240,88,27,25,15,1:22.971,NULL,NULL,historical
2191,240,22,17,14,16,1:22.975,NULL,NULL,historical
2192,240,94,18,23,17,1:24.383,NULL,NULL,historical
2193,240,69,18,24,18,1:24.443,NULL,NULL,historical
2194,240,91,15,29,19,1:24.723,NULL,NULL,historical
2195,240,92,30,16,20,1:25.127,NULL,NULL,historical
2196,240,89,29,10,21,1:25.225,NULL,NULL,historical
2197,240,85,30,17,22,1:25.886,NULL,NULL,historical
2198,240,90,28,22,23,1:26.269,NULL,NULL,historical
2199,240,50,31,12,24,1:27.323,NULL,NULL,historical
2200,240,64,28,21,25,1:27.792,NULL,NULL,historical
2201,240,93,31,11,26,1:28.106,NULL,NULL,historical
2202,241,14,3,6,1,1:53.241,NULL,NULL,historical
2203,241,71,3,5,2,1:54.057,NULL,NULL,historical
2204,241,30,22,1,3,1:54.272,NULL,NULL,historical
2205,241,56,17,15,4,1:54.381,NULL,NULL,historical
2206,241,57,1,8,5,1:54.529,NULL,NULL,historical
2207,241,55,6,27,6,1:54.637,NULL,NULL,historical
2208,241,63,25,4,7,1:54.757,NULL,NULL,historical
2209,241,77,6,28,8,1:55.276,NULL,NULL,historical
2210,241,49,15,30,9,1:55.583,NULL,NULL,historical
2211,241,22,17,14,10,1:56.114,NULL,NULL,historical
2212,241,65,22,6,11,1:57.068,NULL,NULL,historical
2213,241,81,29,9,12,1:57.092,NULL,NULL,historical
2214,241,69,18,24,13,1:57.167,NULL,NULL,historical
2215,241,50,31,12,14,1:57.231,NULL,NULL,historical
2216,241,79,25,3,15,1:57.484,NULL,NULL,historical
2217,241,94,18,23,16,1:58.066,NULL,NULL,historical
2218,241,87,1,7,17,1:58.660,NULL,NULL,historical
2219,241,44,27,26,18,1:58.824,NULL,NULL,historical
2220,241,88,27,25,19,1:58.882,NULL,NULL,historical
2221,241,93,31,11,20,1:59.539,NULL,NULL,historical
2222,241,91,15,29,21,2:00.751,NULL,NULL,historical
2223,241,85,30,17,22,2:01.763,NULL,NULL,historical
2224,241,92,30,16,23,2:04.050,NULL,NULL,historical
2225,241,90,28,22,24,2:04.481,NULL,NULL,historical
2226,241,64,28,21,25,2:05.932,NULL,NULL,historical
2227,241,89,29,10,26,2:07.298,NULL,NULL,historical
2228,242,30,22,1,1,1:27.274,NULL,NULL,historical
2229,242,77,6,28,2,1:27.282,NULL,NULL,historical
2230,242,14,3,6,3,1:27.459,NULL,NULL,historical
2231,242,71,3,5,4,1:27.512,NULL,NULL,historical
2232,242,55,6,27,5,1:27.813,NULL,NULL,historical
2233,242,57,1,8,6,1:28.343,NULL,NULL,historical
2234,242,56,17,15,7,1:28.516,NULL,NULL,historical
2235,242,65,22,6,8,1:29.350,NULL,NULL,historical
2236,242,95,1,7,9,1:29.517,NULL,NULL,historical
2237,242,22,17,14,10,1:29.551,NULL,NULL,historical
2238,242,81,29,9,11,1:29.582,NULL,NULL,historical
2239,242,44,27,26,12,1:30.760,NULL,NULL,historical
2240,242,63,25,4,13,1:31.035,NULL,NULL,historical
2241,242,49,15,30,14,1:31.358,NULL,NULL,historical
2242,242,79,25,3,15,1:31.630,NULL,NULL,historical
2243,242,88,27,25,16,1:31.913,NULL,NULL,historical
2244,242,50,31,12,17,1:32.156,NULL,NULL,historical
2245,242,94,18,23,18,1:32.445,NULL,NULL,historical
2246,242,89,29,10,19,1:32.710,NULL,NULL,historical
2247,242,69,18,24,20,1:33.071,NULL,NULL,historical
2248,242,91,15,29,21,1:33.494,NULL,NULL,historical
2249,242,92,30,16,22,1:33.892,NULL,NULL,historical
2250,242,93,31,11,23,1:33.965,NULL,NULL,historical
2251,242,85,30,17,24,1:35.169,NULL,NULL,historical
2252,242,90,28,22,25,1:36.065,NULL,NULL,historical
2253,242,64,28,21,26,1:36.624,NULL,NULL,historical
2254,243,30,22,1,1,1:21.452,NULL,NULL,historical
2255,243,55,6,27,2,1:22.052,NULL,NULL,historical
2256,243,77,6,28,3,1:22.071,NULL,NULL,historical
2257,243,14,3,6,4,1:22.332,NULL,NULL,historical
2258,243,71,3,5,5,1:22.349,NULL,NULL,historical
2259,243,56,17,15,6,1:23.352,NULL,NULL,historical
2260,243,65,22,2,7,1:23.536,NULL,NULL,historical
2261,243,22,17,14,8,1:23.705,NULL,NULL,historical
2262,243,57,1,8,9,1:23.833,NULL,NULL,historical
2263,243,95,1,7,10,1:23.927,NULL,NULL,historical
2264,243,84,27,25,11,1:24.727,NULL,NULL,historical
2265,243,49,15,30,12,1:24.802,NULL,NULL,historical
2266,243,63,25,4,13,1:24.971,NULL,NULL,historical
2267,243,81,29,9,14,1:25.053,NULL,NULL,historical
2268,243,44,27,26,15,1:25.204,NULL,NULL,historical
2269,243,50,31,12,16,1:25.827,NULL,NULL,historical
2270,243,79,25,3,17,1:25.946,NULL,NULL,historical
2271,243,89,29,10,18,1:26.059,NULL,NULL,historical
2272,243,94,18,23,19,1:26.619,NULL,NULL,historical
2273,243,91,15,29,20,1:27.007,NULL,NULL,historical
2274,243,69,18,24,21,1:27.345,NULL,NULL,historical
2275,243,93,31,11,22,1:27.575,NULL,NULL,historical
2276,243,85,30,17,23,1:28.094,NULL,NULL,historical
2277,243,92,30,16,24,1:28.598,NULL,NULL,historical
2278,243,90,28,22,25,1:28.963,NULL,NULL,historical
2279,243,64,28,21,26,1:29.540,NULL,NULL,historical
2280,244,71,3,5,1,1:21.952,NULL,NULL,historical
2281,244,30,22,1,2,1:22.742,NULL,NULL,historical
2282,244,14,3,6,3,1:23.109,NULL,NULL,historical
2283,244,77,6,28,4,1:23.220,NULL,NULL,historical
2284,244,55,6,27,5,1:23.754,NULL,NULL,historical
2285,244,57,1,8,6,1:23.857,NULL,NULL,historical
2286,244,65,22,2,7,1:23.885,NULL,NULL,historical
2287,244,84,27,26,8,1:24.447,NULL,NULL,historical
2288,244,56,17,15,9,1:24.857,NULL,NULL,historical
2289,244,87,1,7,10,1:24.933,NULL,NULL,historical
2290,244,22,17,14,11,1:25.081,NULL,NULL,historical
2291,244,44,27,26,12,1:25.125,NULL,NULL,historical
2292,244,81,29,9,13,1:25.447,NULL,NULL,historical
2293,244,49,15,30,14,1:25.661,NULL,NULL,historical
2294,244,79,25,3,15,1:25.808,NULL,NULL,historical
2295,244,69,18,24,16,1:25.969,NULL,NULL,historical
2296,244,63,25,4,17,1:26.473,NULL,NULL,historical
2297,244,94,18,23,18,1:26.913,NULL,NULL,historical
2298,244,96,15,29,19,1:27.145,NULL,NULL,historical
2299,244,93,31,11,20,1:28.337,NULL,NULL,historical
2300,244,92,30,16,21,1:29.039,NULL,NULL,historical
2301,244,64,28,21,22,1:29.244,NULL,NULL,historical
2302,244,50,31,12,23,1:29.391,NULL,NULL,historical
2303,244,90,28,22,24,1:29.608,NULL,NULL,historical
2304,244,85,30,17,25,1:30.149,NULL,NULL,historical
2305,244,89,29,10,26,1:31.542,NULL,NULL,historical
2306,245,30,22,1,1,1:27.661,NULL,NULL,historical
2307,245,71,3,5,2,1:28.039,NULL,NULL,historical
2308,245,14,3,6,3,1:28.091,NULL,NULL,historical
2309,245,77,6,28,4,1:28.189,NULL,NULL,historical
2310,245,55,6,27,5,1:28.474,NULL,NULL,historical
2311,245,65,22,2,6,1:28.498,NULL,NULL,historical
2312,245,57,1,8,7,1:28.910,NULL,NULL,historical
2313,245,56,17,15,8,1:29.021,NULL,NULL,historical
2314,245,22,17,14,9,1:29.171,NULL,NULL,historical
2315,245,87,1,7,10,1:29.641,NULL,NULL,historical
2316,245,44,27,26,11,1:29.809,NULL,NULL,historical
2317,245,49,15,30,12,1:30.017,NULL,NULL,historical
2318,245,81,29,9,13,1:30.159,NULL,NULL,historical
2319,245,84,27,25,14,1:30.255,NULL,NULL,historical
2320,245,63,25,4,15,1:30.657,NULL,NULL,historical
2321,245,79,25,3,16,1:31.382,NULL,NULL,historical
2322,245,94,18,23,17,1:31.445,NULL,NULL,historical
2323,245,96,15,29,18,1:31.838,NULL,NULL,historical
2324,245,69,18,24,19,1:31.853,NULL,NULL,historical
2325,245,92,30,16,20,1:32.841,NULL,NULL,historical
2326,245,85,30,17,21,1:32.894,NULL,NULL,historical
2327,245,89,29,10,22,1:32.995,NULL,NULL,historical
2328,245,90,28,22,23,1:34.000,NULL,NULL,historical
2329,245,64,28,21,24,1:34.982,NULL,NULL,historical
2330,246,71,3,5,1,1:17.225,NULL,NULL,historical
2331,246,30,22,1,2,1:17.512,NULL,NULL,historical
2332,246,14,3,6,3,1:17.925,NULL,NULL,historical
2333,246,55,6,27,4,1:18.761,NULL,NULL,historical
2334,246,22,17,14,5,1:18.810,NULL,NULL,historical
2335,246,44,27,26,6,1:19.047,NULL,NULL,historical
2336,246,77,6,28,7,1:19.051,NULL,NULL,historical
2337,246,57,1,8,8,1:19.238,NULL,NULL,historical
2338,246,84,27,25,9,1:19.384,NULL,NULL,historical
2339,246,65,22,2,10,1:19.555,NULL,NULL,historical
2340,246,56,17,15,11,1:19.845,NULL,NULL,historical
2341,246,49,15,30,12,1:20.309,NULL,NULL,historical
2342,246,87,1,7,13,1:20.527,NULL,NULL,historical
2343,246,63,25,4,14,1:20.796,NULL,NULL,historical
2344,246,96,15,29,15,1:20.943,NULL,NULL,historical
2345,246,81,29,9,16,1:21.076,NULL,NULL,historical
2346,246,69,18,24,17,1:21.323,NULL,NULL,historical
2347,246,89,29,10,18,1:21.894,NULL,NULL,historical
2348,246,79,25,3,19,1:21.930,NULL,NULL,historical
2349,246,94,18,23,20,1:22.104,NULL,NULL,historical
2350,246,85,30,17,21,1:23.466,NULL,NULL,historical
2351,246,92,30,16,22,1:23.647,NULL,NULL,historical
2352,246,64,28,21,23,1:24.184,NULL,NULL,historical
2353,246,90,28,22,24,1:24.865,NULL,NULL,historical
2354,247,71,3,5,1,1:28.124,NULL,NULL,historical
2355,247,30,22,1,2,1:28.397,NULL,NULL,historical
2356,247,14,3,6,3,1:28.947,NULL,NULL,historical
2357,247,77,6,28,4,1:29.657,NULL,NULL,historical
2358,247,65,22,2,5,1:29.867,NULL,NULL,historical
2359,247,55,6,27,6,1:29.874,NULL,NULL,historical
2360,247,56,17,15,7,1:30.083,NULL,NULL,historical
2361,247,57,1,8,8,1:30.140,NULL,NULL,historical
2362,247,22,17,14,9,1:30.354,NULL,NULL,historical
2363,247,87,1,7,10,1:30.453,NULL,NULL,historical
2364,247,84,27,25,11,1:30.946,NULL,NULL,historical
2365,247,49,15,30,12,1:31.602,NULL,NULL,historical
2366,247,44,27,26,13,1:31.842,NULL,NULL,historical
2367,247,79,25,3,14,1:32.087,NULL,NULL,historical
2368,247,94,18,23,15,1:32.259,NULL,NULL,historical
2369,247,96,15,29,16,1:33.166,NULL,NULL,historical
2370,247,97,29,9,17,1:34.154,NULL,NULL,historical
2371,247,69,18,24,18,1:34.556,NULL,NULL,historical
2372,247,89,29,10,19,1:35.323,NULL,NULL,historical
2373,247,64,28,21,20,1:36.023,NULL,NULL,historical
2374,247,92,30,16,21,1:36.076,NULL,NULL,historical
2375,247,90,28,22,22,1:36.651,NULL,NULL,historical
2376,247,63,25,3,23,1:48.639,NULL,NULL,historical
2377,247,85,30,17,24,1:52.398,NULL,NULL,historical
2378,248,71,3,5,1,1:44.385,NULL,NULL,historical
2379,248,30,22,1,2,1:44.465,NULL,NULL,historical
2380,248,14,3,6,3,1:44.540,NULL,NULL,historical
2381,248,77,6,28,4,1:45.553,NULL,NULL,historical
2382,248,22,17,14,5,1:45.765,NULL,NULL,historical
2383,248,56,17,15,6,1:45.846,NULL,NULL,historical
2384,248,57,1,8,7,1:45.849,NULL,NULL,historical
2385,248,87,1,7,8,1:46.221,NULL,NULL,historical
2386,248,65,22,2,9,1:46.315,NULL,NULL,historical
2387,248,55,6,27,10,1:46.356,NULL,NULL,historical
2388,248,49,15,30,11,1:46.801,NULL,NULL,historical
2389,248,44,27,26,12,1:47.372,NULL,NULL,historical
2390,248,63,25,4,13,1:47.507,NULL,NULL,historical
2391,248,96,15,29,14,1:47.636,NULL,NULL,historical
2392,248,97,29,9,15,1:48.093,NULL,NULL,historical
2393,248,69,18,24,16,1:49.302,NULL,NULL,historical
2394,248,79,25,3,17,1:49.402,NULL,NULL,historical
2395,248,88,27,25,18,1:49.716,NULL,NULL,historical
2396,248,89,29,10,19,1:49.892,NULL,NULL,historical
2397,248,94,18,23,20,1:49.990,NULL,NULL,historical
2398,248,64,28,21,21,1:52.961,NULL,NULL,historical
2399,248,90,28,22,22,1:53.405,NULL,NULL,historical
2400,248,85,30,17,23,1:53.492,NULL,NULL,historical
2401,248,86,30,16,24,1:54.625,NULL,NULL,historical
2402,249,71,3,5,1,1:16.982,NULL,NULL,historical
2403,249,14,3,6,2,1:17.366,NULL,NULL,historical
2404,249,30,22,1,3,1:17.558,NULL,NULL,historical
2405,249,77,6,28,4,1:18.059,NULL,NULL,historical
2406,249,57,1,8,5,1:18.363,NULL,NULL,historical
2407,249,55,6,27,6,1:18.968,NULL,NULL,historical
2408,249,56,17,15,7,1:19.499,NULL,NULL,historical
2409,249,84,27,25,8,1:19.748,NULL,NULL,historical
2410,249,65,22,2,9,1:20.072,NULL,NULL,historical
2411,249,44,27,26,10,1:20.160,NULL,NULL,historical
2412,249,49,15,30,11,1:20.413,NULL,NULL,historical
2413,249,69,18,24,12,1:20.543,NULL,NULL,historical
2414,249,87,1,7,13,1:20.640,NULL,NULL,historical
2415,249,22,17,14,14,1:20.902,NULL,NULL,historical
2416,249,83,18,23,15,1:21.156,NULL,NULL,historical
2417,249,63,25,4,16,1:21.624,NULL,NULL,historical
2418,249,79,25,3,17,1:21.702,NULL,NULL,historical
2419,249,89,29,10,18,1:22.081,NULL,NULL,historical
2420,249,96,15,29,19,1:22.161,NULL,NULL,historical
2421,249,97,29,9,20,1:23.275,NULL,NULL,historical
2422,249,90,28,22,21,1:24.351,NULL,NULL,historical
2423,249,85,30,17,22,1:24.371,NULL,NULL,historical
2424,249,64,28,21,23,1:24.695,NULL,NULL,historical
2425,249,86,30,16,24,1:26.570,NULL,NULL,historical
2426,250,77,6,28,1,1:54.392,NULL,NULL,historical
2427,250,55,6,27,2,1:54.631,NULL,NULL,historical
2428,250,57,1,8,3,1:55.435,NULL,NULL,historical
2429,250,65,22,2,4,1:56.085,NULL,NULL,historical
2430,250,14,3,6,5,1:56.254,NULL,NULL,historical
2431,250,87,1,7,6,1:56.622,NULL,NULL,historical
2432,250,56,17,15,7,1:57.001,NULL,NULL,historical
2433,250,71,3,5,8,1:57.768,NULL,NULL,historical
2434,250,44,27,26,9,1:58.021,NULL,NULL,historical
2435,250,49,15,30,10,1:58.148,NULL,NULL,historical
2436,250,63,25,4,11,1:58.224,NULL,NULL,historical
2437,250,22,17,14,12,1:58.293,NULL,NULL,historical
2438,250,84,27,26,13,1:58.314,NULL,NULL,historical
2439,250,96,15,29,14,1:58.356,NULL,NULL,historical
2440,250,79,25,3,15,1:58.551,NULL,NULL,historical
2441,250,30,22,1,16,1:59.079,NULL,NULL,historical
2442,250,83,18,23,17,1:59.256,NULL,NULL,historical
2443,250,89,29,10,18,2:00.990,NULL,NULL,historical
2444,250,69,18,24,19,2:01.013,NULL,NULL,historical
2445,250,97,29,9,20,2:01.685,NULL,NULL,historical
2446,250,85,30,17,21,2:02.405,NULL,NULL,historical
2447,250,90,28,22,22,2:03.817,NULL,NULL,historical
2448,250,86,30,16,23,2:06.407,NULL,NULL,historical
2449,250,64,28,21,24,2:09.537,NULL,NULL,historical
2450,251,14,3,6,1,1:24.462,NULL,NULL,historical
2451,251,30,22,1,2,1:25.026,NULL,NULL,historical
2452,251,77,6,28,3,1:25.353,NULL,NULL,historical
2453,251,71,3,5,4,1:25.699,NULL,NULL,historical
2454,251,55,6,27,5,1:25.707,NULL,NULL,historical
2455,251,22,17,14,6,1:25.919,NULL,NULL,historical
2456,251,57,1,8,7,1:25.920,NULL,NULL,historical
2457,251,65,22,2,8,1:26.433,NULL,NULL,historical
2458,251,87,1,7,9,1:26.472,NULL,NULL,historical
2459,251,49,15,30,10,1:26.541,NULL,NULL,historical
2460,251,84,27,26,11,1:27.067,NULL,NULL,historical
2461,251,56,17,15,12,1:27.271,NULL,NULL,historical
2462,251,44,27,26,13,1:27.384,NULL,NULL,historical
2463,251,96,15,29,14,1:28.741,NULL,NULL,historical
2464,251,97,29,9,15,1:28.870,NULL,NULL,historical
2465,251,63,25,4,16,1:29.028,NULL,NULL,historical
2466,251,79,25,3,17,1:29.287,NULL,NULL,historical
2467,251,69,18,24,18,1:29.559,NULL,NULL,historical
2468,251,83,18,23,19,1:29.936,NULL,NULL,historical
2469,251,89,29,10,20,1:30.515,NULL,NULL,historical
2470,251,85,30,17,21,1:30.721,NULL,NULL,historical
2471,251,90,28,22,22,1:30.834,NULL,NULL,historical
2472,251,64,28,21,23,1:32.102,NULL,NULL,historical
2473,251,86,30,16,24,1:32.470,NULL,NULL,historical
2474,252,14,3,6,1,1:20.537,NULL,NULL,historical
2475,252,71,3,5,2,1:20.905,NULL,NULL,historical
2476,252,30,22,1,3,1:21.301,NULL,NULL,historical
2477,252,77,6,28,4,1:21.970,NULL,NULL,historical
2478,252,49,15,30,5,1:22.226,NULL,NULL,historical
2479,252,65,22,2,6,1:22.322,NULL,NULL,historical
2480,252,55,6,27,7,1:22.391,NULL,NULL,historical
2481,252,22,17,14,8,1:22.538,NULL,NULL,historical
2482,252,84,27,25,9,1:22.588,NULL,NULL,historical
2483,252,56,17,15,10,1:22.831,NULL,NULL,historical
2484,252,44,27,26,11,1:22.904,NULL,NULL,historical
2485,252,87,1,7,12,1:22.914,NULL,NULL,historical
2486,252,57,1,8,13,1:23.064,NULL,NULL,historical
2487,252,96,15,29,14,1:23.934,NULL,NULL,historical
2488,252,63,25,4,15,1:23.936,NULL,NULL,historical
2489,252,79,25,3,16,1:24.287,NULL,NULL,historical
2490,252,83,18,23,17,1:24.657,NULL,NULL,historical
2491,252,69,18,24,18,1:24.778,NULL,NULL,historical
2492,252,89,29,10,19,1:24.883,NULL,NULL,historical
2493,252,97,29,9,20,1:25.179,NULL,NULL,historical
2494,252,85,30,17,21,1:26.172,NULL,NULL,historical
2495,252,64,28,21,22,1:27.292,NULL,NULL,historical
2496,252,90,28,22,23,1:27.523,NULL,NULL,historical
2497,252,98,30,16,24,1:32.769,NULL,NULL,historical
2498,253,14,3,6,1,1:18.738,NULL,NULL,historical
2499,253,71,3,5,2,1:18.972,NULL,NULL,historical
2500,253,30,22,1,3,1:19.150,NULL,NULL,historical
2501,253,77,6,28,4,1:19.821,NULL,NULL,historical
2502,253,56,17,15,5,1:20.488,NULL,NULL,historical
2503,253,55,6,27,6,1:20.510,NULL,NULL,historical
2504,253,65,22,2,7,1:20.653,NULL,NULL,historical
2505,253,49,15,30,8,1:20.749,NULL,NULL,historical
2506,253,57,1,8,9,1:20.866,NULL,NULL,historical
2507,253,87,1,7,10,1:20.909,NULL,NULL,historical
2508,253,22,17,14,11,1:21.211,NULL,NULL,historical
2509,253,84,27,25,12,1:21.541,NULL,NULL,historical
2510,253,96,15,29,13,1:22.059,NULL,NULL,historical
2511,253,44,27,26,14,1:22.062,NULL,NULL,historical
2512,253,63,25,4,15,1:23.058,NULL,NULL,historical
2513,253,83,18,23,16,1:23.328,NULL,NULL,historical
2514,253,97,29,9,17,1:23.689,NULL,NULL,historical
2515,253,69,18,24,18,1:23.760,NULL,NULL,historical
2516,253,99,25,3,19,1:24.286,NULL,NULL,historical
2517,253,85,30,17,20,1:24.696,NULL,NULL,historical
2518,253,89,29,10,21,1:24.900,NULL,NULL,historical
2519,253,64,28,21,22,1:25.157,NULL,NULL,historical
2520,253,90,28,22,23,1:26.098,NULL,NULL,historical
2521,253,98,30,16,24,1:27.853,NULL,NULL,historical
2522,254,14,3,6,1,1:14.013,NULL,NULL,historical
2523,254,71,3,5,2,1:14.213,NULL,NULL,historical
2524,254,30,22,1,3,1:14.284,NULL,NULL,historical
2525,254,55,6,27,4,1:14.919,NULL,NULL,historical
2526,254,77,6,28,5,1:14.974,NULL,NULL,historical
2527,254,56,17,15,6,1:15.354,NULL,NULL,historical
2528,254,65,22,2,7,1:15.556,NULL,NULL,historical
2529,254,49,15,30,8,1:15.561,NULL,NULL,historical
2530,254,44,27,26,9,1:15.621,NULL,NULL,historical
2531,254,87,1,7,10,1:15.652,NULL,NULL,historical
2532,254,22,17,14,11,1:15.774,NULL,NULL,historical
2533,254,76,1,8,12,1:16.339,NULL,NULL,historical
2534,254,88,27,25,13,1:16.519,NULL,NULL,historical
2535,254,83,18,23,14,1:16.596,NULL,NULL,historical
2536,254,96,15,29,15,1:16.646,NULL,NULL,historical
2537,254,69,18,24,16,1:16.887,NULL,NULL,historical
2538,254,79,25,3,17,1:17.014,NULL,NULL,historical
2539,254,63,25,4,18,1:17.213,NULL,NULL,historical
2540,254,81,29,9,19,1:18.114,NULL,NULL,historical
2541,254,89,29,10,20,1:18.212,NULL,NULL,historical
2542,254,64,28,21,21,1:19.579,NULL,NULL,historical
2543,254,90,28,22,22,1:19.745,NULL,NULL,historical
2544,254,85,30,17,23,1:20.093,NULL,NULL,historical
2545,254,92,30,16,24,1:21.405,NULL,NULL,historical
2546,255,30,22,1,1,1:38.023,NULL,NULL,historical
2547,255,55,6,27,2,1:38.888,NULL,NULL,historical
2548,255,57,1,8,3,1:38.954,NULL,NULL,historical
2549,255,71,3,5,4,1:39.032,NULL,NULL,historical
2550,255,77,6,28,5,1:39.040,NULL,NULL,historical
2551,255,14,3,6,6,1:39.155,NULL,NULL,historical
2552,255,56,17,15,7,1:39.621,NULL,NULL,historical
2553,255,49,15,30,8,1:40.010,NULL,NULL,historical
2554,255,65,22,2,9,1:40.349,NULL,NULL,historical
2555,255,22,17,14,10,1:40.381,NULL,NULL,historical
2556,255,44,27,26,11,1:40.838,NULL,NULL,historical
2557,255,63,25,4,12,1:41.355,NULL,NULL,historical
2558,255,88,27,25,13,1:41.592,NULL,NULL,historical
2559,255,79,25,3,14,1:41.977,NULL,NULL,historical
2560,255,81,29,9,15,1:42.059,NULL,NULL,historical
2561,255,91,15,29,16,1:42.912,NULL,NULL,historical
2562,255,83,18,23,17,1:43.102,NULL,NULL,historical
2563,255,69,18,24,18,1:43.542,NULL,NULL,historical
2564,255,89,29,10,19,1:44.074,NULL,NULL,historical
2565,255,85,30,17,20,1:46.097,NULL,NULL,historical
2566,255,64,28,21,21,1:46.654,NULL,NULL,historical
2567,255,90,28,22,22,1:48.267,NULL,NULL,historical
2568,255,92,30,16,23,1:48.289,NULL,NULL,historical
2569,255,87,1,7,24,16:42.640,NULL,NULL,historical
2570,256,71,3,5,1,NULL,NULL,NULL,historical
2571,256,14,3,6,2,NULL,NULL,NULL,historical
2572,256,30,22,1,3,NULL,NULL,NULL,historical
2573,256,77,6,28,4,NULL,NULL,NULL,historical
2574,256,55,6,27,5,NULL,NULL,NULL,historical
2575,256,49,15,30,6,NULL,NULL,NULL,historical
2576,256,22,17,14,7,NULL,NULL,NULL,historical
2577,256,65,22,2,8,NULL,NULL,NULL,historical
2578,256,56,17,15,9,NULL,NULL,NULL,historical
2579,256,87,1,7,10,NULL,NULL,NULL,historical
2580,256,84,27,25,11,NULL,NULL,NULL,historical
2581,256,44,27,26,12,NULL,NULL,NULL,historical
2582,256,81,29,9,13,NULL,NULL,NULL,historical
2583,256,63,25,4,14,NULL,NULL,NULL,historical
2584,256,69,18,24,15,NULL,NULL,NULL,historical
2585,256,79,25,3,16,NULL,NULL,NULL,historical
2586,256,83,18,23,17,NULL,NULL,NULL,historical
2587,256,91,15,29,18,NULL,NULL,NULL,historical
2588,256,89,29,10,19,NULL,NULL,NULL,historical
2589,256,90,28,22,20,NULL,NULL,NULL,historical
2590,256,64,28,21,21,NULL,NULL,NULL,historical
2591,256,85,30,16,22,NULL,NULL,NULL,historical
2592,256,92,30,16,23,NULL,NULL,NULL,historical
2593,256,57,1,8,24,NULL,NULL,NULL,historical
2594,257,102,3,2,1,1:15.962,NULL,NULL,historical
2595,257,30,22,5,2,1:16.290,NULL,NULL,historical
2596,257,55,6,27,3,1:17.385,NULL,NULL,historical
2597,257,71,3,0,4,1:17.554,NULL,NULL,historical
2598,257,49,15,30,5,1:17.806,NULL,NULL,historical
2599,257,81,29,10,6,1:17.866,NULL,NULL,historical
2600,257,91,15,29,7,1:17.927,NULL,NULL,historical
2601,257,57,1,7,8,1:18.122,NULL,NULL,historical
2602,257,50,22,6,9,1:18.183,NULL,NULL,historical
2603,257,79,25,3,10,1:18.194,NULL,NULL,historical
2604,257,104,29,9,11,1:18.204,NULL,NULL,historical
2605,257,87,25,4,12,1:18.246,NULL,NULL,historical
2606,257,100,33,20,13,1:18.321,NULL,NULL,historical
2607,257,22,17,14,14,1:18.414,NULL,NULL,historical
2608,257,94,18,23,15,1:18.659,NULL,NULL,historical
2609,257,56,17,15,16,1:18.751,NULL,NULL,historical
2610,257,77,6,28,17,1:18.855,NULL,NULL,historical
2611,257,84,1,8,18,1:18.864,NULL,NULL,historical
2612,257,44,27,26,19,1:19.304,NULL,NULL,historical
2613,257,103,27,25,20,1:19.398,NULL,NULL,historical
2614,257,65,32,12,21,1:19.483,NULL,NULL,historical
2615,257,105,18,24,22,1:19.517,NULL,NULL,historical
2616,257,106,33,19,23,1:19.524,NULL,NULL,historical
2617,257,83,32,11,24,1:19.975,NULL,NULL,historical
2618,257,92,30,34,25,1:20.729,NULL,NULL,historical
2619,257,101,31,31,26,1:21.186,NULL,NULL,historical
2620,258,102,3,2,1,1:10.218,NULL,NULL,historical
2621,258,30,22,5,2,1:10.440,NULL,NULL,historical
2622,258,71,3,0,3,1:10.771,NULL,NULL,historical
2623,258,57,1,7,4,1:11.683,NULL,NULL,historical
2624,258,77,6,28,5,1:11.744,NULL,NULL,historical
2625,258,84,1,8,6,1:12.351,NULL,NULL,historical
2626,258,78,6,27,7,1:12.372,NULL,NULL,historical
2627,258,22,17,14,8,1:12.409,NULL,NULL,historical
2628,258,104,29,9,9,1:12.444,NULL,NULL,historical
2629,258,50,22,6,10,1:12.554,NULL,NULL,historical
2630,258,49,15,30,11,1:12.686,NULL,NULL,historical
2631,258,87,25,4,12,1:12.751,NULL,NULL,historical
2632,258,81,29,10,13,1:12.866,NULL,NULL,historical
2633,258,79,25,3,14,1:13.013,NULL,NULL,historical
2634,258,105,18,24,15,1:13.016,NULL,NULL,historical
2635,258,100,33,20,16,1:13.111,NULL,NULL,historical
2636,258,94,18,23,17,1:13.529,NULL,NULL,historical
2637,258,103,27,25,18,1:13.613,NULL,NULL,historical
2638,258,91,15,29,19,1:13.855,NULL,NULL,historical
2639,258,88,17,15,20,1:13.932,NULL,NULL,historical
2640,258,106,33,19,21,1:14.101,NULL,NULL,historical
2641,258,44,27,26,22,1:14.106,NULL,NULL,historical
2642,258,65,32,12,23,1:14.424,NULL,NULL,historical
2643,258,83,32,11,24,1:14.657,NULL,NULL,historical
2644,258,101,31,31,25,1:14.748,NULL,NULL,historical
2645,258,107,31,32,26,1:16.536,NULL,NULL,historical
2646,259,102,3,2,1,1:21.548,NULL,NULL,historical
2647,259,30,22,5,2,1:21.885,NULL,NULL,historical
2648,259,77,6,28,3,1:22.113,NULL,NULL,historical
2649,259,71,3,0,4,1:22.168,NULL,NULL,historical
2650,259,109,22,6,5,1:22.717,NULL,NULL,historical
2651,259,78,6,27,6,1:22.841,NULL,NULL,historical
2652,259,49,15,30,7,1:23.119,NULL,NULL,historical
2653,259,57,1,7,8,1:23.140,NULL,NULL,historical
2654,259,79,25,3,9,1:23.322,NULL,NULL,historical
2655,259,91,15,29,10,1:23.347,NULL,NULL,historical
2656,259,81,29,10,11,1:23.663,NULL,NULL,historical
2657,259,87,25,4,12,1:23.703,NULL,NULL,historical
2658,259,84,1,8,13,1:23.858,NULL,NULL,historical
2659,259,94,18,23,14,1:24.078,NULL,NULL,historical
2660,259,105,18,24,15,1:24.276,NULL,NULL,historical
2661,259,104,29,9,16,1:24.472,NULL,NULL,historical
2662,259,103,27,25,17,1:24.678,NULL,NULL,historical
2663,259,100,33,20,18,1:24.852,NULL,NULL,historical
2664,259,44,27,26,19,1:24.996,NULL,NULL,historical
2665,259,65,32,12,20,1:25.114,NULL,NULL,historical
2666,259,110,17,15,21,1:25.234,NULL,NULL,historical
2667,259,83,32,11,22,1:25.295,NULL,NULL,historical
2668,259,106,33,19,23,1:25.991,NULL,NULL,historical
2669,259,101,31,31,24,1:26.817,NULL,NULL,historical
2670,259,92,30,34,25,1:27.143,NULL,NULL,historical
2671,259,107,31,32,26,1:27.584,NULL,NULL,historical
2672,259,108,30,33,27,1:27.881,NULL,NULL,historical
2673,259,22,17,14,28,NULL,NULL,NULL,historical
2674,261,30,22,5,1,1:21.908,NULL,NULL,historical
2675,261,71,3,0,2,1:22.559,NULL,NULL,historical
2676,261,57,1,7,3,1:22.660,NULL,NULL,historical
2677,261,109,22,6,4,1:22.983,NULL,NULL,historical
2678,261,22,17,14,5,1:23.594,NULL,NULL,historical
2679,261,55,6,27,6,1:23.700,NULL,NULL,historical
2680,261,77,6,28,7,1:23.715,NULL,NULL,historical
2681,261,84,1,8,8,1:23.763,NULL,NULL,historical
2682,261,14,3,2,9,1:23.782,NULL,NULL,historical
2683,261,79,25,3,10,1:23.969,NULL,NULL,historical
2684,261,87,25,4,11,1:23.981,NULL,NULL,historical
2685,261,49,15,30,12,1:24.254,NULL,NULL,historical
2686,261,56,17,15,13,1:24.930,NULL,NULL,historical
2687,261,105,18,24,14,1:24.996,NULL,NULL,historical
2688,261,81,29,10,15,1:25.018,NULL,NULL,historical
2689,261,100,33,20,16,1:25.050,NULL,NULL,historical
2690,261,106,33,19,17,1:25.161,NULL,NULL,historical
2691,261,94,18,23,18,1:25.247,NULL,NULL,historical
2692,261,44,27,26,19,1:25.577,NULL,NULL,historical
2693,261,103,27,25,20,1:25.766,NULL,NULL,historical
2694,261,104,29,9,21,1:26.084,NULL,NULL,historical
2695,261,65,32,12,22,1:26.397,NULL,NULL,historical
2696,261,70,32,11,23,1:27.685,NULL,NULL,historical
2697,261,101,31,31,24,1:28.151,NULL,NULL,historical
2698,261,92,30,34,25,1:28.873,NULL,NULL,historical
2699,261,108,30,33,26,1:30.657,NULL,NULL,historical
2700,262,30,22,5,1,1:26.178,NULL,NULL,historical
2701,262,55,6,27,2,1:26.277,NULL,NULL,historical
2702,262,77,6,28,3,1:27.059,NULL,NULL,historical
2703,262,71,3,0,4,1:27.094,NULL,NULL,historical
2704,262,14,3,2,5,1:27.211,NULL,NULL,historical
2705,262,22,17,14,6,1:27.554,NULL,NULL,historical
2706,262,57,1,7,7,1:27.616,NULL,NULL,historical
2707,262,56,17,15,8,1:27.780,NULL,NULL,historical
2708,262,79,25,3,9,1:27.827,NULL,NULL,historical
2709,262,49,15,30,10,1:27.977,NULL,NULL,historical
2710,262,81,29,10,11,1:27.989,NULL,NULL,historical
2711,262,84,1,8,12,1:28.197,NULL,NULL,historical
2712,262,87,25,4,13,1:28.579,NULL,NULL,historical
2713,262,110,15,29,14,1:28.694,NULL,NULL,historical
2714,262,94,18,23,15,1:28.847,NULL,NULL,historical
2715,262,104,29,9,16,1:28.882,NULL,NULL,historical
2716,262,65,32,12,17,1:28.889,NULL,NULL,historical
2717,262,105,18,24,18,1:28.903,NULL,NULL,historical
2718,262,44,27,26,19,1:28.950,NULL,NULL,historical
2719,262,109,22,6,20,1:28.993,NULL,NULL,historical
2720,262,100,33,20,21,1:29.039,NULL,NULL,historical
2721,262,106,33,19,22,1:29.403,NULL,NULL,historical
2722,262,70,32,11,23,1:30.160,NULL,NULL,historical
2723,262,103,27,25,24,1:30.493,NULL,NULL,historical
2724,262,101,31,31,25,1:31.632,NULL,NULL,historical
2725,262,92,30,34,26,1:32.838,NULL,NULL,historical
2726,263,71,3,0,1,1:16.282,NULL,NULL,historical
2727,263,95,3,2,2,1:16.359,NULL,NULL,historical
2728,263,30,22,5,3,1:16.707,NULL,NULL,historical
2729,263,55,6,27,4,1:16.954,NULL,NULL,historical
2730,263,77,6,28,5,1:16.959,NULL,NULL,historical
2731,263,56,17,15,6,1:17.441,NULL,NULL,historical
2732,263,22,17,14,7,1:17.482,NULL,NULL,historical
2733,263,50,22,6,8,1:17.645,NULL,NULL,historical
2734,263,57,1,7,9,1:17.768,NULL,NULL,historical
2735,263,49,15,30,10,1:17.830,NULL,NULL,historical
2736,263,110,15,29,11,1:17.866,NULL,NULL,historical
2737,263,84,1,8,12,1:18.031,NULL,NULL,historical
2738,263,44,27,26,13,1:18.044,NULL,NULL,historical
2739,263,79,25,3,14,1:18.192,NULL,NULL,historical
2740,263,103,27,25,15,1:18.236,NULL,NULL,historical
2741,263,94,18,23,16,1:18.248,NULL,NULL,historical
2742,263,87,25,4,17,1:18.381,NULL,NULL,historical
2743,263,104,29,9,18,1:18.568,NULL,NULL,historical
2744,263,65,32,12,19,1:18.715,NULL,NULL,historical
2745,263,100,33,20,20,1:18.811,NULL,NULL,historical
2746,263,105,18,24,21,1:18.890,NULL,NULL,historical
2747,263,81,29,10,22,1:18.936,NULL,NULL,historical
2748,263,70,32,11,23,1:19.066,NULL,NULL,historical
2749,263,101,31,31,24,1:19.771,NULL,NULL,historical
2750,263,106,33,19,25,1:19.863,NULL,NULL,historical
2751,263,111,31,32,26,1:21.829,NULL,NULL,historical
2752,264,71,3,0,1,1:24.960,NULL,NULL,historical
2753,264,30,22,5,2,1:24.963,NULL,NULL,historical
2754,264,77,6,28,3,1:24.980,NULL,NULL,historical
2755,264,55,6,27,4,1:25.541,NULL,NULL,historical
2756,264,57,1,7,5,1:26.268,NULL,NULL,historical
2757,264,22,17,14,6,1:26.271,NULL,NULL,historical
2758,264,14,3,2,7,1:26.337,NULL,NULL,historical
2759,264,79,25,3,8,1:26.414,NULL,NULL,historical
2760,264,84,1,8,9,1:26.768,NULL,NULL,historical
2761,264,50,22,6,10,1:26.841,NULL,NULL,historical
2762,264,87,25,4,11,1:26.920,NULL,NULL,historical
2763,264,56,17,15,12,1:27.065,NULL,NULL,historical
2764,264,49,15,30,13,1:27.284,NULL,NULL,historical
2765,264,94,18,23,14,1:27.522,NULL,NULL,historical
2766,264,44,27,26,15,1:27.785,NULL,NULL,historical
2767,264,81,29,10,16,1:27.886,NULL,NULL,historical
2768,264,105,18,24,17,1:28.100,NULL,NULL,historical
2769,264,110,15,29,18,1:28.212,NULL,NULL,historical
2770,264,70,32,11,19,1:28.225,NULL,NULL,historical
2771,264,104,29,9,20,1:28.231,NULL,NULL,historical
2772,264,65,32,12,21,1:28.340,NULL,NULL,historical
2773,264,100,33,20,22,1:28.519,NULL,NULL,historical
2774,264,103,27,25,23,1:28.955,NULL,NULL,historical
2775,264,106,33,19,24,1:29.299,NULL,NULL,historical
2776,264,101,31,31,25,1:30.690,NULL,NULL,historical
2777,264,111,31,32,26,1:30.722,NULL,NULL,historical
2778,265,77,6,28,1,1:43.582,NULL,NULL,historical
2779,265,55,6,27,2,1:44.012,NULL,NULL,historical
2780,265,71,3,0,3,1:44.026,NULL,NULL,historical
2781,265,30,22,5,4,1:44.268,NULL,NULL,historical
2782,265,79,25,3,5,1:44.718,NULL,NULL,historical
2783,265,14,3,2,6,1:45.146,NULL,NULL,historical
2784,265,87,25,4,7,1:45.474,NULL,NULL,historical
2785,265,57,1,7,8,1:45.487,NULL,NULL,historical
2786,265,49,15,30,9,1:45.893,NULL,NULL,historical
2787,265,56,17,15,10,1:45.911,NULL,NULL,historical
2788,265,22,17,14,11,1:45.939,NULL,NULL,historical
2789,265,44,27,26,12,1:46.185,NULL,NULL,historical
2790,265,84,1,8,13,1:46.218,NULL,NULL,historical
2791,265,103,27,25,14,1:46.290,NULL,NULL,historical
2792,265,65,32,12,15,1:46.630,NULL,NULL,historical
2793,265,81,29,10,16,1:46.817,NULL,NULL,historical
2794,265,104,29,9,17,1:47.102,NULL,NULL,historical
2795,265,110,15,29,18,1:47.235,NULL,NULL,historical
2796,265,50,22,6,19,1:47.316,NULL,NULL,historical
2797,265,94,18,23,20,1:47.402,NULL,NULL,historical
2798,265,70,32,11,21,1:47.425,NULL,NULL,historical
2799,265,100,33,20,22,1:48.229,NULL,NULL,historical
2800,265,105,18,24,23,1:48.295,NULL,NULL,historical
2801,265,106,33,19,24,1:48.681,NULL,NULL,historical
2802,265,101,31,31,25,1:48.870,NULL,NULL,historical
2803,265,111,31,32,26,1:49.204,NULL,NULL,historical
2804,266,30,22,5,1,1:18.258,NULL,NULL,historical
2805,266,71,3,0,2,1:18.824,NULL,NULL,historical
2806,266,14,3,2,3,1:20.205,NULL,NULL,historical
2807,266,77,6,28,4,1:20.219,NULL,NULL,historical
2808,266,79,25,3,5,1:20.232,NULL,NULL,historical
2809,266,84,1,8,6,1:20.629,NULL,NULL,historical
2810,266,56,17,15,7,1:20.698,NULL,NULL,historical
2811,266,49,15,30,8,1:20.858,NULL,NULL,historical
2812,266,44,27,26,9,1:20.929,NULL,NULL,historical
2813,266,22,17,14,10,1:20.952,NULL,NULL,historical
2814,266,87,25,4,11,1:20.984,NULL,NULL,historical
2815,266,50,22,6,12,1:21.141,NULL,NULL,historical
2816,266,55,6,27,13,1:21.206,NULL,NULL,historical
2817,266,112,1,7,14,1:21.498,NULL,NULL,historical
2818,266,94,18,23,15,1:21.837,NULL,NULL,historical
2819,266,104,29,9,16,1:21.873,NULL,NULL,historical
2820,266,110,15,29,17,1:21.946,NULL,NULL,historical
2821,266,103,27,25,18,1:22.038,NULL,NULL,historical
2822,266,81,29,10,19,1:22.311,NULL,NULL,historical
2823,266,105,18,24,20,1:22.379,NULL,NULL,historical
2824,266,100,33,20,21,1:22.487,NULL,NULL,historical
2825,266,70,32,11,22,1:22.513,NULL,NULL,historical
2826,266,101,31,31,23,1:22.614,NULL,NULL,historical
2827,266,65,32,12,24,1:22.705,NULL,NULL,historical
2828,266,106,33,19,25,1:22.899,NULL,NULL,historical
2829,266,111,31,32,26,1:24.191,NULL,NULL,historical
2830,267,22,17,14,1,2:21.163,NULL,NULL,historical
2831,267,30,22,5,2,2:21.494,NULL,NULL,historical
2832,267,71,3,0,3,2:21.681,NULL,NULL,historical
2833,267,56,17,15,4,2:22.074,NULL,NULL,historical
2834,267,55,6,27,5,2:22.202,NULL,NULL,historical
2835,267,50,22,6,6,2:22.218,NULL,NULL,historical
2836,267,14,3,2,7,2:22.359,NULL,NULL,historical
2837,267,57,1,7,8,2:22.441,NULL,NULL,historical
2838,267,49,15,30,9,2:22.634,NULL,NULL,historical
2839,267,94,18,23,10,2:23.326,NULL,NULL,historical
2840,267,77,6,28,11,2:23.895,NULL,NULL,historical
2841,267,87,25,4,12,2:24.048,NULL,NULL,historical
2842,267,84,1,8,13,2:24.117,NULL,NULL,historical
2843,267,81,29,10,14,2:25.114,NULL,NULL,historical
2844,267,110,15,29,15,2:25.695,NULL,NULL,historical
2845,267,103,27,25,16,2:26.044,NULL,NULL,historical
2846,267,44,27,26,17,2:26.079,NULL,NULL,historical
2847,267,105,18,24,18,2:26.738,NULL,NULL,historical
2848,267,112,33,19,19,2:26.901,NULL,NULL,historical
2849,267,65,32,12,20,2:27.155,NULL,NULL,historical
2850,267,101,31,31,21,2:27.212,NULL,NULL,historical
2851,267,100,33,20,22,2:28.156,NULL,NULL,historical
2852,267,79,25,3,23,2:28.979,NULL,NULL,historical
2853,267,104,29,9,24,2:30.931,NULL,NULL,historical
2854,267,111,31,32,25,2:31.755,NULL,NULL,historical
2855,267,113,32,11,26,2:33.885,NULL,NULL,historical
2856,268,55,6,27,1,1:23.844,NULL,NULL,historical
2857,268,77,6,28,2,1:23.978,NULL,NULL,historical
2858,268,71,3,0,3,1:24.158,NULL,NULL,historical
2859,268,65,32,12,4,1:24.374,NULL,NULL,historical
2860,268,14,3,2,5,1:24.502,NULL,NULL,historical
2861,268,44,27,26,6,1:25.455,NULL,NULL,historical
2862,268,57,1,7,7,1:25.528,NULL,NULL,historical
2863,268,110,15,29,8,1:25.540,NULL,NULL,historical
2864,268,56,17,15,9,1:25.568,NULL,NULL,historical
2865,268,50,22,6,10,1:25.618,NULL,NULL,historical
2866,268,49,15,30,11,1:25.628,NULL,NULL,historical
2867,268,103,27,25,12,1:25.718,NULL,NULL,historical
2868,268,70,32,11,13,1:25.733,NULL,NULL,historical
2869,268,79,25,3,14,1:25.889,NULL,NULL,historical
2870,268,84,1,8,15,1:25.933,NULL,NULL,historical
2871,268,22,17,14,16,1:25.946,NULL,NULL,historical
2872,268,81,29,10,17,1:26.002,NULL,NULL,historical
2873,268,94,18,23,18,1:26.056,NULL,NULL,historical
2874,268,104,29,9,19,1:26.337,NULL,NULL,historical
2875,268,109,22,5,20,1:26.384,NULL,NULL,historical
2876,268,87,25,4,21,1:26.574,NULL,NULL,historical
2877,268,105,18,24,22,1:26.832,NULL,NULL,historical
2878,268,114,33,19,23,1:27.846,NULL,NULL,historical
2879,268,100,33,20,24,1:27.894,NULL,NULL,historical
2880,268,111,31,32,25,1:28.353,NULL,NULL,historical
2881,268,101,31,31,26,1:28.619,NULL,NULL,historical
2882,269,77,6,28,1,1:20.608,NULL,NULL,historical
2883,269,71,3,0,2,1:20.766,NULL,NULL,historical
2884,269,14,3,2,3,1:21.033,NULL,NULL,historical
2885,269,57,1,7,4,1:21.251,NULL,NULL,historical
2886,269,55,6,27,5,1:21.517,NULL,NULL,historical
2887,269,79,25,3,6,1:21.590,NULL,NULL,historical
2888,269,84,1,8,7,1:21.656,NULL,NULL,historical
2889,269,22,17,14,8,1:21.796,NULL,NULL,historical
2890,269,49,15,30,9,1:21.921,NULL,NULL,historical
2891,269,50,22,6,10,1:22.000,NULL,NULL,historical
2892,269,104,29,9,11,1:22.132,NULL,NULL,historical
2893,269,87,25,4,12,1:22.288,NULL,NULL,historical
2894,269,56,17,15,13,1:22.294,NULL,NULL,historical
2895,269,109,22,5,14,1:22.369,NULL,NULL,historical
2896,269,44,27,26,15,1:22.672,NULL,NULL,historical
2897,269,81,29,10,16,1:22.756,NULL,NULL,historical
2898,269,110,15,29,17,1:22.885,NULL,NULL,historical
2899,269,94,18,23,18,1:23.243,NULL,NULL,historical
2900,269,105,18,24,19,1:23.364,NULL,NULL,historical
2901,269,65,32,12,20,1:23.408,NULL,NULL,historical
2902,269,103,27,25,21,1:23.699,NULL,NULL,historical
2903,269,100,33,20,22,1:24.192,NULL,NULL,historical
2904,269,114,33,19,23,1:24.438,NULL,NULL,historical
2905,269,101,31,31,24,1:24.514,NULL,NULL,historical
2906,269,113,32,11,25,1:25.313,NULL,NULL,historical
2907,269,111,31,32,26,1:25.649,NULL,NULL,historical
2908,270,30,22,5,1,1:22.762,NULL,NULL,historical
2909,270,71,3,0,2,1:22.892,NULL,NULL,historical
2910,270,95,3,2,3,1:23.392,NULL,NULL,historical
2911,270,49,15,30,4,1:23.431,NULL,NULL,historical
2912,270,22,17,14,5,1:23.455,NULL,NULL,historical
2913,270,77,6,28,6,1:23.677,NULL,NULL,historical
2914,270,65,27,25,7,1:24.040,NULL,NULL,historical
2915,270,81,29,10,8,1:24.079,NULL,NULL,historical
2916,270,57,1,7,9,1:24.122,NULL,NULL,historical
2917,270,56,17,15,10,1:24.157,NULL,NULL,historical
2918,270,44,27,26,11,1:24.432,NULL,NULL,historical
2919,270,50,22,6,12,1:24.643,NULL,NULL,historical
2920,270,79,25,3,13,1:24.738,NULL,NULL,historical
2921,270,87,25,4,14,1:24.770,NULL,NULL,historical
2922,270,84,1,8,15,1:25.110,NULL,NULL,historical
2923,270,55,6,27,16,1:25.182,NULL,NULL,historical
2924,270,94,18,23,17,1:25.294,NULL,NULL,historical
2925,270,110,15,29,18,1:25.407,NULL,NULL,historical
2926,270,104,29,9,19,1:25.427,NULL,NULL,historical
2927,270,105,18,24,20,1:25.511,NULL,NULL,historical
2928,270,70,32,12,21,1:25.557,NULL,NULL,historical
2929,270,103,32,11,22,1:25.595,NULL,NULL,historical
2930,270,100,33,20,23,1:26.272,NULL,NULL,historical
2931,270,115,33,19,24,1:27.168,NULL,NULL,historical
2932,270,101,31,31,25,1:27.201,NULL,NULL,historical
2933,270,93,31,32,26,1:27.976,NULL,NULL,historical
2934,271,30,22,5,1,1:37.209,NULL,NULL,historical
2935,271,71,3,0,2,1:37.696,NULL,NULL,historical
2936,271,49,15,30,3,1:37.742,NULL,NULL,historical
2937,271,95,3,2,4,1:37.768,NULL,NULL,historical
2938,271,65,22,6,5,1:37.828,NULL,NULL,historical
2939,271,56,17,15,6,1:37.880,NULL,NULL,historical
2940,271,55,6,27,7,1:37.907,NULL,NULL,historical
2941,271,57,1,7,8,1:37.998,NULL,NULL,historical
2942,271,84,1,8,9,1:38.076,NULL,NULL,historical
2943,271,22,17,14,10,1:38.533,NULL,NULL,historical
2944,271,77,6,28,11,1:38.570,NULL,NULL,historical
2945,271,81,29,10,12,1:39.030,NULL,NULL,historical
2946,271,87,25,4,13,1:39.266,NULL,NULL,historical
2947,271,79,25,3,14,1:39.462,NULL,NULL,historical
2948,271,109,15,29,15,1:39.483,NULL,NULL,historical
2949,271,94,18,23,16,1:39.548,NULL,NULL,historical
2950,271,70,32,12,17,1:39.721,NULL,NULL,historical
2951,271,104,29,9,18,1:39.868,NULL,NULL,historical
2952,271,44,27,26,19,1:40.042,NULL,NULL,historical
2953,271,116,27,25,20,1:40.577,NULL,NULL,historical
2954,271,105,18,24,21,1:40.652,NULL,NULL,historical
2955,271,100,33,20,22,1:40.978,NULL,NULL,historical
2956,271,115,33,19,23,1:40.990,NULL,NULL,historical
2957,271,101,31,31,24,1:41.659,NULL,NULL,historical
2958,271,63,32,11,25,1:41.805,NULL,NULL,historical
2959,271,89,31,32,26,1:45.004,NULL,NULL,historical
2960,272,95,3,2,1,1:16.179,NULL,NULL,historical
2961,272,30,22,5,2,1:16.197,NULL,NULL,historical
2962,272,71,3,0,3,1:16.830,NULL,NULL,historical
2963,272,57,1,7,4,1:16.992,NULL,NULL,historical
2964,272,22,17,14,5,1:17.537,NULL,NULL,historical
2965,272,56,17,15,6,1:17.667,NULL,NULL,historical
2966,272,65,22,6,7,1:17.727,NULL,NULL,historical
2967,272,55,6,27,8,1:17.801,NULL,NULL,historical
2968,272,84,1,8,9,1:17.950,NULL,NULL,historical
2969,272,49,15,30,10,1:17.962,NULL,NULL,historical
2970,272,77,6,28,11,1:18.070,NULL,NULL,historical
2971,272,44,27,26,12,1:18.072,NULL,NULL,historical
2972,272,87,25,4,13,1:18.237,NULL,NULL,historical
2973,272,70,32,12,14,1:18.331,NULL,NULL,historical
2974,272,79,25,3,15,1:18.411,NULL,NULL,historical
2975,272,105,18,24,16,1:18.755,NULL,NULL,historical
2976,272,109,15,29,17,1:18.806,NULL,NULL,historical
2977,272,94,18,23,18,1:18.957,NULL,NULL,historical
2978,272,104,29,9,19,1:19.061,NULL,NULL,historical
2979,272,116,27,25,20,1:19.153,NULL,NULL,historical
2980,272,81,29,10,21,1:19.610,NULL,NULL,historical
2981,272,63,32,11,22,1:19.844,NULL,NULL,historical
2982,272,115,33,19,23,1:20.145,NULL,NULL,historical
2983,272,101,31,31,24,1:20.442,NULL,NULL,historical
2984,272,98,33,20,25,1:22.422,NULL,NULL,historical
2985,272,93,31,32,26,1:22.529,NULL,NULL,historical
2986,1,18,23,22,1,1:25.211,1:24.855,1:26.202,historical
2987,1,22,23,23,2,1:25.006,1:24.783,1:26.505,historical
2988,1,20,9,15,3,1:25.938,1:25.121,1:26.830,historical
2989,1,9,2,5,4,1:25.922,1:25.152,1:26.914,historical
2990,1,3,3,16,5,1:25.846,1:25.123,1:26.973,historical
2991,1,10,7,10,6,1:25.499,1:25.281,1:26.975,historical
2992,1,13,6,3,7,1:25.844,1:25.319,1:27.033,historical
2993,1,15,7,9,8,1:26.194,1:25.265,1:27.127,historical
2994,1,8,6,4,9,1:25.899,1:25.380,1:27.163,historical
2995,1,17,9,14,10,1:25.427,1:25.241,1:27.246,historical
2996,1,2,2,6,11,1:25.827,1:25.504,NULL,historical
2997,1,4,4,7,12,1:26.026,1:25.605,NULL,historical
2998,1,6,3,17,13,1:26.074,1:25.607,NULL,historical
2999,1,5,1,2,14,1:26.184,1:25.726,NULL,historical
3000,1,1,1,1,15,1:26.454,NULL,NULL,historical
3001,1,67,5,12,16,1:26.503,NULL,NULL,historical
3002,1,12,4,8,17,1:26.598,NULL,NULL,historical
3003,1,21,10,21,18,1:26.677,NULL,NULL,historical
3004,1,16,10,20,19,1:26.742,NULL,NULL,historical
3005,1,7,5,11,20,1:26.964,NULL,NULL,historical
3006,2,18,23,22,1,1:35.058,1:33.784,1:35.181,historical
3007,2,15,7,9,2,1:34.745,1:33.990,1:35.273,historical
3008,2,20,9,15,3,1:34.935,1:34.276,1:35.518,historical
3009,2,22,23,23,4,1:34.681,1:34.387,1:35.651,historical
3010,2,10,7,10,5,1:34.907,1:34.258,1:35.690,historical
3011,2,3,3,16,6,1:35.083,1:34.547,1:35.750,historical
3012,2,17,9,14,7,1:35.027,1:34.222,1:35.797,historical
3013,2,9,2,5,8,1:35.166,1:34.562,1:36.106,historical
3014,2,8,6,4,9,1:35.476,1:34.456,1:36.170,historical
3015,2,4,4,7,10,1:35.260,1:34.706,1:37.659,historical
3016,2,2,2,5,11,1:35.110,1:34.769,NULL,historical
3017,2,6,3,17,12,1:35.341,1:34.788,NULL,historical
3018,2,1,1,1,13,1:35.280,1:34.905,NULL,historical
3019,2,5,1,2,14,1:35.023,1:34.924,NULL,historical
3020,2,7,5,11,15,1:35.507,1:35.431,NULL,historical
3021,2,13,6,3,16,1:35.642,NULL,NULL,historical
3022,2,12,4,8,17,1:35.708,NULL,NULL,historical
3023,2,21,10,21,18,1:35.908,NULL,NULL,historical
3024,2,16,10,20,19,1:35.951,NULL,NULL,historical
3025,2,67,5,12,20,1:36.107,NULL,NULL,historical
3026,3,20,9,15,1,1:36.565,1:35.130,1:36.184,historical
3027,3,4,4,7,2,1:36.443,1:35.803,1:36.381,historical
3028,3,17,9,14,3,1:35.751,1:35.173,1:36.466,historical
3029,3,22,23,23,4,1:35.701,1:35.503,1:36.493,historical
3030,3,18,23,22,5,1:35.533,1:35.556,1:36.532,historical
3031,3,15,7,9,6,1:36.308,1:35.645,1:36.835,historical
3032,3,3,3,16,7,1:35.941,1:35.809,1:37.397,historical
3033,3,8,6,4,8,1:36.137,1:35.856,1:38.089,historical
3034,3,1,1,1,9,1:35.776,1:35.740,1:38.595,historical
3035,3,67,5,12,10,1:36.284,1:35.965,1:39.321,historical
3036,3,2,2,6,11,1:36.525,1:35.975,NULL,historical
3037,3,5,1,2,12,1:36.646,1:36.032,NULL,historical
3038,3,13,6,3,13,1:36.178,1:36.033,NULL,historical
3039,3,10,7,10,14,1:36.364,1:36.066,NULL,historical
3040,3,6,3,17,15,1:36.673,1:36.193,NULL,historical
3041,3,7,5,11,16,1:36.906,NULL,NULL,historical
3042,3,12,4,8,17,1:36.908,NULL,NULL,historical
3043,3,9,2,5,18,1:36.966,NULL,NULL,historical
3044,3,16,10,20,19,1:37.669,NULL,NULL,historical
3045,3,21,10,11,20,1:37.672,NULL,NULL,historical
3046,4,15,7,9,1,1:32.799,1:32.671,1:33.431,historical
3047,4,10,7,10,2,1:33.165,1:32.613,1:33.712,historical
3048,4,20,9,15,3,1:32.680,1:32.474,1:34.015,historical
3049,4,18,23,22,4,1:32.978,1:32.842,1:34.044,historical
3050,4,1,1,1,5,1:32.851,1:32.877,1:34.196,historical
3051,4,22,23,23,6,1:33.116,1:32.842,1:34.239,historical
3052,4,4,4,7,7,1:33.627,1:32.860,1:34.578,historical
3053,4,13,6,3,8,1:33.297,1:33.014,1:34.818,historical
3054,4,3,3,16,9,1:33.672,1:33.166,1:35.134,historical
3055,4,8,6,4,10,1:33.117,1:32.827,1:35.380,historical
3056,4,5,1,2,11,1:33.479,1:33.242,NULL,historical
3057,4,6,3,17,12,1:33.221,1:33.348,NULL,historical
3058,4,9,2,5,13,1:33.495,1:33.487,NULL,historical
3059,4,2,2,6,14,1:33.377,1:33.562,NULL,historical
3060,4,12,4,8,15,1:33.608,1:33.941,NULL,historical
3061,4,16,10,20,16,1:33.722,NULL,NULL,historical
3062,4,67,5,12,17,1:33.753,NULL,NULL,historical
3063,4,21,10,21,18,1:33.910,NULL,NULL,historical
3064,4,17,9,14,19,1:34.038,NULL,NULL,historical
3065,4,7,5,11,20,1:34.159,NULL,NULL,historical
3066,5,18,23,22,1,1:20.707,1:20.192,1:20.527,historical
3067,5,20,9,15,2,1:20.715,1:20.220,1:20.660,historical
3068,5,22,23,23,3,1:20.808,1:19.954,1:20.762,historical
3069,5,13,6,3,4,1:20.484,1:20.149,1:20.934,historical
3070,5,17,9,14,5,1:20.689,1:20.007,1:21.049,historical
3071,5,10,7,10,6,1:20.877,1:20.107,1:21.247,historical
3072,5,15,7,9,7,1:21.189,1:20.420,1:21.254,historical
3073,5,4,4,7,8,1:21.186,1:20.509,1:21.392,historical
3074,5,3,3,16,9,1:20.745,1:20.256,1:22.558,historical
3075,5,9,2,5,10,1:20.931,1:20.408,1:22.685,historical
3076,5,6,3,17,11,1:20.818,1:20.531,NULL,historical
3077,5,12,4,8,12,1:21.128,1:20.604,NULL,historical
3078,5,2,2,6,13,1:21.095,1:20.676,NULL,historical
3079,5,1,1,1,14,1:20.991,1:20.805,NULL,historical
3080,5,67,5,12,15,1:21.033,1:21.067,NULL,historical
3081,5,8,6,4,16,1:21.291,NULL,NULL,historical
3082,5,7,5,11,17,1:21.300,NULL,NULL,historical
3083,5,5,1,2,18,1:21.675,NULL,NULL,historical
3084,5,16,10,20,19,1:21.742,NULL,NULL,historical
3085,5,21,10,21,20,1:22.204,NULL,NULL,historical
3086,6,18,23,22,1,1:15.210,1:15.016,1:14.902,historical
3087,6,8,6,4,2,1:15.746,1:14.514,1:14.927,historical
3088,6,22,23,23,3,1:15.425,1:14.829,1:15.077,historical
3089,6,20,9,15,4,1:15.915,1:14.879,1:15.271,historical
3090,6,13,6,3,5,1:15.340,1:15.001,1:15.437,historical
3091,6,3,3,16,6,1:15.094,1:14.846,1:15.455,historical
3092,6,5,1,2,7,1:15.495,1:14.809,1:15.516,historical
3093,6,17,9,14,8,1:15.260,1:14.825,1:15.653,historical
3094,6,4,4,7,9,1:15.898,1:15.200,1:16.009,historical
3095,6,6,3,17,10,1:15.930,1:15.579,1:17.344,historical
3096,6,67,5,12,11,1:15.834,1:15.833,NULL,historical
3097,6,12,4,8,12,1:16.013,1:15.837,NULL,historical
3098,6,21,10,21,13,1:16.063,1:16.146,NULL,historical
3099,6,7,5,11,14,1:16.120,1:16.281,NULL,historical
3100,6,16,10,20,15,1:16.248,1:16.545,NULL,historical
3101,6,1,1,1,16,1:16.264,NULL,NULL,historical
3102,6,2,2,6,17,1:16.264,NULL,NULL,historical
3103,6,9,2,5,18,1:16.405,NULL,NULL,historical
3104,6,15,7,9,19,1:16.548,NULL,NULL,historical
3105,6,10,7,10,20,1:16.788,NULL,NULL,historical
3106,7,20,9,15,1,1:27.330,1:27.016,1:28.316,historical
3107,7,18,23,22,2,1:27.355,1:27.230,1:28.421,historical
3108,7,22,23,23,3,1:27.371,1:27.418,1:28.579,historical
3109,7,17,9,14,4,1:27.466,1:27.416,1:28.613,historical
3110,7,15,7,9,5,1:27.529,1:27.195,1:28.666,historical
3111,7,8,6,4,6,1:27.556,1:27.387,1:28.815,historical
3112,7,13,6,3,7,1:27.508,1:27.349,1:28.858,historical
3113,7,4,4,7,8,1:27.988,1:27.473,1:29.075,historical
3114,7,3,3,16,9,1:27.517,1:27.418,1:29.191,historical
3115,7,9,2,5,10,1:27.788,1:27.455,1:29.357,historical
3116,7,2,2,6,11,1:27.795,1:27.521,NULL,historical
3117,7,6,3,17,12,1:27.691,1:27.629,NULL,historical
3118,7,10,7,10,13,1:28.160,1:27.795,NULL,historical
3119,7,5,1,2,14,1:28.199,1:28.207,NULL,historical
3120,7,16,10,20,15,1:28.278,1:28.391,NULL,historical
3121,7,1,1,1,16,1:28.318,NULL,NULL,historical
3122,7,12,4,8,17,1:28.582,NULL,NULL,historical
3123,7,67,5,12,18,1:28.708,NULL,NULL,historical
3124,7,21,10,21,19,1:28.717,NULL,NULL,historical
3125,7,7,5,11,20,1:28.918,NULL,NULL,historical
3126,8,20,9,15,1,1:18.685,1:18.119,1:19.509,historical
3127,8,22,23,23,2,1:19.325,1:18.335,1:19.856,historical
3128,8,17,9,14,3,1:18.674,1:18.209,1:19.868,historical
3129,8,15,7,9,4,1:18.886,1:18.240,1:20.091,historical
3130,8,6,3,17,5,1:18.530,1:18.575,1:20.216,historical
3131,8,18,23,22,6,1:18.957,1:18.663,1:20.289,historical
3132,8,3,3,16,7,1:19.228,1:18.591,1:20.361,historical
3133,8,10,7,10,8,1:19.198,1:18.791,1:20.490,historical
3134,8,8,6,4,9,1:19.010,1:18.566,1:20.715,historical
3135,8,4,4,7,10,1:19.167,1:18.761,1:20.741,historical
3136,8,13,6,3,11,1:19.148,1:18.927,NULL,historical
3137,8,9,2,5,12,1:19.730,1:19.308,NULL,historical
3138,8,5,1,2,13,1:19.732,1:19.353,NULL,historical
3139,8,12,4,8,14,1:19.555,1:19.392,NULL,historical
3140,8,2,2,6,15,1:19.559,1:19.448,NULL,historical
3141,8,21,10,21,16,1:19.802,NULL,NULL,historical
3142,8,7,5,11,17,1:19.898,NULL,NULL,historical
3143,8,16,10,20,18,1:19.909,NULL,NULL,historical
3144,8,1,1,1,19,1:19.917,NULL,NULL,historical
3145,8,67,5,12,20,1:20.236,NULL,NULL,historical
3146,9,17,9,14,1,1:31.257,1:38.038,1:32.230,historical
3147,9,22,23,23,2,1:31.482,1:34.455,1:32.357,historical
3148,9,18,23,22,3,1:31.568,1:39.032,1:32.473,historical
3149,9,20,9,15,4,1:31.430,1:39.504,1:32.480,historical
3150,9,1,1,1,5,1:31.473,1:39.149,1:32.616,historical
3151,9,5,1,2,6,1:31.881,1:40.826,1:33.859,historical
3152,9,16,10,20,7,1:32.015,1:36.740,1:34.316,historical
3153,9,13,6,3,8,1:31.600,1:41.708,1:34.574,historical
3154,9,8,6,4,9,1:31.869,1:41.730,1:34.710,historical
3155,9,12,4,8,10,1:32.128,1:35.737,1:34.803,historical
3156,9,2,2,6,11,1:31.771,1:42.310,NULL,historical
3157,9,4,4,7,12,1:31.302,1:42.318,NULL,historical
3158,9,6,3,17,13,1:31.884,1:42.500,NULL,historical
3159,9,15,7,9,14,1:31.760,1:42.771,NULL,historical
3160,9,3,3,16,15,1:31.598,1:42.859,NULL,historical
3161,9,9,2,5,16,1:32.190,NULL,NULL,historical
3162,9,67,5,12,17,1:32.251,NULL,NULL,historical
3163,9,21,10,21,18,1:32.402,NULL,NULL,historical
3164,9,10,7,10,19,1:32.423,NULL,NULL,historical
3165,9,7,5,11,20,1:33.559,NULL,NULL,historical
3166,10,4,4,7,1,1:21.313,1:20.826,1:21.569,historical
3167,10,20,9,15,2,1:21.178,1:20.604,1:21.607,historical
3168,10,17,9,14,3,1:20.964,1:20.358,1:21.741,historical
3169,10,1,1,1,4,1:20.842,1:20.465,1:21.839,historical
3170,10,3,3,16,5,1:20.793,1:20.862,1:21.890,historical
3171,10,5,1,2,6,1:21.659,1:20.807,1:22.095,historical
3172,10,8,6,4,7,1:21.500,1:20.647,1:22.468,historical
3173,10,18,23,22,8,1:21.471,1:20.707,1:22.511,historical
3174,10,6,3,17,9,1:21.407,1:20.570,1:22.835,historical
3175,10,13,6,3,10,1:21.420,1:20.823,NULL,historical
3176,10,67,5,12,11,1:21.571,1:21.002,NULL,historical
3177,10,15,7,9,12,1:21.416,1:21.082,NULL,historical
3178,10,22,23,23,13,1:21.558,1:21.222,NULL,historical
3179,10,10,7,10,14,1:21.584,1:21.242,NULL,historical
3180,10,12,4,8,15,1:21.278,1:21.389,NULL,historical
3181,10,2,2,6,16,1:21.738,NULL,NULL,historical
3182,10,21,10,21,17,1:21.807,NULL,NULL,historical
3183,10,16,10,20,18,1:21.868,NULL,NULL,historical
3184,10,9,2,5,19,1:21.901,NULL,NULL,historical
3185,10,153,5,11,20,1:22.359,NULL,NULL,historical
3186,11,1,1,1,1,1:38.649,1:38.182,1:39.489,historical
3187,11,5,1,2,2,1:38.816,1:38.230,1:39.532,historical
3188,11,22,23,23,3,1:39.019,1:38.076,1:39.563,historical
3189,11,20,9,15,4,1:39.295,1:38.273,1:39.789,historical
3190,11,18,23,22,5,1:38.531,1:38.601,1:39.821,historical
3191,11,8,6,4,6,1:38.843,1:38.782,1:40.144,historical
3192,11,3,3,16,7,1:39.039,1:38.346,1:40.185,historical
3193,11,4,4,7,8,1:39.155,1:38.717,1:40.236,historical
3194,11,17,9,14,9,1:38.983,1:38.625,1:40.239,historical
3195,11,9,2,5,10,1:38.806,1:38.747,1:40.512,historical
3196,11,2,2,6,11,1:39.032,1:38.826,NULL,historical
3197,11,16,10,20,12,1:39.145,1:38.846,NULL,historical
3198,11,10,7,10,13,1:39.459,1:38.991,NULL,historical
3199,11,154,4,8,14,1:39.322,1:39.040,NULL,historical
3200,11,67,5,12,15,1:38.912,1:39.514,NULL,historical
3201,11,21,10,21,16,1:39.531,NULL,NULL,historical
3202,11,6,3,17,17,1:39.795,NULL,NULL,historical
3203,11,15,7,9,18,1:39.807,NULL,NULL,historical
3204,11,153,5,11,19,1:39.925,NULL,NULL,historical
3205,11,69,6,3,20,1:41.413,NULL,NULL,historical
3206,12,21,10,21,1,1:45.102,1:44.667,1:46.308,historical
3207,12,15,7,9,2,1:45.140,1:44.503,1:46.395,historical
3208,12,2,2,6,3,1:45.566,1:44.709,1:46.500,historical
3209,12,22,23,23,4,1:45.237,1:44.834,1:46.513,historical
3210,12,9,2,5,5,1:45.655,1:44.557,1:46.586,historical
3211,12,8,6,4,6,1:45.579,1:44.953,1:46.633,historical
3212,12,10,7,10,7,1:45.450,1:44.877,1:46.677,historical
3213,12,20,9,15,8,1:45.372,1:44.592,1:46.761,historical
3214,12,17,9,14,9,1:45.350,1:44.924,1:46.788,historical
3215,12,3,3,16,10,1:45.486,1:45.047,1:47.362,historical
3216,12,16,10,20,11,1:45.239,1:45.119,NULL,historical
3217,12,1,1,1,12,1:45.767,1:45.122,NULL,historical
3218,12,4,4,7,13,1:45.707,1:45.136,NULL,historical
3219,12,18,23,22,14,1:45.761,1:45.251,NULL,historical
3220,12,5,1,2,15,1:45.705,1:45.259,NULL,historical
3221,12,67,5,12,16,1:45.951,NULL,NULL,historical
3222,12,153,5,11,17,1:46.302,NULL,NULL,historical
3223,12,6,3,17,18,1:46.307,NULL,NULL,historical
3224,12,154,4,8,19,1:46.359,NULL,NULL,historical
3225,12,69,6,3,20,1:46.957,NULL,NULL,historical
3226,13,1,1,1,1,1:23.375,1:22.973,1:24.066,historical
3227,13,16,10,20,2,1:23.576,1:23.070,1:24.261,historical
3228,13,8,6,4,3,1:23.349,1:23.426,1:24.523,historical
3229,13,5,1,2,4,1:23.515,1:23.528,1:24.845,historical
3230,13,22,23,23,5,1:23.483,1:22.976,1:25.015,historical
3231,13,18,23,22,6,1:23.403,1:22.955,1:25.030,historical
3232,13,24,10,21,7,1:23.578,1:23.207,1:25.043,historical
3233,13,4,4,7,8,1:23.708,1:23.497,1:25.072,historical
3234,13,20,9,15,9,1:23.558,1:23.545,1:25.180,historical
3235,13,17,9,14,10,1:23.755,1:23.273,1:25.314,historical
3236,13,15,7,9,11,1:24.014,1:23.611,NULL,historical
3237,13,154,4,8,12,1:23.975,1:23.728,NULL,historical
3238,13,9,2,5,13,1:24.001,1:23.866,NULL,historical
3239,13,21,6,3,14,1:23.828,1:23.901,NULL,historical
3240,13,2,2,6,15,1:23.584,1:24.275,NULL,historical
3241,13,10,7,10,16,1:24.036,NULL,NULL,historical
3242,13,6,3,17,17,1:24.074,NULL,NULL,historical
3243,13,3,3,16,18,1:24.121,NULL,NULL,historical
3244,13,67,5,12,19,1:24.220,NULL,NULL,historical
3245,13,153,5,11,20,1:24.951,NULL,NULL,historical
3246,14,1,1,1,1,1:46.977,1:46.657,1:47.891,historical
3247,14,20,9,15,2,1:47.541,1:46.362,1:48.204,historical
3248,14,3,3,16,3,1:47.390,1:46.197,1:48.348,historical
3249,14,17,9,14,4,1:47.646,1:46.328,1:48.722,historical
3250,14,22,23,23,5,1:47.397,1:46.787,1:48.828,historical
3251,14,4,4,7,6,1:47.757,1:46.767,1:49.054,historical
3252,14,10,7,10,7,1:47.770,1:46.707,1:49.180,historical
3253,14,2,2,6,8,1:47.347,1:46.832,1:49.307,historical
3254,14,9,2,5,9,1:47.615,1:46.813,1:49.514,historical
3255,14,5,1,2,10,1:47.542,1:46.842,1:49.778,historical
3256,14,6,3,17,11,1:47.637,1:47.013,NULL,historical
3257,14,18,23,22,12,1:47.180,1:47.141,NULL,historical
3258,14,8,6,4,13,1:47.293,1:47.177,NULL,historical
3259,14,67,5,12,14,1:47.677,1:47.369,NULL,historical
3260,14,15,7,9,15,1:47.690,1:47.413,NULL,historical
3261,14,16,10,20,16,1:48.231,NULL,NULL,historical
3262,14,153,5,11,17,1:48.340,NULL,NULL,historical
3263,14,21,6,3,18,1:48.350,NULL,NULL,historical
3264,14,154,4,8,19,1:48.544,NULL,NULL,historical
3265,14,24,10,21,20,1:48.792,NULL,NULL,historical
3266,15,20,9,15,1,1:30.883,1:30.341,1:32.160,historical
3267,15,15,7,9,2,1:31.063,1:30.737,1:32.220,historical
3268,15,1,1,1,3,1:30.917,1:30.627,1:32.395,historical
3269,15,16,10,20,4,1:31.386,1:31.222,1:32.466,historical
3270,15,22,23,23,5,1:31.272,1:31.055,1:32.660,historical
3271,15,2,2,6,6,1:31.501,1:31.260,1:32.945,historical
3272,15,18,23,22,7,1:31.041,1:30.880,1:32.962,historical
3273,15,8,6,4,8,1:31.288,1:31.052,1:32.980,historical
3274,15,5,1,2,9,1:31.499,1:31.223,NULL,historical
3275,15,67,5,12,10,1:31.196,1:31.103,NULL,historical
3276,15,3,3,16,11,1:31.286,1:31.482,NULL,historical
3277,15,4,4,7,12,1:31.401,1:31.638,NULL,historical
3278,15,9,2,5,13,1:31.417,1:32.341,NULL,historical
3279,15,10,7,10,14,1:31.550,NULL,NULL,historical
3280,15,153,5,11,15,1:31.571,NULL,NULL,historical
3281,15,21,6,3,16,1:31.704,NULL,NULL,historical
3282,15,6,3,17,17,1:31.718,NULL,NULL,historical
3283,15,154,4,8,18,1:32.073,NULL,NULL,historical
3284,15,24,10,21,19,1:32.087,NULL,NULL,historical
3285,15,17,9,14,20,NULL,NULL,NULL,historical
3286,16,22,23,23,1,1:24.100,1:21.659,1:19.576,historical
3287,16,17,9,14,2,1:24.722,1:20.803,1:19.668,historical
3288,16,16,10,20,3,1:24.447,1:20.753,1:19.912,historical
3289,16,15,7,9,4,1:24.621,1:20.635,1:20.097,historical
3290,16,8,6,4,5,1:23.047,1:21.378,1:20.168,historical
3291,16,67,5,12,6,1:24.591,1:20.701,1:20.250,historical
3292,16,3,3,16,7,1:22.828,1:20.368,1:20.326,historical
3293,16,9,2,5,8,1:23.072,1:21.147,1:20.631,historical
3294,16,6,3,17,9,1:23.161,1:20.427,1:20.674,historical
3295,16,4,4,7,10,1:24.842,1:21.657,1:21.422,historical
3296,16,155,7,10,11,1:24.335,1:21.960,NULL,historical
3297,16,153,5,11,12,1:24.773,1:22.231,NULL,historical
3298,16,154,4,8,13,1:24.394,1:22.477,NULL,historical
3299,16,18,23,22,14,1:24.297,1:22.504,NULL,historical
3300,16,24,10,21,15,1:24.645,NULL,NULL,historical
3301,16,20,9,15,16,1:25.009,NULL,NULL,historical
3302,16,5,1,2,17,1:25.052,NULL,NULL,historical
3303,16,1,1,1,18,1:25.192,NULL,NULL,historical
3304,16,2,2,6,19,1:25.515,NULL,NULL,historical
3305,16,21,6,3,20,1:40.703,NULL,NULL,historical
3306,17,1,1,1,1,1:39.873,1:39.695,1:40.948,historical
3307,17,20,9,15,2,1:40.666,1:39.984,1:41.615,historical
3308,17,17,9,14,3,1:40.667,1:40.272,1:41.726,historical
3309,17,22,23,23,4,1:40.574,1:40.421,1:41.786,historical
3310,17,18,23,22,5,1:40.378,1:40.148,1:41.892,historical
3311,17,15,7,9,6,1:40.517,1:40.373,1:41.897,historical
3312,17,9,2,5,7,1:40.520,1:40.545,1:41.992,historical
3313,17,2,2,6,8,1:40.558,1:40.635,1:42.343,historical
3314,17,3,3,16,9,1:40.842,1:40.661,1:42.583,historical
3315,17,67,5,12,10,1:40.908,1:40.430,1:42.713,historical
3316,17,8,6,4,11,1:41.100,1:40.726,NULL,historical
3317,17,155,7,10,12,1:41.035,1:40.777,NULL,historical
3318,17,5,1,2,13,1:40.808,1:40.983,NULL,historical
3319,17,6,3,17,14,1:41.096,1:41.148,NULL,historical
3320,17,153,5,11,15,1:41.503,1:41.689,NULL,historical
3321,17,4,4,7,16,1:41.667,NULL,NULL,historical
3322,17,24,10,21,17,1:41.701,NULL,NULL,historical
3323,17,16,10,20,18,1:41.836,NULL,NULL,historical
3324,17,154,4,8,19,1:41.950,NULL,NULL,historical
3325,17,21,6,3,20,1:42.184,NULL,NULL,historical
3326,337,20,9,5,1,1:55.029,1:53.883,1:54.101,historical
3327,337,13,6,7,2,1:55.313,1:54.331,1:54.242,historical
3328,337,4,6,8,3,1:54.612,1:54.172,1:54.608,historical
3329,337,1,1,2,4,1:55.341,1:54.707,1:55.217,historical
3330,337,3,131,4,5,1:55.463,1:54.682,1:55.241,historical
3331,337,17,9,6,6,1:55.298,1:54.318,1:55.284,historical
3332,337,30,131,3,7,1:55.593,1:55.105,1:55.524,historical
3333,337,18,1,1,8,1:55.715,1:55.168,1:55.672,historical
3334,337,9,4,11,9,1:55.511,1:54.963,1:55.885,historical
3335,337,16,10,14,10,1:55.213,1:54.996,1:56.309,historical
3336,337,22,3,9,11,1:55.969,1:55.330,NULL,historical
3337,337,24,10,15,12,1:55.628,1:55.623,NULL,historical
3338,337,807,3,10,13,1:56.375,1:55.857,NULL,historical
3339,337,37,15,22,14,1:56.428,1:56.237,NULL,historical
3340,337,67,5,16,15,1:56.189,1:56.265,NULL,historical
3341,337,155,15,23,16,1:56.541,1:56.270,NULL,historical
3342,337,808,4,12,17,1:56.167,1:56.619,NULL,historical
3343,337,153,5,17,18,1:57.071,NULL,NULL,historical
3344,337,10,166,24,19,1:59.728,NULL,NULL,historical
3345,337,15,205,18,20,1:59.852,NULL,NULL,historical
3346,337,5,205,19,21,2:00.313,NULL,NULL,historical
3347,337,810,166,25,22,2:00.587,NULL,NULL,historical
3348,337,811,164,21,23,2:03.204,NULL,NULL,historical
3349,337,812,164,20,24,2:04.904,NULL,NULL,historical
3350,338,20,9,5,1,1:24.774,1:24.096,1:23.919,historical
3351,338,17,9,6,2,1:25.286,1:24.276,1:24.035,historical
3352,338,4,6,8,3,1:25.082,1:24.335,1:24.111,historical
3353,338,18,1,1,4,1:24.897,1:24.531,1:24.675,historical
3354,338,13,6,7,5,1:25.548,1:25.010,1:24.837,historical
3355,338,3,131,4,6,1:24.788,1:24.788,1:24.884,historical
3356,338,30,131,3,7,1:25.351,1:24.871,1:24.927,historical
3357,338,22,3,9,8,1:25.702,1:25.085,1:25.217,historical
3358,338,9,4,11,9,1:25.588,1:25.122,1:25.372,historical
3359,338,16,10,14,10,1:25.504,1:25.046,1:26.036,historical
3360,338,1,1,2,11,1:25.046,1:25.184,NULL,historical
3361,338,67,5,16,12,1:26.061,1:25.638,NULL,historical
3362,338,24,10,15,13,1:26.170,1:25.743,NULL,historical
3363,338,37,15,22,14,1:26.089,1:25.747,NULL,historical
3364,338,807,3,10,15,1:25.866,1:25.748,NULL,historical
3365,338,155,15,23,16,1:26.251,1:25.777,NULL,historical
3366,338,153,5,17,17,1:26.095,1:26.089,NULL,historical
3367,338,808,4,12,18,1:26.471,NULL,NULL,historical
3368,338,5,205,19,19,1:28.797,NULL,NULL,historical
3369,338,15,205,18,20,1:29.111,NULL,NULL,historical
3370,338,10,166,24,21,1:29.592,NULL,NULL,historical
3371,338,810,166,25,22,1:30.185,NULL,NULL,historical
3372,338,811,164,21,23,1:30.526,NULL,NULL,historical
3373,338,812,164,20,24,1:30.613,NULL,NULL,historical
3374,339,17,9,6,1,1:51.886,1:48.210,1:49.327,historical
3375,339,3,131,4,2,1:52.560,1:47.417,1:50.673,historical
3376,339,20,9,5,3,1:47.632,1:46.828,1:50.789,historical
3377,339,16,10,14,4,1:49.479,1:47.085,1:50.914,historical
3378,339,807,3,10,5,1:49.664,1:47.346,1:51.001,historical
3379,339,9,4,11,6,1:46.283,1:46.951,1:51.051,historical
3380,339,22,3,9,7,1:50.301,1:48.371,1:51.511,historical
3381,339,30,131,3,8,1:52.239,1:48.400,1:51.717,historical
3382,339,155,15,23,9,1:48.467,1:47.792,1:51.767,historical
3383,339,24,10,15,10,1:49.922,1:48.238,1:52.254,historical
3384,339,808,4,12,11,1:47.952,1:48.760,NULL,historical
3385,339,37,15,22,12,1:47.153,1:48.771,NULL,historical
3386,339,67,5,16,13,1:48.945,1:49.207,NULL,historical
3387,339,153,5,17,14,1:48.655,1:49.464,NULL,historical
3388,339,5,205,19,15,1:52.875,1:52.270,NULL,historical
3389,339,10,166,24,16,1:52.398,1:52.520,NULL,historical
3390,339,18,1,1,17,1:52.211,NULL,NULL,historical
3391,339,15,205,18,18,1:52.884,NULL,NULL,historical
3392,339,4,6,8,19,1:53.044,NULL,NULL,historical
3393,339,1,1,2,20,1:53.050,NULL,NULL,historical
3394,339,13,6,7,21,1:53.283,NULL,NULL,historical
3395,339,812,164,20,22,1:56.299,NULL,NULL,historical
3396,339,811,164,21,23,1:57.269,NULL,NULL,historical
3397,339,810,166,25,24,1:59.977,NULL,NULL,historical
3398,340,20,9,5,1,1:36.317,1:35.280,1:34.558,historical
3399,340,17,9,6,2,1:35.978,1:35.100,1:34.808,historical
3400,340,4,6,8,3,1:35.987,1:35.235,1:34.913,historical
3401,340,3,131,4,4,1:35.952,1:35.134,1:34.923,historical
3402,340,18,1,1,5,1:36.122,1:35.443,1:34.979,historical
3403,340,1,1,2,6,1:35.641,1:34.928,1:35.034,historical
3404,340,13,6,7,7,1:36.076,1:35.290,1:35.180,historical
3405,340,9,4,11,8,1:36.348,1:35.550,1:35.364,historical
3406,340,30,131,3,9,1:36.484,1:35.715,1:35.646,historical
3407,340,16,10,14,10,1:36.671,1:35.665,1:35.963,historical
3408,340,22,3,9,11,1:36.664,1:35.748,NULL,historical
3409,340,153,5,17,12,1:36.618,1:36.047,NULL,historical
3410,340,67,5,16,13,1:36.793,1:36.149,NULL,historical
3411,340,808,4,12,14,1:37.031,1:36.311,NULL,historical
3412,340,155,15,23,15,1:37.044,1:36.422,NULL,historical
3413,340,807,3,10,16,1:37.049,1:36.647,NULL,historical
3414,340,37,15,22,17,1:37.050,1:37.020,NULL,historical
3415,340,24,10,15,18,1:37.161,NULL,NULL,historical
3416,340,10,166,24,19,1:39.278,NULL,NULL,historical
3417,340,15,205,18,20,1:39.399,NULL,NULL,historical
3418,340,5,205,19,21,1:39.520,NULL,NULL,historical
3419,340,810,166,25,22,1:39.783,NULL,NULL,historical
3420,340,811,164,21,23,1:40.469,NULL,NULL,historical
3421,340,812,164,20,24,1:40.578,NULL,NULL,historical
3422,341,17,9,6,1,1:21.412,1:20.655,1:19.995,historical
3423,341,20,9,5,2,1:21.680,1:20.772,1:20.101,historical
3424,341,1,1,2,3,1:21.723,1:21.415,1:20.829,historical
3425,341,4,6,8,4,1:21.957,1:21.549,1:20.937,historical
3426,341,18,1,1,5,1:21.915,1:21.168,1:20.991,historical
3427,341,30,131,3,6,1:22.528,1:21.557,1:21.294,historical
3428,341,9,4,11,7,1:22.488,1:21.599,1:21.353,historical
3429,341,3,131,4,8,1:22.419,1:21.867,1:21.408,historical
3430,341,13,6,7,9,1:22.564,1:21.841,1:21.585,historical
3431,341,155,15,23,10,1:22.577,1:21.725,1:21.984,historical
3432,341,16,10,14,11,1:22.628,1:21.985,NULL,historical
3433,341,37,15,22,12,1:22.211,1:22.026,NULL,historical
3434,341,807,3,10,13,1:22.857,1:22.131,NULL,historical
3435,341,808,4,12,14,1:22.976,1:22.139,NULL,historical
3436,341,67,5,16,15,1:22.699,1:22.191,NULL,historical
3437,341,153,5,17,16,1:22.593,1:22.207,NULL,historical
3438,341,24,10,15,17,1:23.084,1:22.854,NULL,historical
3439,341,22,3,9,18,1:23.125,NULL,NULL,historical
3440,341,15,205,18,19,1:24.674,NULL,NULL,historical
3441,341,5,205,19,20,1:24.748,NULL,NULL,historical
3442,341,10,166,24,21,1:25.475,NULL,NULL,historical
3443,341,810,166,25,22,1:25.556,NULL,NULL,historical
3444,341,812,164,20,23,1:26.750,NULL,NULL,historical
3445,341,811,164,21,24,1:27.122,NULL,NULL,historical
3446,342,17,9,6,1,1:15.035,1:14.462,1:13.826,historical
3447,342,9,4,11,2,1:15.045,1:14.549,1:14.120,historical
3448,342,20,9,5,3,1:15.110,1:14.568,1:14.227,historical
3449,342,13,6,7,4,1:14.757,1:14.405,1:14.283,historical
3450,342,1,1,2,5,1:15.676,1:14.527,1:14.432,historical
3451,342,3,131,4,6,1:15.188,1:14.375,1:14.544,historical
3452,342,30,131,3,7,1:15.649,1:14.691,1:14.590,historical
3453,342,18,1,1,8,1:15.623,1:15.150,1:14.637,historical
3454,342,22,3,9,9,1:15.590,1:15.083,1:14.901,historical
3455,342,24,10,15,10,1:15.397,1:15.061,1:15.170,historical
3456,342,807,3,10,11,1:16.030,1:15.317,NULL,historical
3457,342,16,10,14,12,1:15.445,1:15.318,NULL,historical
3458,342,67,5,16,13,1:15.961,1:15.413,NULL,historical
3459,342,808,4,12,14,1:15.482,1:15.576,NULL,historical
3460,342,37,15,22,15,1:15.908,1:15.692,NULL,historical
3461,342,155,15,23,16,1:16.175,1:15.992,NULL,historical
3462,342,153,5,17,17,1:16.021,1:16.176,NULL,historical
3463,342,5,205,19,18,1:17.094,NULL,NULL,historical
3464,342,15,205,18,19,1:17.134,NULL,NULL,historical
3465,342,10,166,24,20,1:17.377,NULL,NULL,historical
3466,342,810,166,25,21,1:17.864,NULL,NULL,historical
3467,342,811,164,21,22,1:18.509,NULL,NULL,historical
3468,342,812,164,20,23,1:19.559,NULL,NULL,historical
3469,342,4,6,8,24,NULL,NULL,NULL,historical
3470,343,17,9,6,1,1:27.500,1:26.818,1:26.295,historical
3471,343,1,1,2,2,1:27.667,1:27.013,1:26.433,historical
3472,343,20,9,5,3,1:27.067,1:26.729,1:26.760,historical
3473,343,18,1,1,4,1:27.555,1:27.277,1:26.781,historical
3474,343,30,131,3,5,1:27.756,1:27.438,1:26.857,historical
3475,343,3,131,4,6,1:27.649,1:27.141,1:26.952,historical
3476,343,9,4,11,7,1:27.766,1:27.426,1:27.039,historical
3477,343,13,6,7,8,1:27.993,1:27.200,1:27.082,historical
3478,343,808,4,12,9,1:27.620,1:27.387,1:27.430,historical
3479,343,155,15,23,10,1:28.158,1:27.434,1:28.122,historical
3480,343,16,10,14,11,1:27.951,1:27.525,NULL,historical
3481,343,4,6,8,12,1:27.857,1:27.612,NULL,historical
3482,343,37,15,22,13,1:28.147,1:27.879,NULL,historical
3483,343,67,5,16,14,1:28.534,1:28.273,NULL,historical
3484,343,22,3,9,15,1:28.336,1:28.392,NULL,historical
3485,343,153,5,17,16,1:28.460,1:28.540,NULL,historical
3486,343,807,3,10,17,1:28.227,1:28.841,NULL,historical
3487,343,24,10,15,18,1:28.958,NULL,NULL,historical
3488,343,15,205,18,19,1:30.237,NULL,NULL,historical
3489,343,5,205,19,20,1:30.519,NULL,NULL,historical
3490,343,10,166,24,21,1:30.744,NULL,NULL,historical
3491,343,811,164,21,22,1:31.266,NULL,NULL,historical
3492,343,810,166,25,23,1:31.989,NULL,NULL,historical
3493,343,812,164,20,24,1:32.060,NULL,NULL,historical
3494,344,1,1,2,1,1:15.889,1:15.528,1:15.105,historical
3495,344,17,9,6,2,1:16.423,1:15.692,1:15.373,historical
3496,344,20,9,5,3,1:16.129,1:15.556,1:15.420,historical
3497,344,4,6,8,4,1:16.171,1:15.597,1:15.435,historical
3498,344,18,1,1,5,1:16.371,1:15.742,1:15.520,historical
3499,344,24,10,15,6,1:17.086,1:16.171,1:15.648,historical
3500,344,13,6,7,7,1:16.673,1:16.314,1:15.688,historical
3501,344,9,4,11,8,1:16.370,1:15.682,1:15.715,historical
3502,344,16,10,14,9,1:16.495,1:16.295,1:15.881,historical
3503,344,3,131,4,10,1:16.350,1:16.001,1:16.071,historical
3504,344,22,3,9,11,1:16.880,1:16.434,NULL,historical
3505,344,807,3,10,12,1:16.770,1:16.438,NULL,historical
3506,344,30,131,3,13,1:16.598,1:16.492,NULL,historical
3507,344,808,4,12,14,1:16.569,1:16.844,NULL,historical
3508,344,67,5,16,15,1:17.356,1:16.928,NULL,historical
3509,344,153,5,17,16,1:17.027,1:17.029,NULL,historical
3510,344,37,15,22,17,1:17.611,1:17.384,NULL,historical
3511,344,155,15,23,18,1:18.019,NULL,NULL,historical
3512,344,5,205,19,19,1:18.237,NULL,NULL,historical
3513,344,15,205,18,20,1:18.698,NULL,NULL,historical
3514,344,10,166,24,21,1:18.941,NULL,NULL,historical
3515,344,811,164,21,22,1:19.484,NULL,NULL,historical
3516,344,810,166,25,23,1:19.675,NULL,NULL,historical
3517,344,812,164,20,24,1:27.757,NULL,NULL,historical
3518,345,20,9,5,1,1:38.324,1:38.015,1:37.587,historical
3519,345,17,9,6,2,1:38.549,1:38.041,1:37.662,historical
3520,345,1,1,2,3,1:38.697,1:38.158,1:37.969,historical
3521,345,4,6,8,4,1:38.472,1:38.179,1:38.075,historical
3522,345,13,6,7,5,1:38.657,1:38.046,1:38.127,historical
3523,345,9,4,11,6,1:38.132,1:38.062,1:38.137,historical
3524,345,18,1,1,7,1:38.360,1:38.399,1:38.210,historical
3525,345,807,3,10,8,1:38.843,1:38.523,1:38.428,historical
3526,345,22,3,9,9,1:38.449,1:38.326,1:38.428,historical
3527,345,808,4,12,10,1:39.004,1:38.552,1:38.523,historical
3528,345,67,5,16,11,1:39.096,1:38.586,NULL,historical
3529,345,3,131,4,12,1:38.752,1:38.627,NULL,historical
3530,345,16,10,14,13,1:39.021,1:38.851,NULL,historical
3531,345,24,10,15,14,1:38.969,1:38.884,NULL,historical
3532,345,30,131,3,15,1:38.994,1:39.234,NULL,historical
3533,345,37,15,22,16,1:39.003,1:39.264,NULL,historical
3534,345,153,5,17,17,1:39.128,1:39.458,NULL,historical
3535,345,155,15,23,18,1:39.343,NULL,NULL,historical
3536,345,15,205,18,19,1:40.658,NULL,NULL,historical
3537,345,5,205,19,20,1:40.882,NULL,NULL,historical
3538,345,810,166,25,21,1:42.086,NULL,NULL,historical
3539,345,10,166,24,22,1:42.140,NULL,NULL,historical
3540,345,812,164,20,23,1:42.600,NULL,NULL,historical
3541,345,811,164,21,24,1:42.851,NULL,NULL,historical
3542,346,20,9,5,1,1:30.841,1:30.480,1:29.615,historical
3543,346,17,9,6,2,1:30.858,1:30.114,1:29.758,historical
3544,346,4,6,8,3,1:30.997,1:30.700,1:30.426,historical
3545,346,1,1,2,4,1:31.297,1:31.118,1:30.556,historical
3546,346,3,131,4,5,1:31.626,1:31.085,1:30.625,historical
3547,346,9,4,11,6,1:31.680,1:31.344,1:31.040,historical
3548,346,13,6,7,7,1:31.313,1:31.010,1:31.172,historical
3549,346,22,3,9,8,1:31.424,1:31.126,1:31.175,historical
3550,346,37,15,22,9,1:31.533,1:31.327,1:31.274,historical
3551,346,30,131,3,10,1:32.058,1:31.022,1:31.430,historical
3552,346,16,10,14,11,1:31.109,1:31.399,NULL,historical
3553,346,155,15,23,12,1:31.851,1:31.421,NULL,historical
3554,346,807,3,10,13,1:32.144,1:31.635,NULL,historical
3555,346,18,1,1,14,1:31.435,1:31.699,NULL,historical
3556,346,24,10,15,15,1:32.226,1:31.708,NULL,historical
3557,346,808,4,12,16,1:31.638,1:31.796,NULL,historical
3558,346,67,5,16,17,1:31.901,1:32.012,NULL,historical
3559,346,153,5,17,18,1:32.430,NULL,NULL,historical
3560,346,5,205,19,19,1:34.405,NULL,NULL,historical
3561,346,10,166,24,20,1:34.775,NULL,NULL,historical
3562,346,15,205,18,21,1:34.864,NULL,NULL,historical
3563,346,810,166,25,22,1:35.212,NULL,NULL,historical
3564,346,812,164,20,23,1:36.576,NULL,NULL,historical
3565,346,29,164,21,24,1:36.968,NULL,NULL,historical
3566,347,20,9,5,1,1:15.152,1:14.249,1:13.791,historical
3567,347,4,6,8,2,1:14.808,1:14.081,1:13.793,historical
3568,347,13,6,7,3,1:15.216,1:14.478,1:14.290,historical
3569,347,17,9,6,4,1:15.334,1:14.340,1:14.347,historical
3570,347,18,1,1,5,1:15.823,1:14.716,1:14.427,historical
3571,347,1,1,2,6,1:15.505,1:14.488,1:14.566,historical
3572,347,9,4,11,7,1:15.736,1:14.835,1:15.079,historical
3573,347,22,3,9,8,1:16.398,1:14.698,1:15.109,historical
3574,347,3,131,4,9,1:16.178,1:15.018,1:15.179,historical
3575,347,807,3,10,10,1:16.387,1:14.943,1:15.339,historical
3576,347,30,131,3,11,1:16.084,1:15.026,NULL,historical
3577,347,155,15,23,12,1:15.951,1:15.084,NULL,historical
3578,347,808,4,12,13,1:16.521,1:15.307,NULL,historical
3579,347,16,10,14,14,1:16.220,1:15.467,NULL,historical
3580,347,37,15,22,15,1:16.450,1:15.550,NULL,historical
3581,347,153,5,17,16,1:16.664,1:15.588,NULL,historical
3582,347,67,5,16,17,1:16.029,1:15.974,NULL,historical
3583,347,15,205,18,18,1:17.583,NULL,NULL,historical
3584,347,5,205,19,19,1:18.300,NULL,NULL,historical
3585,347,10,166,24,20,1:18.343,NULL,NULL,historical
3586,347,811,164,21,21,1:18.592,NULL,NULL,historical
3587,347,24,10,15,22,1:18.952,NULL,NULL,historical
3588,347,29,164,20,23,1:19.844,NULL,NULL,historical
3589,347,810,166,25,24,NULL,NULL,NULL,historical
3590,348,20,9,5,1,1:20.417,1:19.573,1:18.773,historical
3591,348,17,9,6,2,1:21.132,1:19.531,1:19.184,historical
3592,348,4,6,8,3,1:21.278,1:20.237,1:19.987,historical
3593,348,13,6,7,4,1:21.299,1:20.857,1:20.331,historical
3594,348,1,1,2,5,1:21.455,1:20.877,1:20.499,historical
3595,348,3,131,4,6,1:21.212,1:20.811,1:21.082,historical
3596,348,808,4,12,7,1:21.558,1:20.797,1:21.229,historical
3597,348,9,4,11,8,1:21.159,1:20.867,1:21.328,historical
3598,348,37,15,22,9,1:21.891,1:21.273,1:21.411,historical
3599,348,807,3,10,10,1:21.598,1:21.275,1:21.710,historical
3600,348,18,1,1,11,1:21.422,1:21.292,NULL,historical
3601,348,22,3,9,12,1:21.478,1:21.331,NULL,historical
3602,348,16,10,14,13,1:22.080,1:21.517,NULL,historical
3603,348,30,131,3,14,1:21.840,1:21.630,NULL,historical
3604,348,67,5,16,15,1:21.982,1:21.897,NULL,historical
3605,348,24,10,15,16,1:21.789,1:21.927,NULL,historical
3606,348,153,5,17,17,1:21.978,1:21.998,NULL,historical
3607,348,155,15,23,18,1:22.222,NULL,NULL,historical
3608,348,10,166,24,19,1:24.050,NULL,NULL,historical
3609,348,5,205,19,20,1:24.120,NULL,NULL,historical
3610,348,15,205,18,21,1:24.199,NULL,NULL,historical
3611,348,810,166,25,22,1:25.118,NULL,NULL,historical
3612,348,811,164,21,23,1:26.391,NULL,NULL,historical
3613,348,29,164,20,24,1:26.453,NULL,NULL,historical
3614,349,17,9,6,1,1:57.352,1:47.253,1:45.778,historical
3615,349,1,1,2,2,1:56.706,1:46.211,1:45.863,historical
3616,349,9,4,11,3,1:56.041,1:47.320,1:46.100,historical
3617,349,20,9,5,4,1:58.487,1:47.245,1:46.127,historical
3618,349,18,1,1,5,1:57.981,1:46.790,1:46.206,historical
3619,349,13,6,7,6,1:58.323,1:47.322,1:46.314,historical
3620,349,22,3,9,7,1:55.757,1:47.797,1:46.602,historical
3621,349,16,10,14,8,1:58.730,1:47.292,1:46.659,historical
3622,349,807,3,10,9,1:55.442,1:47.821,1:47.053,historical
3623,349,4,6,8,10,1:57.023,1:47.544,1:47.441,historical
3624,349,30,131,3,11,1:56.313,1:47.874,NULL,historical
3625,349,3,131,4,12,1:54.826,1:47.885,NULL,historical
3626,349,153,5,17,13,1:58.944,1:48.267,NULL,historical
3627,349,24,10,15,14,2:01.102,1:48.680,NULL,historical
3628,349,67,5,16,15,2:00.386,1:49.209,NULL,historical
3629,349,5,205,19,16,2:01.343,1:50.980,NULL,historical
3630,349,10,166,24,17,2:01.316,1:52.049,NULL,historical
3631,349,15,205,18,18,2:01.491,NULL,NULL,historical
3632,349,155,15,23,19,2:02.284,NULL,NULL,historical
3633,349,811,164,21,20,2:03.612,NULL,NULL,historical
3634,349,29,164,20,21,2:03.941,NULL,NULL,historical
3635,349,37,15,22,22,2:05.294,NULL,NULL,historical
3636,349,810,166,25,23,2:18.754,NULL,NULL,historical
3637,349,808,4,12,24,NULL,NULL,NULL,historical
3638,350,4,6,8,1,1:22.646,1:22.297,1:21.962,historical
3639,350,18,1,1,2,1:23.085,1:22.354,1:22.084,historical
3640,350,13,6,7,3,1:22.421,1:22.610,1:22.293,historical
3641,350,17,9,6,4,1:23.431,1:22.706,1:22.433,historical
3642,350,1,1,2,5,1:22.830,1:22.394,1:22.623,historical
3643,350,20,9,5,6,1:23.235,1:22.701,1:22.675,historical
3644,350,3,131,4,7,1:23.529,1:23.055,1:23.027,historical
3645,350,807,3,10,8,1:23.516,1:22.989,1:23.037,historical
3646,350,9,4,11,9,1:23.234,1:22.880,1:23.039,historical
3647,350,22,3,9,10,1:23.695,1:23.142,1:23.328,historical
3648,350,16,10,14,11,1:23.493,1:23.199,NULL,historical
3649,350,30,131,3,12,1:23.840,1:23.388,NULL,historical
3650,350,155,15,23,13,1:24.273,1:23.659,NULL,historical
3651,350,67,5,16,14,1:23.744,1:23.681,NULL,historical
3652,350,808,4,12,15,1:24.086,1:23.819,NULL,historical
3653,350,153,5,17,16,1:24.083,1:23.919,NULL,historical
3654,350,37,15,22,17,1:24.442,1:24.044,NULL,historical
3655,350,15,205,18,18,1:25.540,NULL,NULL,historical
3656,350,5,205,19,19,1:25.742,NULL,NULL,historical
3657,350,24,10,15,20,1:25.774,NULL,NULL,historical
3658,350,10,166,24,21,1:25.934,NULL,NULL,historical
3659,350,810,166,25,22,1:25.974,NULL,NULL,historical
3660,350,811,164,21,23,1:26.847,NULL,NULL,historical
3661,350,29,164,20,24,1:27.020,NULL,NULL,historical
3662,351,4,6,8,1,1:46.541,1:45.809,1:45.390,historical
3663,351,20,9,5,2,1:46.960,1:45.561,1:45.457,historical
3664,351,1,1,2,3,1:48.296,1:46.042,1:45.571,historical
3665,351,18,1,1,4,1:48.032,1:46.490,1:45.944,historical
3666,351,17,9,6,5,1:47.088,1:45.908,1:45.977,historical
3667,351,22,3,9,6,1:48.183,1:47.019,1:46.236,historical
3668,351,3,131,4,7,1:48.554,1:46.783,1:46.443,historical
3669,351,9,4,11,8,1:47.657,1:46.949,1:46.593,historical
3670,351,30,131,3,9,1:48.425,1:47.160,1:46.702,historical
3671,351,155,15,23,10,1:48.908,1:47.559,1:47.884,historical
3672,351,153,5,17,11,1:48.127,1:47.666,NULL,historical
3673,351,807,3,10,12,1:47.984,1:47.674,NULL,historical
3674,351,808,4,12,13,1:48.906,1:48.165,NULL,historical
3675,351,67,5,16,14,1:49.063,1:48.502,NULL,historical
3676,351,2,15,22,15,1:48.696,1:48.557,NULL,historical
3677,351,16,10,14,16,1:48.496,1:48.899,NULL,historical
3678,351,24,10,15,17,1:48.988,1:48.961,NULL,historical
3679,351,10,166,24,18,1:50.271,NULL,NULL,historical
3680,351,5,205,19,19,1:50.915,NULL,NULL,historical
3681,351,810,166,25,20,1:51.107,NULL,NULL,historical
3682,351,15,205,18,21,1:51.641,NULL,NULL,historical
3683,351,32,164,20,22,1:52.946,NULL,NULL,historical
3684,351,811,164,21,23,1:54.174,NULL,NULL,historical
3685,351,13,6,7,24,NULL,NULL,NULL,historical
3686,352,20,9,5,1,1:32.035,1:31.184,1:30.785,historical
3687,352,17,9,6,2,1:32.476,1:31.241,1:30.853,historical
3688,352,1,1,2,3,1:32.809,1:31.523,1:31.169,historical
3689,352,9,4,11,4,1:32.808,1:32.042,1:31.231,historical
3690,352,4,6,8,5,1:32.555,1:31.819,1:31.352,historical
3691,352,18,1,1,6,1:32.636,1:31.763,1:31.378,historical
3692,352,3,131,4,7,1:32.238,1:31.886,1:31.494,historical
3693,352,22,3,9,8,1:32.361,1:31.874,1:31.535,historical
3694,352,807,3,10,9,1:32.211,1:31.926,1:31.559,historical
3695,352,30,131,3,10,1:32.513,1:32.073,1:31.846,historical
3696,352,2,15,22,11,1:33.011,1:32.187,NULL,historical
3697,352,13,6,7,12,1:32.721,1:32.321,NULL,historical
3698,352,808,4,12,13,1:32.849,1:32.422,NULL,historical
3699,352,155,15,23,14,1:32.783,1:32.427,NULL,historical
3700,352,16,10,14,15,1:33.186,1:32.659,NULL,historical
3701,352,153,5,17,16,1:33.471,1:33.071,NULL,historical
3702,352,24,10,15,17,1:33.216,1:33.154,NULL,historical
3703,352,67,5,16,18,1:33.568,NULL,NULL,historical
3704,352,15,205,18,19,1:35.346,NULL,NULL,historical
3705,352,5,205,19,20,1:35.464,NULL,NULL,historical
3706,352,810,166,25,21,1:36.265,NULL,NULL,historical
3707,352,10,166,24,22,1:36.332,NULL,NULL,historical
3708,352,811,164,21,23,1:37.270,NULL,NULL,historical
3709,352,29,164,20,24,1:37.365,NULL,NULL,historical
3710,353,20,9,5,1,1:37.123,1:36.074,1:35.585,historical
3711,353,17,9,6,2,1:37.373,1:36.039,1:35.659,historical
3712,353,4,6,8,3,1:37.144,1:36.287,1:35.766,historical
3713,353,1,1,2,4,1:37.113,1:36.197,1:36.062,historical
3714,353,3,131,4,5,1:37.708,1:36.791,1:36.535,historical
3715,353,13,6,7,6,1:37.515,1:36.169,1:36.571,historical
3716,353,18,1,1,7,1:38.123,1:37.064,1:36.731,historical
3717,353,9,4,11,8,1:37.703,1:37.179,1:36.824,historical
3718,353,30,131,3,9,1:37.980,1:37.077,1:36.950,historical
3719,353,22,3,9,10,1:38.257,1:37.511,1:36.998,historical
3720,353,807,3,10,11,1:38.115,1:37.620,NULL,historical
3721,353,155,15,23,12,1:38.429,1:37.643,NULL,historical
3722,353,2,15,22,13,1:38.171,1:37.715,NULL,historical
3723,353,16,10,14,14,1:38.572,1:37.783,NULL,historical
3724,353,808,4,12,15,1:38.174,1:37.799,NULL,historical
3725,353,153,5,17,16,1:38.583,1:37.853,NULL,historical
3726,353,67,5,16,17,1:38.621,1:38.594,NULL,historical
3727,353,24,10,15,18,1:38.955,NULL,NULL,historical
3728,353,15,205,18,19,1:40.521,NULL,NULL,historical
3729,353,10,166,24,20,1:40.748,NULL,NULL,historical
3730,353,5,205,19,21,1:41.768,NULL,NULL,historical
3731,353,810,166,25,22,1:42.325,NULL,NULL,historical
3732,353,29,164,20,23,1:42.444,NULL,NULL,historical
3733,353,811,164,21,24,1:43.283,NULL,NULL,historical
3734,354,807,3,10,1,1:20.050,1:19.144,1:14.470,historical
3735,354,20,9,5,2,1:19.160,1:18.691,1:15.519,historical
3736,354,17,9,6,3,1:19.025,1:18.516,1:15.637,historical
3737,354,1,1,2,4,1:19.931,1:18.921,1:15.747,historical
3738,354,4,6,8,5,1:18.987,1:19.010,1:15.989,historical
3739,354,22,3,9,6,1:19.799,1:18.925,1:16.203,historical
3740,354,9,4,11,7,1:19.249,1:18.877,1:16.552,historical
3741,354,30,131,3,8,1:19.879,1:18.923,1:16.925,historical
3742,354,13,6,7,9,1:19.778,1:19.200,1:17.101,historical
3743,354,808,4,12,10,1:20.189,1:19.153,1:17.656,historical
3744,354,18,1,1,11,1:19.905,1:19.288,NULL,historical
3745,354,155,15,23,12,1:19.741,1:19.385,NULL,historical
3746,354,3,131,4,13,1:20.153,1:19.486,NULL,historical
3747,354,153,5,17,14,1:20.158,1:19.581,NULL,historical
3748,354,67,5,16,15,1:20.096,1:19.847,NULL,historical
3749,354,2,15,22,16,1:20.174,1:19.899,NULL,historical
3750,354,24,10,15,17,1:20.592,1:20.357,NULL,historical
3751,354,16,10,14,18,1:20.830,NULL,NULL,historical
3752,354,10,166,24,19,1:22.130,NULL,NULL,historical
3753,354,15,205,18,20,1:22.250,NULL,NULL,historical
3754,354,5,205,19,21,1:22.378,NULL,NULL,historical
3755,354,810,166,25,22,1:22.810,NULL,NULL,historical
3756,354,32,164,20,23,1:23.083,NULL,NULL,historical
3757,354,811,164,21,24,1:23.796,NULL,NULL,historical
3758,355,20,9,5,1,1:40.318,1:39.874,1:39.394,historical
3759,355,1,1,2,2,1:40.335,1:40.119,1:39.425,historical
3760,355,4,6,8,3,1:40.170,1:40.311,1:39.792,historical
3761,355,18,1,1,4,1:40.877,1:40.014,1:39.823,historical
3762,355,17,9,6,5,1:40.690,1:40.074,1:39.925,historical
3763,355,13,6,7,6,1:40.942,1:40.323,1:40.202,historical
3764,355,22,3,9,7,1:40.904,1:40.476,1:40.203,historical
3765,355,30,131,3,8,1:41.222,1:40.452,1:40.516,historical
3766,355,3,131,4,9,1:40.231,1:40.060,1:40.589,historical
3767,355,808,4,12,10,1:41.018,1:40.658,1:40.901,historical
3768,355,9,4,11,11,1:41.336,1:40.780,NULL,historical
3769,355,155,15,23,12,1:41.045,1:40.783,NULL,historical
3770,355,16,10,14,13,1:41.473,1:40.914,NULL,historical
3771,355,2,15,22,14,1:41.409,1:41.113,NULL,historical
3772,355,807,3,10,15,1:41.015,1:41.418,NULL,historical
3773,355,24,10,15,16,1:41.681,1:41.642,NULL,historical
3774,355,153,5,17,17,1:41.707,1:41.738,NULL,historical
3775,355,67,5,16,18,1:41.824,NULL,NULL,historical
3776,355,15,205,18,19,1:43.516,NULL,NULL,historical
3777,355,5,205,19,20,1:43.712,NULL,NULL,historical
3778,355,10,166,24,21,1:44.095,NULL,NULL,historical
3779,355,810,166,25,22,1:44.510,NULL,NULL,historical
3780,355,811,164,21,23,1:45.085,NULL,NULL,historical
3781,355,32,164,20,24,1:45.296,NULL,NULL,historical
3782,108,30,6,1,1,1:27.173,NULL,NULL,historical
3783,108,22,6,2,2,1:27.418,NULL,NULL,historical
3784,108,31,3,3,3,1:28.101,NULL,NULL,historical
3785,108,49,15,10,4,1:28.274,NULL,NULL,historical
3786,108,44,7,20,5,1:28.288,NULL,NULL,historical
3787,108,35,16,16,6,1:28.420,NULL,NULL,historical
3788,108,2,15,9,7,1:28.464,NULL,NULL,historical
3789,108,18,16,17,8,1:28.682,NULL,NULL,historical
3790,108,23,3,4,9,1:28.830,NULL,NULL,historical
3791,108,4,4,8,10,1:28.928,NULL,NULL,historical
3792,108,14,1,5,11,1:29.105,NULL,NULL,historical
3793,108,15,4,7,12,1:29.136,NULL,NULL,historical
3794,108,21,17,11,13,1:29.344,NULL,NULL,historical
3795,108,17,19,14,14,1:29.367,NULL,NULL,historical
3796,108,8,1,6,15,1:29.470,NULL,NULL,historical
3797,108,43,7,21,16,1:29.538,NULL,NULL,historical
3798,108,52,17,12,17,1:31.242,NULL,NULL,historical
3799,108,42,19,15,18,1:31.723,NULL,NULL,historical
3800,108,51,18,18,19,NULL,NULL,NULL,historical
3801,108,50,18,19,20,NULL,NULL,NULL,historical
3802,110,22,6,2,1,1:13.807,NULL,NULL,historical
3803,110,14,1,5,2,1:13.818,NULL,NULL,historical
3804,110,17,19,14,3,1:13.851,NULL,NULL,historical
3805,110,8,1,6,4,1:13.866,NULL,NULL,historical
3806,110,15,4,7,5,1:13.953,NULL,NULL,historical
3807,110,23,3,4,6,1:14.124,NULL,NULL,historical
3808,110,30,6,1,7,1:14.130,NULL,NULL,historical
3809,110,21,17,11,8,1:14.191,NULL,NULL,historical
3810,110,31,3,3,9,1:14.223,NULL,NULL,historical
3811,110,4,4,8,10,1:14.384,NULL,NULL,historical
3812,110,18,16,17,11,1:14.504,NULL,NULL,historical
3813,110,2,15,9,12,1:14.631,NULL,NULL,historical
3814,110,35,16,16,13,1:14.668,NULL,NULL,historical
3815,110,49,15,10,14,1:14.839,NULL,NULL,historical
3816,110,44,7,20,15,1:14.839,NULL,NULL,historical
3817,110,52,17,12,16,1:15.240,NULL,NULL,historical
3818,110,42,19,15,17,1:15.317,NULL,NULL,historical
3819,110,43,7,21,18,1:15.641,NULL,NULL,historical
3820,110,50,18,19,19,1:16.542,NULL,NULL,historical
3821,110,51,18,18,20,1:16.586,NULL,NULL,historical
3822,111,30,6,1,1,1:22.327,NULL,NULL,historical
3823,111,23,3,4,2,1:22.341,NULL,NULL,historical
3824,111,22,6,2,3,1:22.557,NULL,NULL,historical
3825,111,31,3,3,4,1:22.789,NULL,NULL,historical
3826,111,17,19,14,5,1:23.015,NULL,NULL,historical
3827,111,8,1,6,6,1:23.148,NULL,NULL,historical
3828,111,35,16,16,7,1:23.160,NULL,NULL,historical
3829,111,4,4,8,8,1:23.169,NULL,NULL,historical
3830,111,18,16,17,9,1:23.381,NULL,NULL,historical
3831,111,44,7,20,10,1:23.460,NULL,NULL,historical
3832,111,2,15,9,11,1:23.700,NULL,NULL,historical
3833,111,14,1,5,12,1:23.818,NULL,NULL,historical
3834,111,43,7,21,13,1:23.838,NULL,NULL,historical
3835,111,49,15,10,14,1:23.932,NULL,NULL,historical
3836,111,42,19,15,15,1:24.147,NULL,NULL,historical
3837,111,15,4,7,16,1:24.190,NULL,NULL,historical
3838,111,21,17,11,17,1:24.317,NULL,NULL,historical
3839,111,51,18,18,18,1:25.826,NULL,NULL,historical
3840,111,52,17,12,19,1:26.357,NULL,NULL,historical
3841,111,50,18,19,20,NULL,NULL,NULL,historical
3842,112,30,6,1,1,1:17.762,NULL,NULL,historical
3843,112,22,6,2,2,1:18.020,NULL,NULL,historical
3844,112,4,4,8,3,1:18.233,NULL,NULL,historical
3845,112,15,4,7,4,1:18.615,NULL,NULL,historical
3846,112,18,16,17,5,1:18.704,NULL,NULL,historical
3847,112,44,7,20,6,1:18.811,NULL,NULL,historical
3848,112,23,3,4,7,1:19.006,NULL,NULL,historical
3849,112,14,1,5,8,1:19.128,NULL,NULL,historical
3850,112,31,3,3,9,1:19.377,NULL,NULL,historical
3851,112,49,15,10,10,1:19.427,NULL,NULL,historical
3852,112,35,16,16,11,1:19.563,NULL,NULL,historical
3853,112,17,19,14,12,1:19.615,NULL,NULL,historical
3854,112,43,7,21,13,1:19.623,NULL,NULL,historical
3855,112,2,15,9,14,1:19.646,NULL,NULL,historical
3856,112,52,17,12,15,1:20.215,NULL,NULL,historical
3857,112,42,19,15,16,1:20.308,NULL,NULL,historical
3858,112,21,17,11,17,1:20.976,NULL,NULL,historical
3859,112,51,18,18,18,1:22.104,NULL,NULL,historical
3860,112,50,18,19,19,1:22.237,NULL,NULL,historical
3861,112,8,1,6,20,NULL,NULL,NULL,historical
3862,113,30,6,1,1,1:09.150,NULL,NULL,historical
3863,113,8,1,6,2,1:09.189,NULL,NULL,historical
3864,113,31,3,3,3,1:09.391,NULL,NULL,historical
3865,113,2,15,9,4,1:09.725,NULL,NULL,historical
3866,113,22,6,2,5,1:09.784,NULL,NULL,historical
3867,113,15,4,7,6,1:09.890,NULL,NULL,historical
3868,113,18,16,17,7,1:09.935,NULL,NULL,historical
3869,113,42,19,15,8,1:10.045,NULL,NULL,historical
3870,113,21,17,11,9,1:10.105,NULL,NULL,historical
3871,113,23,3,4,10,1:10.279,NULL,NULL,historical
3872,113,44,7,20,11,1:10.402,NULL,NULL,historical
3873,113,35,16,16,12,1:10.618,NULL,NULL,historical
3874,113,43,7,21,13,1:10.834,NULL,NULL,historical
3875,113,14,1,5,14,1:10.893,NULL,NULL,historical
3876,113,49,15,10,15,1:11.307,NULL,NULL,historical
3877,113,52,17,12,16,1:11.505,NULL,NULL,historical
3878,113,17,19,14,17,1:11.662,NULL,NULL,historical
3879,113,51,18,18,18,1:14.508,NULL,NULL,historical
3880,113,4,4,8,19,1:20.113,NULL,NULL,historical
3881,113,50,18,19,20,NULL,NULL,NULL,historical
3882,114,23,3,4,1,1:15.259,NULL,NULL,historical
3883,114,8,1,6,2,1:15.295,NULL,NULL,historical
3884,114,31,3,3,3,1:15.415,NULL,NULL,historical
3885,114,15,4,7,4,1:15.500,NULL,NULL,historical
3886,114,30,6,1,5,1:15.644,NULL,NULL,historical
3887,114,14,1,5,6,1:15.700,NULL,NULL,historical
3888,114,22,6,2,7,1:15.820,NULL,NULL,historical
3889,114,4,4,8,8,1:15.884,NULL,NULL,historical
3890,114,17,19,14,9,1:16.237,NULL,NULL,historical
3891,114,43,7,21,10,1:16.744,NULL,NULL,historical
3892,114,35,16,16,11,1:16.755,NULL,NULL,historical
3893,114,21,17,11,12,1:16.967,NULL,NULL,historical
3894,114,42,19,15,13,1:17.103,NULL,NULL,historical
3895,114,2,15,9,14,1:17.176,NULL,NULL,historical
3896,114,49,15,10,15,1:17.402,NULL,NULL,historical
3897,114,52,17,12,16,1:17.452,NULL,NULL,historical
3898,114,44,7,20,17,1:17.464,NULL,NULL,historical
3899,114,50,18,19,18,1:18.706,NULL,NULL,historical
3900,114,51,18,18,19,1:20.063,NULL,NULL,historical
3901,115,23,3,4,1,1:15.529,NULL,NULL,historical
3902,115,31,3,3,2,1:15.923,NULL,NULL,historical
3903,115,30,6,1,3,1:16.047,NULL,NULL,historical
3904,115,4,4,8,4,1:16.048,NULL,NULL,historical
3905,115,22,6,2,5,1:16.143,NULL,NULL,historical
3906,115,17,19,14,6,1:16.182,NULL,NULL,historical
3907,115,44,7,20,7,1:16.598,NULL,NULL,historical
3908,115,15,4,7,8,1:16.718,NULL,NULL,historical
3909,115,43,7,21,9,1:16.826,NULL,NULL,historical
3910,115,49,15,10,10,1:16.939,NULL,NULL,historical
3911,115,14,1,5,11,1:17.024,NULL,NULL,historical
3912,115,2,15,9,12,1:17.086,NULL,NULL,historical
3913,115,42,19,15,13,1:17.337,NULL,NULL,historical
3914,115,35,16,16,14,1:17.347,NULL,NULL,historical
3915,115,50,18,19,15,1:18.014,NULL,NULL,historical
3916,115,21,17,11,16,1:18.036,NULL,NULL,historical
3917,115,18,16,17,17,1:18.205,NULL,NULL,historical
3918,115,51,18,18,18,1:18.560,NULL,NULL,historical
3919,115,52,17,12,19,1:18.692,NULL,NULL,historical
3920,115,8,1,6,20,NULL,NULL,NULL,historical
3921,116,8,1,6,1,1:31.523,NULL,NULL,historical
3922,116,30,6,1,2,1:31.555,NULL,NULL,historical
3923,116,23,3,4,3,1:31.619,NULL,NULL,historical
3924,116,31,3,3,4,1:31.765,NULL,NULL,historical
3925,116,22,6,2,5,1:31.780,NULL,NULL,historical
3926,116,15,4,7,6,1:31.976,NULL,NULL,historical
3927,116,44,7,20,7,1:32.350,NULL,NULL,historical
3928,116,4,4,8,8,1:32.424,NULL,NULL,historical
3929,116,14,1,5,9,1:32.742,NULL,NULL,historical
3930,116,43,7,21,10,1:32.949,NULL,NULL,historical
3931,116,17,19,14,11,1:33.066,NULL,NULL,historical
3932,116,18,16,17,12,1:33.395,NULL,NULL,historical
3933,116,21,17,11,13,1:33.553,NULL,NULL,historical
3934,116,52,17,12,14,1:33.827,NULL,NULL,historical
3935,116,49,15,10,15,1:34.000,NULL,NULL,historical
3936,116,42,19,15,16,1:34.159,NULL,NULL,historical
3937,116,35,16,16,17,1:34.596,NULL,NULL,historical
3938,116,50,18,19,18,1:36.318,NULL,NULL,historical
3939,116,51,18,18,19,1:36.485,NULL,NULL,historical
3940,116,2,15,9,20,NULL,NULL,NULL,historical
3941,117,23,3,4,1,1:15.019,NULL,NULL,historical
3942,117,31,3,3,2,1:15.136,NULL,NULL,historical
3943,117,30,6,1,3,1:15.480,NULL,NULL,historical
3944,117,8,1,6,4,1:15.533,NULL,NULL,historical
3945,117,14,1,5,5,1:15.628,NULL,NULL,historical
3946,117,15,4,7,6,1:15.967,NULL,NULL,historical
3947,117,4,4,8,7,1:16.087,NULL,NULL,historical
3948,117,22,6,2,8,1:16.166,NULL,NULL,historical
3949,117,17,19,14,9,1:16.308,NULL,NULL,historical
3950,117,44,7,20,10,1:16.345,NULL,NULL,historical
3951,117,42,19,15,11,1:16.965,NULL,NULL,historical
3952,117,35,16,16,12,1:16.990,NULL,NULL,historical
3953,117,43,7,21,13,1:17.068,NULL,NULL,historical
3954,117,18,16,17,14,1:17.077,NULL,NULL,historical
3955,117,2,15,9,15,1:17.445,NULL,NULL,historical
3956,117,49,15,10,16,1:17.562,NULL,NULL,historical
3957,117,21,17,11,17,1:18.431,NULL,NULL,historical
3958,117,52,17,12,18,1:18.514,NULL,NULL,historical
3959,117,50,18,19,19,1:18.709,NULL,NULL,historical
3960,117,51,18,18,20,1:19.619,NULL,NULL,historical
3961,118,22,6,2,1,1:21.209,NULL,NULL,historical
3962,118,15,4,7,2,1:21.381,NULL,NULL,historical
3963,118,8,1,6,3,1:21.695,NULL,NULL,historical
3964,118,23,3,4,4,1:21.727,NULL,NULL,historical
3965,118,30,6,1,5,1:21.867,NULL,NULL,historical
3966,118,43,7,21,6,1:22.081,NULL,NULL,historical
3967,118,31,3,3,7,1:22.214,NULL,NULL,historical
3968,118,4,4,8,8,1:22.404,NULL,NULL,historical
3969,118,35,16,16,9,1:22.591,NULL,NULL,historical
3970,118,42,19,15,10,1:22.634,NULL,NULL,historical
3971,118,17,19,14,11,1:22.647,NULL,NULL,historical
3972,118,14,1,5,12,1:22.811,NULL,NULL,historical
3973,118,44,7,20,13,1:23.042,NULL,NULL,historical
3974,118,49,15,10,14,1:23.187,NULL,NULL,historical
3975,118,21,17,11,15,1:23.574,NULL,NULL,historical
3976,118,2,15,9,16,1:23.844,NULL,NULL,historical
3977,118,52,17,12,17,1:24.385,NULL,NULL,historical
3978,118,51,18,18,18,1:25.468,NULL,NULL,historical
3979,118,50,18,19,19,1:25.759,NULL,NULL,historical
3980,118,18,16,17,20,NULL,NULL,NULL,historical
3981,119,31,3,3,1,1:15.167,NULL,NULL,historical
3982,119,23,3,4,2,1:15.185,NULL,NULL,historical
3983,119,22,6,2,3,1:15.488,NULL,NULL,historical
3984,119,15,4,7,4,1:15.679,NULL,NULL,historical
3985,119,8,1,6,5,1:15.874,NULL,NULL,historical
3986,119,30,6,1,6,1:15.898,NULL,NULL,historical
3987,119,44,7,20,7,1:16.034,NULL,NULL,historical
3988,119,4,4,8,8,1:16.483,NULL,NULL,historical
3989,119,43,7,21,9,1:16.550,NULL,NULL,historical
3990,119,14,1,5,10,1:16.666,NULL,NULL,historical
3991,119,17,19,14,11,1:16.775,NULL,NULL,historical
3992,119,21,17,11,12,1:16.831,NULL,NULL,historical
3993,119,35,16,16,13,1:17.090,NULL,NULL,historical
3994,119,49,15,10,14,1:17.169,NULL,NULL,historical
3995,119,2,15,9,15,1:17.557,NULL,NULL,historical
3996,119,51,19,15,16,1:18.021,NULL,NULL,historical
3997,119,18,16,17,17,1:18.085,NULL,NULL,historical
3998,119,52,17,12,18,1:18.341,NULL,NULL,historical
3999,119,50,18,19,19,1:19.023,NULL,NULL,historical
4000,119,53,18,18,20,1:19.174,NULL,NULL,historical
4001,120,4,4,8,1,1:21.688,NULL,NULL,historical
4002,120,23,3,4,2,1:21.944,NULL,NULL,historical
4003,120,17,19,14,3,1:22.027,NULL,NULL,historical
4004,120,31,3,3,4,1:22.180,NULL,NULL,historical
4005,120,22,6,2,5,1:22.180,NULL,NULL,historical
4006,120,15,4,7,6,1:22.610,NULL,NULL,historical
4007,120,8,1,6,7,1:22.742,NULL,NULL,historical
4008,120,30,6,1,8,1:22.755,NULL,NULL,historical
4009,120,14,1,5,9,1:23.060,NULL,NULL,historical
4010,120,44,7,20,10,1:23.369,NULL,NULL,historical
4011,120,2,15,9,11,1:23.621,NULL,NULL,historical
4012,120,51,19,15,12,1:23.660,NULL,NULL,historical
4013,120,21,17,11,13,1:23.726,NULL,NULL,historical
4014,120,18,16,17,14,1:23.847,NULL,NULL,historical
4015,120,43,7,21,15,1:23.982,NULL,NULL,historical
4016,120,35,16,16,16,1:24.100,NULL,NULL,historical
4017,120,49,15,10,17,1:24.569,NULL,NULL,historical
4018,120,50,18,19,18,1:26.423,NULL,NULL,historical
4019,120,47,17,12,19,1:26.678,NULL,NULL,historical
4020,120,53,18,18,20,1:28.907,NULL,NULL,historical
4021,121,30,6,1,1,1:20.963,NULL,NULL,historical
4022,121,31,3,3,2,1:21.014,NULL,NULL,historical
4023,121,22,6,2,3,1:21.242,NULL,NULL,historical
4024,121,8,1,6,4,1:21.466,NULL,NULL,historical
4025,121,48,3,4,5,1:21.834,NULL,NULL,historical
4026,121,15,4,7,6,1:21.944,NULL,NULL,historical
4027,121,18,16,17,7,1:22.301,NULL,NULL,historical
4028,121,14,1,5,8,1:22.471,NULL,NULL,historical
4029,121,44,7,20,9,1:22.488,NULL,NULL,historical
4030,121,35,16,16,10,1:22.717,NULL,NULL,historical
4031,121,17,19,14,11,1:22.754,NULL,NULL,historical
4032,121,43,7,21,12,1:22.914,NULL,NULL,historical
4033,121,21,17,11,13,1:22.992,NULL,NULL,historical
4034,121,49,15,10,14,1:23.216,NULL,NULL,historical
4035,121,51,19,15,15,1:23.484,NULL,NULL,historical
4036,121,2,15,9,16,1:23.803,NULL,NULL,historical
4037,121,50,18,19,17,1:25.078,NULL,NULL,historical
4038,121,47,17,12,18,1:25.881,NULL,NULL,historical
4039,121,53,18,18,19,1:26.778,NULL,NULL,historical
4040,121,4,4,8,20,1:40.405,NULL,NULL,historical
4041,122,8,1,6,1,1:11.670,NULL,NULL,historical
4042,122,22,6,2,2,1:11.794,NULL,NULL,historical
4043,122,44,7,20,3,1:11.920,NULL,NULL,historical
4044,122,31,3,3,4,1:11.948,NULL,NULL,historical
4045,122,23,3,4,5,1:12.078,NULL,NULL,historical
4046,122,4,4,8,6,1:12.087,NULL,NULL,historical
4047,122,30,6,1,7,1:12.194,NULL,NULL,historical
4048,122,14,1,5,8,1:12.297,NULL,NULL,historical
4049,122,43,7,21,9,1:12.326,NULL,NULL,historical
4050,122,15,4,7,10,1:12.566,NULL,NULL,historical
4051,122,18,16,17,11,1:12.695,NULL,NULL,historical
4052,122,35,16,16,12,1:13.050,NULL,NULL,historical
4053,122,2,15,9,13,1:13.083,NULL,NULL,historical
4054,122,17,19,14,14,1:13.269,NULL,NULL,historical
4055,122,49,15,10,15,1:13.447,NULL,NULL,historical
4056,122,51,19,15,16,1:13.585,NULL,NULL,historical
4057,122,21,17,11,17,1:13.798,NULL,NULL,historical
4058,122,52,17,12,18,1:14.027,NULL,NULL,historical
4059,122,50,18,19,19,1:15.360,NULL,NULL,historical
4060,122,53,18,18,20,1:15.644,NULL,NULL,historical
4061,123,22,6,2,1,1:31.713,NULL,NULL,historical
4062,123,31,3,3,2,1:32.412,NULL,NULL,historical
4063,123,43,7,21,3,1:32.419,NULL,NULL,historical
4064,123,44,7,20,4,1:32.862,NULL,NULL,historical
4065,123,4,4,8,5,1:33.044,NULL,NULL,historical
4066,123,17,19,14,6,1:33.106,NULL,NULL,historical
4067,123,14,1,5,7,1:33.137,NULL,NULL,historical
4068,123,8,1,6,8,1:33.272,NULL,NULL,historical
4069,123,18,16,17,9,1:33.474,NULL,NULL,historical
4070,123,51,19,15,10,1:33.558,NULL,NULL,historical
4071,123,2,15,9,11,1:33.632,NULL,NULL,historical
4072,123,49,15,10,12,1:33.896,NULL,NULL,historical
4073,123,11,16,16,13,1:33.924,NULL,NULL,historical
4074,123,30,6,1,14,1:34.302,NULL,NULL,historical
4075,123,52,17,12,15,1:34.771,NULL,NULL,historical
4076,123,21,17,11,16,1:34.912,NULL,NULL,historical
4077,123,50,18,19,17,1:34.975,NULL,NULL,historical
4078,123,53,18,18,18,1:37.226,NULL,NULL,historical
4079,123,23,3,4,19,NULL,NULL,NULL,historical
4080,123,15,4,7,20,NULL,NULL,NULL,historical
4081,90,30,6,1,1,1:24.408,NULL,NULL,historical
4082,90,22,6,2,2,1:24.482,NULL,NULL,historical
4083,90,31,3,3,3,1:24.998,NULL,NULL,historical
4084,90,18,16,9,4,1:24.998,NULL,NULL,historical
4085,90,4,4,8,5,1:25.699,NULL,NULL,historical
4086,90,17,19,14,6,1:25.805,NULL,NULL,historical
4087,90,11,16,10,7,1:25.851,NULL,NULL,historical
4088,90,23,3,4,8,1:25.925,NULL,NULL,historical
4089,90,15,4,7,9,1:26.290,NULL,NULL,historical
4090,90,8,1,6,10,1:26.297,NULL,NULL,historical
4091,90,13,15,12,11,1:27.065,NULL,NULL,historical
4092,90,14,1,5,12,1:27.294,NULL,NULL,historical
4093,90,43,7,16,13,1:27.823,NULL,NULL,historical
4094,90,21,15,11,14,1:27.845,NULL,NULL,historical
4095,90,2,17,18,15,1:28.178,NULL,NULL,historical
4096,90,45,17,19,16,1:30.140,NULL,NULL,historical
4097,90,47,18,21,17,1:30.681,NULL,NULL,historical
4098,90,44,7,17,18,NULL,NULL,NULL,historical
4099,90,32,19,15,19,NULL,NULL,NULL,historical
4100,90,46,18,20,20,NULL,NULL,NULL,historical
4101,91,30,6,1,1,1:33.074,NULL,NULL,historical
4102,91,17,19,14,2,1:33.715,NULL,NULL,historical
4103,91,22,6,2,3,1:33.756,NULL,NULL,historical
4104,91,31,3,3,4,1:34.054,NULL,NULL,historical
4105,91,8,1,6,5,1:34.164,NULL,NULL,historical
4106,91,18,16,9,6,1:34.221,NULL,NULL,historical
4107,91,23,3,4,7,1:34.235,NULL,NULL,historical
4108,91,15,4,7,8,1:34.413,NULL,NULL,historical
4109,91,14,1,5,9,1:34.602,NULL,NULL,historical
4110,91,43,7,16,10,1:34.917,NULL,NULL,historical
4111,91,13,15,12,11,1:35.039,NULL,NULL,historical
4112,91,21,15,11,12,1:35.061,NULL,NULL,historical
4113,91,32,19,15,13,1:35.158,NULL,NULL,historical
4114,91,44,7,17,14,1:35.617,NULL,NULL,historical
4115,91,2,17,18,15,1:36.569,NULL,NULL,historical
4116,91,46,18,20,16,1:38.577,NULL,NULL,historical
4117,91,47,18,21,17,1:39.272,NULL,NULL,historical
4118,91,45,17,19,18,1:39.902,NULL,NULL,historical
4119,91,4,4,8,19,NULL,NULL,NULL,historical
4120,91,11,16,10,20,NULL,NULL,NULL,historical
4121,92,30,6,1,1,1:30.139,NULL,NULL,historical
4122,92,22,6,2,2,1:30.530,NULL,NULL,historical
4123,92,31,3,3,3,1:30.581,NULL,NULL,historical
4124,92,23,3,4,4,1:30.633,NULL,NULL,historical
4125,92,11,16,10,5,1:30.827,NULL,NULL,historical
4126,92,18,16,9,6,1:30.856,NULL,NULL,historical
4127,92,15,4,7,7,1:30.971,NULL,NULL,historical
4128,92,44,7,17,8,1:31.686,NULL,NULL,historical
4129,92,43,7,16,9,1:31.717,NULL,NULL,historical
4130,92,14,1,5,10,1:31.719,NULL,NULL,historical
4131,92,21,15,11,11,1:31.731,NULL,NULL,historical
4132,92,32,19,15,12,1:32.332,NULL,NULL,historical
4133,92,13,15,12,13,1:32.536,NULL,NULL,historical
4134,92,17,19,14,14,1:32.625,NULL,NULL,historical
4135,92,2,17,18,15,1:33.506,NULL,NULL,historical
4136,92,45,17,19,16,1:34.105,NULL,NULL,historical
4137,92,4,4,8,17,1:34.130,NULL,NULL,historical
4138,92,46,18,20,18,1:34.584,NULL,NULL,historical
4139,92,47,18,21,19,1:35.787,NULL,NULL,historical
4140,92,8,1,6,20,NULL,NULL,NULL,historical
4141,93,18,16,9,1,1:19.753,NULL,NULL,historical
4142,93,30,6,1,2,1:20.011,NULL,NULL,historical
4143,93,31,3,3,3,1:20.212,NULL,NULL,historical
4144,93,22,6,2,4,1:20.451,NULL,NULL,historical
4145,93,23,3,4,5,1:20.538,NULL,NULL,historical
4146,93,4,4,8,6,1:20.895,NULL,NULL,historical
4147,93,11,16,10,7,1:20.913,NULL,NULL,historical
4148,93,17,19,14,8,1:20.921,NULL,NULL,historical
4149,93,15,4,7,9,1:21.034,NULL,NULL,historical
4150,93,43,7,16,10,1:21.087,NULL,NULL,historical
4151,93,14,1,5,11,1:21.091,NULL,NULL,historical
4152,93,13,15,12,12,1:21.532,NULL,NULL,historical
4153,93,44,7,17,13,1:21.558,NULL,NULL,historical
4154,93,32,19,15,14,1:21.949,NULL,NULL,historical
4155,93,45,17,19,15,1:23.352,NULL,NULL,historical
4156,93,2,17,18,16,1:23.488,NULL,NULL,historical
4157,93,46,18,20,17,1:26.899,NULL,NULL,historical
4158,93,47,18,21,18,1:46.299,NULL,NULL,historical
4159,93,21,15,11,19,NULL,NULL,NULL,historical
4160,93,8,1,6,20,NULL,NULL,NULL,historical
4161,94,30,6,1,1,1:15.022,NULL,NULL,historical
4162,94,31,3,3,2,1:15.639,NULL,NULL,historical
4163,94,11,16,10,3,1:15.809,NULL,NULL,historical
4164,94,15,4,7,4,1:16.144,NULL,NULL,historical
4165,94,22,6,2,5,1:16.272,NULL,NULL,historical
4166,94,23,3,4,6,1:16.293,NULL,NULL,historical
4167,94,44,7,17,7,1:16.313,NULL,NULL,historical
4168,94,4,4,8,8,1:16.422,NULL,NULL,historical
4169,94,17,19,14,9,1:16.514,NULL,NULL,historical
4170,94,14,1,5,10,1:16.636,NULL,NULL,historical
4171,94,43,7,16,11,1:17.038,NULL,NULL,historical
4172,94,21,15,11,12,1:17.444,NULL,NULL,historical
4173,94,8,1,6,13,1:17.445,NULL,NULL,historical
4174,94,18,16,9,14,1:17.575,NULL,NULL,historical
4175,94,2,17,18,15,1:17.802,NULL,NULL,historical
4176,94,32,19,15,16,1:17.812,NULL,NULL,historical
4177,94,13,15,12,17,1:17.866,NULL,NULL,historical
4178,94,46,18,20,18,1:19.817,NULL,NULL,historical
4179,94,45,17,19,19,1:20.607,NULL,NULL,historical
4180,94,47,18,21,20,1:21.470,NULL,NULL,historical
4181,95,15,4,7,1,1:13.985,NULL,NULL,historical
4182,95,23,3,4,2,1:14.345,NULL,NULL,historical
4183,95,18,16,9,3,1:14.396,NULL,NULL,historical
4184,95,4,4,8,4,1:14.408,NULL,NULL,historical
4185,95,30,6,1,5,1:14.516,NULL,NULL,historical
4186,95,8,1,6,6,1:14.592,NULL,NULL,historical
4187,95,22,6,2,7,1:14.716,NULL,NULL,historical
4188,95,11,16,10,8,1:14.827,NULL,NULL,historical
4189,95,14,1,5,9,1:14.951,NULL,NULL,historical
4190,95,31,3,3,10,1:15.039,NULL,NULL,historical
4191,95,21,15,11,11,1:15.352,NULL,NULL,historical
4192,95,17,19,14,12,1:15.725,NULL,NULL,historical
4193,95,44,7,17,13,1:15.859,NULL,NULL,historical
4194,95,32,19,15,14,1:15.919,NULL,NULL,historical
4195,95,43,7,16,15,1:16.169,NULL,NULL,historical
4196,95,13,15,12,16,1:16.248,NULL,NULL,historical
4197,95,2,17,18,17,1:16.488,NULL,NULL,historical
4198,95,45,17,19,18,1:17.443,NULL,NULL,historical
4199,95,47,18,21,19,1:20.060,NULL,NULL,historical
4200,95,46,18,20,20,1:20.115,NULL,NULL,historical
4201,96,30,6,1,1,1:28.351,NULL,NULL,historical
4202,96,11,16,10,2,1:28.986,NULL,NULL,historical
4203,96,15,4,7,3,1:29.135,NULL,NULL,historical
4204,96,8,1,6,4,1:29.137,NULL,NULL,historical
4205,96,18,16,9,5,1:29.245,NULL,NULL,historical
4206,96,4,4,8,6,1:29.313,NULL,NULL,historical
4207,96,22,6,2,7,1:29.353,NULL,NULL,historical
4208,96,31,3,3,8,1:29.354,NULL,NULL,historical
4209,96,23,3,4,9,1:29.459,NULL,NULL,historical
4210,96,44,7,17,10,1:29.697,NULL,NULL,historical
4211,96,43,7,16,11,1:29.706,NULL,NULL,historical
4212,96,32,19,15,12,1:31.431,NULL,NULL,historical
4213,96,2,17,18,13,1:31.604,NULL,NULL,historical
4214,96,17,19,14,14,1:31.797,NULL,NULL,historical
4215,96,45,17,19,15,1:31.979,NULL,NULL,historical
4216,96,13,15,12,16,1:31.982,NULL,NULL,historical
4217,96,47,18,21,17,1:34.398,NULL,NULL,historical
4218,96,14,1,5,18,NULL,NULL,NULL,historical
4219,96,21,15,11,19,NULL,NULL,NULL,historical
4220,96,46,18,20,20,NULL,NULL,NULL,historical
4221,97,23,3,4,1,1:12.275,NULL,NULL,historical
4222,97,18,16,9,2,1:12.341,NULL,NULL,historical
4223,97,15,4,7,3,1:13.023,NULL,NULL,historical
4224,97,31,3,3,4,1:13.072,NULL,NULL,historical
4225,97,4,4,8,5,1:13.308,NULL,NULL,historical
4226,97,30,6,1,6,1:13.355,NULL,NULL,historical
4227,97,22,6,2,7,1:13.562,NULL,NULL,historical
4228,97,8,1,6,8,1:13.595,NULL,NULL,historical
4229,97,14,1,5,9,1:13.681,NULL,NULL,historical
4230,97,32,19,15,10,1:14.532,NULL,NULL,historical
4231,97,21,15,11,11,1:14.674,NULL,NULL,historical
4232,97,43,7,16,12,1:14.851,NULL,NULL,historical
4233,97,44,7,17,13,1:14.891,NULL,NULL,historical
4234,97,17,19,14,14,1:15.148,NULL,NULL,historical
4235,97,2,17,18,15,1:15.321,NULL,NULL,historical
4236,97,10,17,19,16,1:16.323,NULL,NULL,historical
4237,97,11,16,10,17,1:17.004,NULL,NULL,historical
4238,97,47,18,21,18,1:17.064,NULL,NULL,historical
4239,97,13,15,12,19,NULL,NULL,NULL,historical
4240,97,46,18,20,20,NULL,NULL,NULL,historical
4241,98,22,6,2,1,1:10.223,NULL,NULL,historical
4242,98,30,6,1,2,1:10.400,NULL,NULL,historical
4243,98,11,16,10,3,1:10.601,NULL,NULL,historical
4244,98,18,16,9,4,1:10.820,NULL,NULL,historical
4245,98,31,3,3,5,1:11.062,NULL,NULL,historical
4246,98,23,3,4,6,1:11.106,NULL,NULL,historical
4247,98,8,1,6,7,1:11.137,NULL,NULL,historical
4248,98,44,7,17,8,1:11.167,NULL,NULL,historical
4249,98,4,4,8,9,1:11.185,NULL,NULL,historical
4250,98,17,19,14,10,1:11.286,NULL,NULL,historical
4251,98,43,7,16,11,1:11.691,NULL,NULL,historical
4252,98,14,1,5,12,1:12.026,NULL,NULL,historical
4253,98,32,19,15,13,1:12.170,NULL,NULL,historical
4254,98,21,15,11,14,1:12.470,NULL,NULL,historical
4255,98,13,15,12,15,1:12.721,NULL,NULL,historical
4256,98,2,17,18,16,1:13.147,NULL,NULL,historical
4257,98,45,17,19,17,1:13.375,NULL,NULL,historical
4258,98,46,18,20,18,1:14.010,NULL,NULL,historical
4259,98,47,18,21,19,1:14.812,NULL,NULL,historical
4260,98,15,4,7,20,NULL,NULL,NULL,historical
4261,99,4,4,8,1,1:13.698,NULL,NULL,historical
4262,99,30,6,1,2,1:13.971,NULL,NULL,historical
4263,99,14,1,5,3,1:13.987,NULL,NULL,historical
4264,99,18,16,9,4,1:13.995,NULL,NULL,historical
4265,99,15,4,7,5,1:14.070,NULL,NULL,historical
4266,99,31,3,3,6,1:14.172,NULL,NULL,historical
4267,99,11,16,10,7,1:14.240,NULL,NULL,historical
4268,99,48,3,4,8,1:14.275,NULL,NULL,historical
4269,99,8,1,6,9,1:14.346,NULL,NULL,historical
4270,99,22,6,2,10,1:14.478,NULL,NULL,historical
4271,99,43,7,16,11,1:14.553,NULL,NULL,historical
4272,99,17,19,14,12,1:14.798,NULL,NULL,historical
4273,99,32,19,15,13,1:15.065,NULL,NULL,historical
4274,99,44,7,17,14,1:15.130,NULL,NULL,historical
4275,99,21,15,11,15,1:16.177,NULL,NULL,historical
4276,99,13,15,12,16,1:16.200,NULL,NULL,historical
4277,99,2,17,18,17,1:16.807,NULL,NULL,historical
4278,99,45,17,19,18,1:17.462,NULL,NULL,historical
4279,99,46,18,20,19,1:17.913,NULL,NULL,historical
4280,99,47,18,21,20,1:18.247,NULL,NULL,historical
4281,100,8,1,6,1,1:18.233,NULL,NULL,historical
4282,100,22,6,2,2,1:18.305,NULL,NULL,historical
4283,100,18,16,9,3,1:18.580,NULL,NULL,historical
4284,100,30,6,1,4,1:18.710,NULL,NULL,historical
4285,100,15,4,7,5,1:18.715,NULL,NULL,historical
4286,100,4,4,8,6,1:18.811,NULL,NULL,historical
4287,100,14,1,5,7,1:19.148,NULL,NULL,historical
4288,100,31,3,3,8,1:19.378,NULL,NULL,historical
4289,100,11,16,10,9,1:19.688,NULL,NULL,historical
4290,100,17,19,14,10,1:20.004,NULL,NULL,historical
4291,100,13,15,12,11,1:20.202,NULL,NULL,historical
4292,100,44,7,17,12,1:20.335,NULL,NULL,historical
4293,100,48,3,4,13,1:20.335,NULL,NULL,historical
4294,100,43,7,16,14,1:20.545,NULL,NULL,historical
4295,100,32,19,15,15,1:21.559,NULL,NULL,historical
4296,100,45,17,19,16,1:22.458,NULL,NULL,historical
4297,100,2,17,18,17,1:22.677,NULL,NULL,historical
4298,100,46,18,20,18,1:23.437,NULL,NULL,historical
4299,100,47,18,21,19,1:24.117,NULL,NULL,historical
4300,100,21,15,11,20,NULL,NULL,NULL,historical
4301,101,30,6,1,1,1:13.306,NULL,NULL,historical
4302,101,31,3,3,2,1:13.668,NULL,NULL,historical
4303,101,18,16,9,3,1:13.674,NULL,NULL,historical
4304,101,8,1,6,4,1:13.690,NULL,NULL,historical
4305,101,14,1,5,5,1:13.821,NULL,NULL,historical
4306,101,4,4,8,6,1:13.874,NULL,NULL,historical
4307,101,15,4,7,7,1:14.134,NULL,NULL,historical
4308,101,22,6,2,8,1:14.278,NULL,NULL,historical
4309,101,11,16,10,9,1:14.287,NULL,NULL,historical
4310,101,44,7,17,10,1:14.368,NULL,NULL,historical
4311,101,42,3,4,11,1:14.556,NULL,NULL,historical
4312,101,17,19,14,12,1:14.802,NULL,NULL,historical
4313,101,32,19,15,13,1:15.011,NULL,NULL,historical
4314,101,21,15,11,14,1:15.395,NULL,NULL,historical
4315,101,43,7,16,15,1:15.454,NULL,NULL,historical
4316,101,13,15,12,16,1:15.616,NULL,NULL,historical
4317,101,45,17,19,17,1:16.192,NULL,NULL,historical
4318,101,2,17,18,18,1:16.310,NULL,NULL,historical
4319,101,46,18,20,19,1:18.055,NULL,NULL,historical
4320,101,47,18,21,20,1:18.400,NULL,NULL,historical
4321,102,30,6,1,1,1:19.146,NULL,NULL,historical
4322,102,22,6,2,2,1:19.323,NULL,NULL,historical
4323,102,11,16,10,3,1:19.693,NULL,NULL,historical
4324,102,18,16,9,4,1:19.700,NULL,NULL,historical
4325,102,4,4,8,5,1:19.996,NULL,NULL,historical
4326,102,42,3,4,6,1:20.170,NULL,NULL,historical
4327,102,31,3,3,7,1:20.199,NULL,NULL,historical
4328,102,21,15,11,8,1:20.324,NULL,NULL,historical
4329,102,15,4,7,9,1:20.411,NULL,NULL,historical
4330,102,8,1,6,10,1:20.570,NULL,NULL,historical
4331,102,17,19,14,11,1:20.730,NULL,NULL,historical
4332,102,14,1,5,12,1:20.897,NULL,NULL,historical
4333,102,44,7,17,13,1:21.068,NULL,NULL,historical
4334,102,32,19,15,14,1:21.118,NULL,NULL,historical
4335,102,41,7,16,15,1:21.135,NULL,NULL,historical
4336,102,2,17,18,16,1:22.180,NULL,NULL,historical
4337,102,45,17,19,17,1:22.356,NULL,NULL,historical
4338,102,47,18,21,18,1:24.329,NULL,NULL,historical
4339,102,46,18,20,19,1:24.679,NULL,NULL,historical
4340,102,13,15,12,20,NULL,NULL,NULL,historical
4341,103,15,4,7,1,1:56.232,NULL,NULL,historical
4342,103,30,6,1,2,1:56.304,NULL,NULL,historical
4343,103,4,4,8,3,1:56.686,NULL,NULL,historical
4344,103,14,1,5,4,1:57.990,NULL,NULL,historical
4345,103,21,15,11,5,1:58.040,NULL,NULL,historical
4346,103,22,6,2,6,1:58.175,NULL,NULL,historical
4347,103,17,19,14,7,1:58.729,NULL,NULL,historical
4348,103,13,15,12,8,1:59.008,NULL,NULL,historical
4349,103,44,7,17,9,1:59.552,NULL,NULL,historical
4350,103,8,1,6,10,1:59.635,NULL,NULL,historical
4351,103,31,3,3,11,1:59.681,NULL,NULL,historical
4352,103,18,16,9,12,2:00.237,NULL,NULL,historical
4353,103,32,19,15,13,2:01.246,NULL,NULL,historical
4354,103,42,3,4,14,2:01.447,NULL,NULL,historical
4355,103,11,16,10,15,2:01.813,NULL,NULL,historical
4356,103,2,17,18,16,2:02.645,NULL,NULL,historical
4357,103,46,18,20,17,2:02.651,NULL,NULL,historical
4358,103,47,18,21,18,2:03.303,NULL,NULL,historical
4359,103,45,17,19,19,2:03.833,NULL,NULL,historical
4360,103,41,7,16,20,2:03.895,NULL,NULL,historical
4361,105,22,6,2,1,1:34.012,NULL,NULL,historical
4362,105,8,1,6,2,1:34.178,NULL,NULL,historical
4363,105,18,16,9,3,1:34.295,NULL,NULL,historical
4364,105,13,15,12,4,1:34.759,NULL,NULL,historical
4365,105,23,3,4,5,1:34.891,NULL,NULL,historical
4366,105,4,4,8,6,1:34.917,NULL,NULL,historical
4367,105,21,15,11,7,1:34.951,NULL,NULL,historical
4368,105,44,7,17,8,1:34.975,NULL,NULL,historical
4369,105,11,16,10,9,1:34.993,NULL,NULL,historical
4370,105,14,1,5,10,1:35.029,NULL,NULL,historical
4371,105,31,3,3,11,1:35.245,NULL,NULL,historical
4372,105,17,19,14,12,1:35.286,NULL,NULL,historical
4373,105,35,4,7,13,1:35.384,NULL,NULL,historical
4374,105,41,7,16,14,1:35.410,NULL,NULL,historical
4375,105,2,17,18,15,1:36.507,NULL,NULL,historical
4376,105,32,19,15,16,1:36.535,NULL,NULL,historical
4377,105,10,17,19,17,1:37.140,NULL,NULL,historical
4378,105,47,18,21,18,1:40.240,NULL,NULL,historical
4379,105,46,18,20,19,NULL,NULL,NULL,historical
4380,105,30,6,1,20,NULL,NULL,NULL,historical
4381,106,30,6,1,1,1:33.542,NULL,NULL,historical
4382,106,23,3,4,2,1:34.032,NULL,NULL,historical
4383,106,17,19,14,3,1:34.571,NULL,NULL,historical
4384,106,11,16,10,4,1:34.897,NULL,NULL,historical
4385,106,18,16,9,5,1:35.157,NULL,NULL,historical
4386,106,15,7,16,6,1:35.213,NULL,NULL,historical
4387,106,21,15,11,7,1:36.136,NULL,NULL,historical
4388,106,14,1,5,8,1:36.156,NULL,NULL,historical
4389,106,35,4,7,9,1:36.274,NULL,NULL,historical
4390,106,44,7,17,10,1:36.420,NULL,NULL,historical
4391,106,4,4,8,11,1:36.663,NULL,NULL,historical
4392,106,8,1,6,12,1:36.820,NULL,NULL,historical
4393,106,31,3,3,13,1:37.653,NULL,NULL,historical
4394,106,32,19,15,14,1:38.258,NULL,NULL,historical
4395,106,22,6,2,15,1:38.637,NULL,NULL,historical
4396,106,2,17,18,16,1:41.953,NULL,NULL,historical
4397,106,10,17,19,17,1:43.533,NULL,NULL,historical
4398,106,46,18,20,18,1:48.069,NULL,NULL,historical
4399,106,47,18,21,19,NULL,NULL,NULL,historical
4400,106,13,15,12,20,NULL,NULL,NULL,historical
4401,107,22,6,2,1,1:10.646,NULL,NULL,historical
4402,107,31,3,3,2,1:10.850,NULL,NULL,historical
4403,107,8,1,6,3,1:10.892,NULL,NULL,historical
4404,107,13,15,12,4,1:10.922,NULL,NULL,historical
4405,107,18,16,9,5,1:11.092,NULL,NULL,historical
4406,107,11,16,10,6,1:11.120,NULL,NULL,historical
4407,107,23,3,4,7,1:11.131,NULL,NULL,historical
4408,107,30,6,1,8,1:11.386,NULL,NULL,historical
4409,107,4,4,8,9,1:11.454,NULL,NULL,historical
4410,107,15,7,16,10,1:11.483,NULL,NULL,historical
4411,107,21,15,11,11,1:11.571,NULL,NULL,historical
4412,107,17,19,14,12,1:11.665,NULL,NULL,historical
4413,107,14,1,5,13,1:11.750,NULL,NULL,historical
4414,107,35,4,7,14,1:11.836,NULL,NULL,historical
4415,107,41,7,17,15,1:11.974,NULL,NULL,historical
4416,107,32,19,15,16,1:12.211,NULL,NULL,historical
4417,107,2,17,18,17,1:12.829,NULL,NULL,historical
4418,107,10,17,19,18,1:13.502,NULL,NULL,historical
4419,107,47,18,21,19,1:13.550,NULL,NULL,historical
4420,107,46,18,20,20,NULL,NULL,NULL,historical
4421,71,21,4,6,1,1:33.171,1:28.289,NULL,historical
4422,71,15,7,16,2,1:35.270,1:29.159,NULL,historical
4423,71,17,3,7,3,1:36.717,1:28.279,NULL,historical
4424,71,35,15,11,4,1:36.984,1:29.862,NULL,historical
4425,71,14,9,14,5,1:38.320,1:28.892,NULL,historical
4426,71,32,9,15,6,1:37.486,1:29.991,NULL,historical
4427,71,2,3,8,7,1:39.717,1:29.413,NULL,historical
4428,71,18,16,3,8,1:41.512,1:30.616,NULL,historical
4429,71,31,1,10,9,1:45.325,1:29.320,NULL,historical
4430,71,8,1,9,10,1:44.997,1:30.561,NULL,historical
4431,71,22,6,2,11,1:45.481,1:31.341,NULL,historical
4432,71,39,17,19,12,1:44.357,1:32.735,NULL,historical
4433,71,4,4,5,13,1:47.708,1:29.758,NULL,historical
4434,71,33,17,18,14,1:46.846,1:33.483,NULL,historical
4435,71,23,7,17,15,1:51.495,1:31.222,NULL,historical
4436,71,40,18,20,16,1:50.864,1:37.499,NULL,historical
4437,71,27,18,21,17,1:49.230,NULL,NULL,historical
4438,71,30,6,1,18,1:57.931,NULL,NULL,historical
4439,71,11,16,4,19,NULL,NULL,NULL,historical
4440,71,13,15,12,20,NULL,NULL,NULL,historical
4441,72,4,4,5,1,1:32.582,1:35.090,NULL,historical
4442,72,15,7,16,2,1:32.672,1:35.253,NULL,historical
4443,72,21,4,6,3,1:32.765,1:35.683,NULL,historical
4444,72,17,3,7,4,1:33.204,1:35.700,NULL,historical
4445,72,23,7,17,5,1:33.106,1:35.901,NULL,historical
4446,72,8,1,9,6,1:32.839,1:36.644,NULL,historical
4447,72,32,9,15,7,1:33.724,1:35.865,NULL,historical
4448,72,14,9,14,8,1:33.809,1:35.891,NULL,historical
4449,72,18,16,3,9,1:33.616,1:36.216,NULL,historical
4450,72,2,3,8,10,1:33.464,1:36.453,NULL,historical
4451,72,31,1,10,11,1:33.333,1:36.757,NULL,historical
4452,72,22,6,2,12,1:34.162,1:37.340,NULL,historical
4453,72,30,6,1,13,1:34.072,1:37.561,NULL,historical
4454,72,13,15,12,14,1:34.151,1:37.733,NULL,historical
4455,72,19,16,4,15,1:34.866,1:37.024,NULL,historical
4456,72,35,15,11,16,1:34.887,1:38.108,NULL,historical
4457,72,39,17,19,17,1:37.806,1:39.850,NULL,historical
4458,72,33,17,18,18,1:37.856,1:40.106,NULL,historical
4459,72,40,18,20,19,1:39.268,1:41.918,NULL,historical
4460,72,27,18,21,20,1:40.432,1:42.569,NULL,historical
4461,73,4,4,5,1,1:29.848,1:32.054,NULL,historical
4462,73,30,6,1,2,1:30.237,1:32.120,NULL,historical
4463,73,15,7,16,3,1:29.993,1:32.667,NULL,historical
4464,73,2,3,8,4,1:30.390,1:32.827,NULL,historical
4465,73,17,3,7,5,1:30.592,1:32.670,NULL,historical
4466,73,23,7,17,6,1:30.952,1:32.319,NULL,historical
4467,73,32,9,15,7,1:30.646,1:32.723,NULL,historical
4468,73,37,1,10,8,1:30.725,1:32.648,NULL,historical
4469,73,8,1,9,9,1:30.594,1:32.930,NULL,historical
4470,73,21,4,6,10,1:30.445,1:33.320,NULL,historical
4471,73,18,16,3,11,1:30.957,1:33.391,NULL,historical
4472,73,13,15,12,12,1:30.933,1:34.269,NULL,historical
4473,73,11,16,4,13,1:31.113,1:34.450,NULL,historical
4474,73,14,9,14,14,1:31.211,1:34.633,NULL,historical
4475,73,22,6,2,15,1:31.826,1:35.867,NULL,historical
4476,73,35,15,11,16,1:32.318,1:35.665,NULL,historical
4477,73,33,17,18,17,1:33.424,1:36.004,NULL,historical
4478,73,39,17,19,18,1:33.190,1:36.953,NULL,historical
4479,73,27,18,21,19,1:34.005,1:36.417,NULL,historical
4480,73,40,18,20,20,1:34.848,1:36.413,NULL,historical
4481,74,8,1,9,1,1:19.886,1:22.994,NULL,historical
4482,74,4,4,5,2,1:19.889,1:23.552,NULL,historical
4483,74,18,16,3,3,1:20.464,1:23.641,NULL,historical
4484,74,17,3,7,4,1:20.442,1:24.069,NULL,historical
4485,74,15,7,16,5,1:20.492,1:24.026,NULL,historical
4486,74,11,16,4,6,1:20.851,1:23.807,NULL,historical
4487,74,25,1,10,7,1:20.632,1:24.057,NULL,historical
4488,74,13,15,12,8,1:20.593,1:24.337,NULL,historical
4489,74,2,3,8,9,1:20.807,1:24.389,NULL,historical
4490,74,22,6,2,10,1:20.892,1:24.351,NULL,historical
4491,74,23,7,17,11,1:20.994,1:24.422,NULL,historical
4492,74,35,15,11,12,1:20.999,1:25.260,NULL,historical
4493,74,21,4,6,13,1:21.708,1:25.002,NULL,historical
4494,74,30,6,1,14,1:20.260,1:26.984,NULL,historical
4495,74,14,9,14,15,1:21.632,1:26.438,NULL,historical
4496,74,24,9,15,16,1:21.804,1:26.351,NULL,historical
4497,74,39,17,19,17,1:23.123,1:28.976,NULL,historical
4498,74,33,17,18,18,1:25.100,1:29.152,NULL,historical
4499,74,40,18,20,19,1:26.484,1:30.564,NULL,historical
4500,74,27,18,21,20,1:25.921,NULL,NULL,historical
4501,75,8,1,9,1,1:14.819,1:16.602,NULL,historical
4502,75,17,3,7,2,1:15.042,1:16.626,NULL,historical
4503,75,4,4,5,3,1:14.811,1:16.880,NULL,historical
4504,75,23,7,17,4,1:14.870,1:17.047,NULL,historical
4505,75,15,7,16,5,1:14.795,1:17.200,NULL,historical
4506,75,21,4,6,6,1:15.601,1:17.229,NULL,historical
4507,75,31,1,10,7,1:15.902,1:17.570,NULL,historical
4508,75,30,6,1,8,1:15.398,1:18.153,NULL,historical
4509,75,14,9,14,9,1:15.795,1:18.373,NULL,historical
4510,75,13,15,12,10,1:15.863,1:18.361,NULL,historical
4511,75,24,9,15,11,1:16.288,1:19.014,NULL,historical
4512,75,35,15,11,12,1:16.794,1:19.686,NULL,historical
4513,75,39,17,19,13,1:18.557,1:20.711,NULL,historical
4514,75,33,17,18,14,1:19.040,1:20.903,NULL,historical
4515,75,27,18,21,15,1:19.563,1:21.578,NULL,historical
4516,75,40,18,20,16,1:20.306,1:22.453,NULL,historical
4517,75,2,3,8,17,1:15.038,NULL,NULL,historical
4518,75,22,6,2,18,1:15.746,NULL,NULL,historical
4519,76,8,1,9,1,1:13.644,1:16.681,NULL,historical
4520,76,4,4,5,2,1:14.125,1:16.281,NULL,historical
4521,76,17,3,7,3,1:14.584,1:17.072,NULL,historical
4522,76,21,4,6,4,1:14.783,1:17.317,NULL,historical
4523,76,15,7,16,5,1:15.189,1:17.401,NULL,historical
4524,76,2,3,8,6,1:15.128,1:17.755,NULL,historical
4525,76,14,9,14,7,1:15.329,1:18.538,NULL,historical
4526,76,30,6,1,8,1:16.186,1:18.550,NULL,historical
4527,76,35,15,11,9,1:15.921,1:19.015,NULL,historical
4528,76,22,6,2,10,1:16.142,1:18.841,NULL,historical
4529,76,13,15,12,11,1:16.218,1:18.902,NULL,historical
4530,76,24,9,15,12,1:16.817,1:20.335,NULL,historical
4531,76,40,18,20,13,1:18.574,1:22.236,NULL,historical
4532,76,27,18,21,14,1:19.229,1:22.977,NULL,historical
4533,76,33,17,18,15,1:19.408,1:23.670,NULL,historical
4534,76,31,1,10,16,1:14.858,NULL,NULL,historical
4535,76,39,17,19,17,1:19.474,1:23.948,NULL,historical
4536,76,23,7,17,18,NULL,NULL,NULL,historical
4537,841,20,9,1,1,1:25.296,1:24.090,1:23.529,historical
4538,841,1,1,3,2,1:25.384,1:24.595,1:24.307,historical
4539,841,17,9,2,3,1:25.900,1:24.658,1:24.395,historical
4540,841,18,1,4,4,1:25.886,1:24.957,1:24.779,historical
4541,841,4,6,5,5,1:25.707,1:25.242,1:24.974,historical
4542,841,808,4,10,6,1:25.543,1:25.582,1:25.247,historical
4543,841,3,131,8,7,1:25.856,1:25.606,1:25.421,historical
4544,841,13,6,6,8,1:26.031,1:25.611,1:25.599,historical
4545,841,155,15,16,9,1:25.717,1:25.405,1:25.626,historical
4546,841,67,5,18,10,1:26.232,1:25.882,1:27.066,historical
4547,841,30,131,7,11,1:25.962,1:25.971,NULL,historical
4548,841,153,5,19,12,1:26.620,1:26.103,NULL,historical
4549,841,815,15,17,13,1:25.812,1:26.108,NULL,historical
4550,841,814,10,15,14,1:27.222,1:26.739,NULL,historical
4551,841,813,3,12,15,1:26.298,1:26.768,NULL,historical
4552,841,16,10,14,16,1:26.245,1:31.407,NULL,historical
4553,841,22,3,11,17,1:26.270,NULL,NULL,historical
4554,841,2,4,9,18,1:27.239,NULL,NULL,historical
4555,841,5,205,20,19,1:29.254,NULL,NULL,historical
4556,841,15,205,21,20,1:29.342,NULL,NULL,historical
4557,841,10,166,24,21,1:29.858,NULL,NULL,historical
4558,841,816,166,25,22,1:30.822,NULL,NULL,historical
4562,842,20,9,1,1,1:37.468,1:35.934,1:34.870,historical
4560,841,24,164,23,23,1:32.978,NULL,NULL,historical
4561,841,39,164,22,24,1:34.293,NULL,NULL,historical
4563,842,1,1,3,2,1:36.861,1:35.852,1:34.974,historical
4564,842,17,9,2,3,1:37.924,1:36.080,1:35.179,historical
4565,842,18,1,4,4,1:37.033,1:35.569,1:35.200,historical
4566,842,4,6,5,5,1:36.897,1:36.320,1:35.802,historical
4567,842,2,4,9,6,1:37.224,1:36.811,1:36.124,historical
4568,842,13,6,6,7,1:36.744,1:36.557,1:36.251,historical
4569,842,808,4,10,8,1:37.210,1:36.642,1:36.324,historical
4570,842,3,131,8,9,1:37.316,1:36.388,1:36.809,historical
4571,842,155,15,16,10,1:36.994,1:36.691,1:36.820,historical
4572,842,30,131,7,11,1:36.904,1:37.035,NULL,historical
4573,842,67,5,18,12,1:37.693,1:37.160,NULL,historical
4574,842,153,5,19,13,1:37.677,1:37.347,NULL,historical
4575,842,814,10,15,14,1:38.045,1:37.370,NULL,historical
4576,842,22,3,11,15,1:38.163,1:37.496,NULL,historical
4577,842,815,15,17,16,1:37.759,1:37.528,NULL,historical
4578,842,16,10,14,17,1:37.693,1:37.593,NULL,historical
4579,842,813,3,12,18,1:38.276,NULL,NULL,historical
4580,842,5,205,20,19,1:38.645,NULL,NULL,historical
4581,842,15,205,21,20,1:38.791,NULL,NULL,historical
4582,842,10,166,24,21,1:40.648,NULL,NULL,historical
4583,842,816,166,25,22,1:41.001,NULL,NULL,historical
4584,842,24,164,23,23,1:41.549,NULL,NULL,historical
4585,842,39,164,22,24,1:42.574,NULL,NULL,historical
4586,843,20,9,1,1,1:35.674,1:34.776,1:33.706,historical
4587,843,18,1,4,2,1:35.924,1:34.662,1:34.421,historical
4588,843,1,1,3,3,1:36.091,1:34.486,1:34.463,historical
4589,843,3,131,8,4,1:35.272,1:35.850,1:34.670,historical
4590,843,4,6,5,5,1:35.389,1:35.165,1:35.119,historical
4591,843,13,6,6,6,1:35.478,1:35.437,1:35.145,historical
4592,843,153,5,19,7,1:36.133,1:35.563,1:36.158,historical
4593,843,814,10,15,8,1:35.702,1:35.858,1:36.190,historical
4594,843,67,5,18,9,1:36.110,1:35.500,1:36.203,historical
4595,843,808,4,10,10,1:35.370,1:35.149,NULL,historical
4596,843,16,10,14,11,1:36.092,1:35.874,NULL,historical
4597,843,815,15,17,12,1:36.046,1:36.053,NULL,historical
4598,843,155,15,16,13,1:36.147,1:36.236,NULL,historical
4599,843,30,131,7,14,1:35.508,1:36.457,NULL,historical
4600,843,22,3,11,15,1:35.911,1:36.465,NULL,historical
4601,843,2,4,9,16,1:35.910,1:36.611,NULL,historical
4602,843,813,3,12,17,1:36.121,1:36.956,NULL,historical
4603,843,17,9,2,18,1:36.468,NULL,NULL,historical
4604,843,5,205,20,19,1:37.894,NULL,NULL,historical
4605,843,15,205,21,20,1:38.318,NULL,NULL,historical
4606,843,816,166,25,21,1:39.119,NULL,NULL,historical
4607,843,10,166,24,22,1:39.708,NULL,NULL,historical
4608,843,24,164,23,23,1:40.212,NULL,NULL,historical
4609,843,39,164,22,24,1:40.445,NULL,NULL,historical
4610,844,20,9,1,1,1:27.039,1:25.610,1:25.049,historical
4611,844,17,9,2,2,1:27.090,1:26.075,1:25.454,historical
4612,844,3,131,8,3,1:27.514,1:25.801,1:25.574,historical
4613,844,1,1,3,4,1:27.091,1:26.066,1:25.595,historical
4614,844,4,6,5,5,1:27.349,1:26.152,1:25.851,historical
4615,844,18,1,4,6,1:27.374,1:26.485,1:25.982,historical
4616,844,808,4,10,7,1:27.475,1:26.654,1:26.296,historical
4617,844,30,131,7,8,1:27.697,1:26.121,1:26.646,historical
4618,844,2,4,9,9,1:27.901,1:26.740,1:26.659,historical
4619,844,13,6,6,10,1:27.013,1:26.395,NULL,historical
4620,844,22,3,11,11,1:28.246,1:26.764,NULL,historical
4621,844,16,10,14,12,1:27.392,1:27.027,NULL,historical
4622,844,814,10,15,13,1:27.625,1:27.145,NULL,historical
4623,844,813,3,12,14,1:27.396,1:27.236,NULL,historical
4624,844,815,15,17,15,1:27.778,1:27.244,NULL,historical
4625,844,67,5,18,16,1:27.620,1:27.255,NULL,historical
4626,844,153,5,19,17,1:28.055,1:27.572,NULL,historical
4627,844,5,205,20,18,1:28.780,NULL,NULL,historical
4628,844,15,205,21,19,1:29.673,NULL,NULL,historical
4629,844,816,166,25,20,1:30.445,NULL,NULL,historical
4630,844,24,164,23,21,1:30.692,NULL,NULL,historical
4631,844,10,166,24,22,1:30.813,NULL,NULL,historical
4632,844,39,164,22,23,1:31.564,NULL,NULL,historical
4633,845,17,9,2,1,1:23.619,1:21.773,1:20.981,historical
4634,845,20,9,1,2,1:24.142,1:21.540,1:21.181,historical
4635,845,1,1,3,3,1:24.370,1:22.148,1:21.961,historical
4636,845,4,6,5,4,1:23.485,1:22.813,1:21.964,historical
4637,845,18,1,4,5,1:24.428,1:22.050,1:21.996,historical
4638,845,808,4,10,6,1:23.069,1:22.948,1:22.471,historical
4639,845,3,131,8,7,1:23.507,1:22.569,1:22.599,historical
4640,845,13,6,6,8,1:23.506,1:23.026,1:22.888,historical
4641,845,813,3,12,9,1:23.406,1:22.854,1:22.952,historical
4642,845,30,131,7,10,1:22.960,1:22.671,NULL,historical
4643,845,67,5,18,11,1:23.962,1:23.231,NULL,historical
4644,845,815,15,17,12,1:24.209,1:23.367,NULL,historical
4645,845,153,5,19,13,1:24.049,1:23.694,NULL,historical
4646,845,155,15,16,14,1:23.656,1:23.702,NULL,historical
4647,845,5,205,20,15,1:25.874,1:25.403,NULL,historical
4648,845,814,10,15,16,1:24.332,1:26.126,NULL,historical
4649,845,16,10,14,17,1:24.648,1:26.571,NULL,historical
4650,845,15,205,21,18,1:26.521,NULL,NULL,historical
4651,845,22,3,11,19,1:26.910,NULL,NULL,historical
4652,845,10,166,24,20,1:27.315,NULL,NULL,historical
4653,845,24,164,23,21,1:27.809,NULL,NULL,historical
4654,845,39,164,22,22,1:27.908,NULL,NULL,historical
4655,845,816,166,25,23,1:28.556,NULL,NULL,historical
4656,846,20,9,1,1,1:15.606,1:14.277,1:13.556,historical
4657,846,18,1,4,2,1:15.397,1:14.545,1:13.997,historical
4658,846,17,9,2,3,1:16.087,1:14.742,1:14.019,historical
4659,846,4,6,5,4,1:16.051,1:14.569,1:14.483,historical
4660,846,30,131,7,5,1:16.092,1:14.981,1:14.682,historical
4661,846,13,6,6,6,1:16.309,1:14.648,1:14.877,historical
4662,846,1,1,3,7,1:15.207,1:14.275,1:15.280,historical
4663,846,3,131,8,8,1:15.858,1:14.741,1:15.766,historical
4664,846,813,3,12,9,1:15.819,1:15.545,1:16.528,historical
4665,846,815,15,17,10,1:15.918,1:15.482,NULL,historical
4666,846,808,4,10,11,1:16.378,1:15.815,NULL,historical
4667,846,22,3,11,12,1:16.616,1:15.826,NULL,historical
4668,846,155,15,16,13,1:16.513,1:15.973,NULL,historical
4669,846,814,10,15,14,1:16.813,1:16.118,NULL,historical
4670,846,16,10,14,15,1:16.600,1:16.121,NULL,historical
4671,846,2,4,9,16,1:16.681,1:16.214,NULL,historical
4672,846,67,5,18,17,1:16.358,1:16.300,NULL,historical
4673,846,5,205,20,18,1:17.343,NULL,NULL,historical
4674,846,15,205,21,19,1:17.381,NULL,NULL,historical
4675,846,153,5,19,20,1:17.820,NULL,NULL,historical
4676,846,10,166,24,21,1:17.914,NULL,NULL,historical
4677,846,816,166,25,22,1:18.736,NULL,NULL,historical
4678,846,39,164,22,23,NULL,NULL,NULL,historical
4679,846,24,164,23,24,NULL,NULL,NULL,historical
4680,847,20,9,1,1,1:14.011,1:13.486,1:13.014,historical
4681,847,4,6,5,2,1:13.822,1:13.672,1:13.199,historical
4682,847,13,6,6,3,1:14.026,1:13.431,1:13.217,historical
4683,847,17,9,2,4,1:14.375,1:13.654,1:13.429,historical
4684,847,1,1,3,5,1:14.114,1:13.926,1:13.565,historical
4685,847,3,131,8,6,1:14.920,1:13.950,1:13.814,historical
4686,847,18,1,4,7,1:14.374,1:13.955,1:13.838,historical
4687,847,30,131,7,8,1:14.970,1:14.242,1:13.864,historical
4688,847,2,4,9,9,1:15.096,1:14.467,1:14.062,historical
4689,847,808,4,10,10,1:14.699,1:14.354,1:14.085,historical
4690,847,814,10,15,11,1:14.874,1:14.752,NULL,historical
4691,847,813,3,12,12,1:15.585,1:15.043,NULL,historical
4692,847,155,15,16,13,1:15.694,1:15.285,NULL,historical
4693,847,16,10,14,14,1:14.931,1:15.287,NULL,historical
4694,847,67,5,18,15,1:15.901,1:15.334,NULL,historical
4695,847,22,3,11,16,1:15.331,1:15.361,NULL,historical
4696,847,37,15,17,17,1:16.229,1:15.587,NULL,historical
4697,847,153,5,19,18,1:16.294,NULL,NULL,historical
4698,847,15,205,21,19,1:16.745,NULL,NULL,historical
4699,847,5,205,20,20,1:16.786,NULL,NULL,historical
4700,847,24,164,23,21,1:18.424,NULL,NULL,historical
4701,847,10,166,24,22,1:18.537,NULL,NULL,historical
4702,847,39,164,22,23,1:18.574,NULL,NULL,historical
4703,847,816,166,25,24,1:19.414,NULL,NULL,historical
4704,848,20,9,1,1,1:39.116,1:37.305,1:36.975,historical
4705,848,17,9,2,2,1:39.956,1:38.058,1:37.163,historical
4706,848,1,1,3,3,1:39.244,1:37.727,1:37.380,historical
4707,848,4,6,5,4,1:39.725,1:37.930,1:37.454,historical
4708,848,13,6,6,5,1:38.413,1:38.566,1:37.535,historical
4709,848,18,1,4,6,1:39.453,1:37.749,1:37.645,historical
4710,848,3,131,8,7,1:39.266,1:38.373,1:38.231,historical
4711,848,30,131,7,8,1:39.198,1:38.365,1:38.240,historical
4712,848,2,4,9,9,1:39.877,1:38.781,NULL,historical
4713,848,16,10,14,10,1:39.329,1:39.034,NULL,historical
4714,848,808,4,10,11,1:39.690,1:39.068,NULL,historical
4715,848,814,10,15,12,1:39.852,1:39.422,NULL,historical
4716,848,22,3,11,13,1:39.602,1:39.489,NULL,historical
4717,848,155,15,16,14,1:40.131,1:39.525,NULL,historical
4718,848,813,3,12,15,1:39.690,1:39.645,NULL,historical
4719,848,815,15,17,16,1:39.494,1:39.657,NULL,historical
4720,848,67,5,18,17,1:39.679,1:39.711,NULL,historical
4721,848,153,5,19,18,1:40.232,NULL,NULL,historical
4722,848,5,205,20,19,1:41.664,NULL,NULL,historical
4723,848,15,205,21,20,1:42.234,NULL,NULL,historical
4724,848,10,166,24,21,1:42.553,NULL,NULL,historical
4725,848,24,164,23,22,1:43.584,NULL,NULL,historical
4726,848,816,166,25,23,1:43.735,NULL,NULL,historical
4727,848,39,164,22,24,1:44.363,NULL,NULL,historical
4728,849,17,9,2,1,1:32.670,1:31.673,1:30.399,historical
4729,849,20,9,1,2,1:32.977,1:32.379,1:30.431,historical
4730,849,4,6,5,3,1:32.986,1:31.727,1:30.516,historical
4731,849,13,6,6,4,1:32.760,1:31.640,1:31.124,historical
4732,849,18,1,4,5,1:34.230,1:32.273,1:31.898,historical
4733,849,814,10,15,6,1:34.472,1:32.569,1:31.929,historical
4734,849,813,3,12,7,1:32.702,1:32.588,1:31.933,historical
4735,849,155,15,16,8,1:34.324,1:32.399,1:32.128,historical
4736,849,3,131,8,9,1:34.186,1:32.295,1:32.209,historical
4737,849,1,1,3,10,1:33.581,1:32.505,1:32.376,historical
4738,849,16,10,14,11,1:34.454,1:32.617,NULL,historical
4739,849,815,15,17,12,1:34.145,1:32.624,NULL,historical
4740,849,30,131,7,13,1:34.160,1:32.656,NULL,historical
4741,849,808,4,10,14,1:34.428,1:32.734,NULL,historical
4742,849,22,3,11,15,1:33.532,1:33.119,NULL,historical
4743,849,2,4,9,16,1:35.132,1:33.805,NULL,historical
4744,849,5,205,20,17,1:34.923,1:34.821,NULL,historical
4745,849,153,5,19,18,1:35.245,NULL,NULL,historical
4746,849,67,5,18,19,1:35.749,NULL,NULL,historical
4747,849,10,166,24,20,1:36.203,NULL,NULL,historical
4748,849,15,205,21,21,1:36.456,NULL,NULL,historical
4749,849,816,166,25,22,1:37.154,NULL,NULL,historical
4750,849,24,164,23,23,1:37.484,NULL,NULL,historical
4751,849,817,164,22,24,1:38.059,NULL,NULL,historical
4752,850,17,9,2,1,1:33.096,1:31.311,1:30.079,historical
4753,850,1,1,3,2,1:32.934,1:30.998,1:30.134,historical
4754,850,20,9,1,3,1:32.973,1:31.017,1:30.216,historical
4755,850,4,6,5,4,1:32.916,1:31.150,1:30.442,historical
4756,850,13,6,6,5,1:31.826,1:31.582,1:30.910,historical
4757,850,3,131,8,6,1:32.785,1:31.343,1:31.263,historical
4758,850,18,1,4,7,1:33.224,1:31.532,1:31.288,historical
4759,850,16,10,14,8,1:32.286,1:31.809,1:32.010,historical
4760,850,808,4,10,9,1:33.187,1:31.985,1:32.187,historical
4761,850,30,131,7,10,1:32.603,1:32.180,1:32.482,historical
4762,850,2,4,9,11,1:32.505,1:32.215,NULL,historical
4763,850,814,10,15,12,1:32.651,1:32.560,NULL,historical
4764,850,813,3,12,13,1:33.003,1:32.635,NULL,historical
4765,850,22,3,11,14,1:33.664,1:33.043,NULL,historical
4766,850,815,15,17,15,1:33.295,1:33.176,NULL,historical
4767,850,67,5,18,16,1:33.635,1:33.546,NULL,historical
4768,850,153,5,19,17,1:33.658,1:33.698,NULL,historical
4769,850,155,15,16,18,1:33.786,NULL,NULL,historical
4770,850,5,205,20,19,1:35.599,NULL,NULL,historical
4771,850,10,166,24,20,1:36.400,NULL,NULL,historical
4772,850,812,205,21,21,1:36.422,NULL,NULL,historical
4773,850,816,166,25,22,1:36.641,NULL,NULL,historical
4774,850,24,164,23,23,1:37.011,NULL,NULL,historical
4775,850,817,164,22,24,1:37.036,NULL,NULL,historical
4776,851,20,9,1,1,1:21.740,1:21.095,1:19.815,historical
4777,851,1,1,3,2,1:21.636,1:21.105,1:19.978,historical
4778,851,18,1,4,3,1:22.038,1:20.578,1:20.024,historical
4779,851,13,6,6,4,1:22.130,1:21.099,1:20.350,historical
4780,851,4,6,5,5,1:21.578,1:20.262,1:20.365,historical
4781,851,17,9,2,6,1:22.208,1:20.890,1:20.474,historical
4782,851,3,131,8,7,1:22.996,1:21.243,1:21.098,historical
4783,851,16,10,14,8,1:22.237,1:22.000,1:21.445,historical
4784,851,30,131,7,9,1:22.876,1:21.852,1:21.907,historical
4785,851,815,15,17,10,1:23.067,1:22.157,NULL,historical
4786,851,814,10,15,11,1:22.976,1:22.256,NULL,historical
4787,851,808,4,10,12,1:23.070,1:22.284,NULL,historical
4788,851,155,15,16,13,1:23.278,1:22.435,NULL,historical
4789,851,2,4,9,14,1:23.024,1:22.470,NULL,historical
4790,851,22,3,11,15,1:23.075,1:22.684,NULL,historical
4791,851,153,5,19,16,1:23.285,1:22.979,NULL,historical
4792,851,813,3,12,17,1:23.847,NULL,NULL,historical
4793,851,67,5,18,18,1:24.070,NULL,NULL,historical
4794,851,5,205,20,19,1:24.362,NULL,NULL,historical
4795,851,15,205,21,20,1:24.534,NULL,NULL,historical
4796,851,10,166,24,21,1:26.294,NULL,NULL,historical
4797,851,24,164,23,22,1:26.323,NULL,NULL,historical
4798,851,817,164,22,23,1:26.479,NULL,NULL,historical
4799,851,816,166,25,24,1:26.510,NULL,NULL,historical
4800,852,20,9,1,1,2:03.029,2:03.317,1:48.298,historical
4801,852,1,1,3,2,2:03.008,2:02.823,1:48.730,historical
4802,852,17,9,2,3,2:02.827,2:03.302,1:49.376,historical
4803,852,13,6,6,4,2:05.834,2:04.507,1:50.256,historical
4804,852,3,131,8,5,2:05.091,2:03.723,1:50.552,historical
4805,852,153,5,19,6,2:05.419,2:04.561,1:50.773,historical
4806,852,811,4,9,7,2:05.047,2:04.452,1:51.121,historical
4807,852,4,6,5,8,2:04.450,2:02.768,1:51.251,historical
4808,852,815,15,17,9,2:06.284,2:04.625,1:51.374,historical
4809,852,808,4,10,10,2:05.292,2:03.466,1:52.303,historical
4810,852,67,5,18,11,2:04.744,2:04.692,NULL,historical
4811,852,155,15,16,12,2:07.194,2:04.757,NULL,historical
4812,852,18,1,4,13,2:01.813,2:05.150,NULL,historical
4813,852,22,3,11,14,2:05.720,2:07.349,NULL,historical
4814,852,16,10,14,15,2:06.000,2:07.777,NULL,historical
4815,852,813,3,12,16,2:05.621,2:08.106,NULL,historical
4816,852,5,205,20,17,2:06.780,2:08.354,NULL,historical
4817,852,814,10,15,18,2:07.758,NULL,NULL,historical
4818,852,15,205,21,19,2:08.773,NULL,NULL,historical
4819,852,10,166,24,20,2:09.566,NULL,NULL,historical
4820,852,816,166,25,21,2:11.601,NULL,NULL,historical
4821,852,24,164,23,22,2:11.616,NULL,NULL,historical
4822,852,817,164,22,23,2:13.077,NULL,NULL,historical
4823,854,20,9,1,1,1:46.397,1:44.931,1:44.381,historical
4824,854,17,9,2,2,1:47.332,1:45.651,1:44.732,historical
4825,854,18,1,4,3,1:46.956,1:45.472,1:44.804,historical
4826,854,1,1,3,4,1:47.014,1:46.829,1:44.809,historical
4827,854,4,6,5,5,1:47.054,1:45.779,1:44.874,historical
4828,854,13,6,6,6,1:47.945,1:45.955,1:45.800,historical
4829,854,3,131,8,7,1:47.688,1:46.405,1:46.013,historical
4830,854,30,131,7,8,1:48.819,1:46.043,NULL,historical
4831,854,16,10,14,9,1:47.952,1:47.093,NULL,historical
4832,854,814,10,15,10,1:48.022,1:47.486,NULL,historical
4833,854,815,15,17,11,1:47.717,1:47.616,NULL,historical
4834,854,22,3,11,12,1:48.061,1:48.082,NULL,historical
4835,854,813,3,12,13,1:49.710,1:48.270,NULL,historical
4836,854,67,5,18,14,1:48.753,1:48.634,NULL,historical
4837,854,811,4,9,15,1:48.861,1:48.662,NULL,historical
4838,854,153,5,19,16,1:49.588,1:49.862,NULL,historical
4839,854,155,15,16,17,1:48.054,NULL,NULL,historical
4840,854,808,4,10,18,1:49.835,NULL,NULL,historical
4841,854,5,205,20,19,1:50.948,NULL,NULL,historical
4842,854,15,205,21,20,1:51.012,NULL,NULL,historical
4843,854,10,166,24,21,1:52.154,NULL,NULL,historical
4844,854,816,166,25,22,1:52.363,NULL,NULL,historical
4845,854,817,164,22,23,1:52.404,NULL,NULL,historical
4846,854,24,164,23,24,1:52.810,NULL,NULL,historical
4847,855,20,9,1,1,1:33.051,1:31.424,1:30.466,historical
4848,855,18,1,4,2,1:32.947,1:31.434,1:30.475,historical
4849,855,1,1,3,3,1:32.843,1:31.139,1:30.617,historical
4850,855,13,6,6,4,1:33.235,1:31.909,1:30.804,historical
4851,855,4,6,5,5,1:32.817,1:31.612,1:30.886,historical
4852,855,17,9,2,6,1:33.135,1:31.576,1:31.156,historical
4853,855,155,15,16,10,1:32.626,1:32.380,NULL,historical
4854,855,30,131,7,7,1:33.748,1:32.116,NULL,historical
4855,855,811,4,9,8,1:33.359,1:32.297,NULL,historical
4856,855,808,4,10,9,1:32.877,1:32.245,NULL,historical
4857,855,16,10,14,11,1:32.761,1:32.463,NULL,historical
4858,855,814,10,15,12,1:33.499,1:32.746,NULL,historical
4859,855,22,3,11,13,1:33.921,1:33.079,NULL,historical
4860,855,813,3,12,14,1:33.781,1:33.224,NULL,historical
4861,855,67,5,18,15,1:33.064,1:33.227,NULL,historical
4862,855,153,5,19,16,1:35.111,1:33.427,NULL,historical
4863,855,815,15,17,17,1:34.704,NULL,NULL,historical
4864,855,5,205,20,18,1:35.454,NULL,NULL,historical
4865,855,15,205,21,19,1:35.514,NULL,NULL,historical
4866,855,816,166,25,20,1:36.439,NULL,NULL,historical
4867,855,10,166,24,21,1:36.507,NULL,NULL,historical
4868,855,817,164,22,22,1:37.846,NULL,NULL,historical
4869,855,3,131,8,23,NULL,NULL,NULL,historical
4870,855,24,164,23,24,NULL,NULL,NULL,historical
4871,856,1,1,3,1,1:37.525,1:36.526,1:35.820,historical
4872,856,20,9,1,2,1:39.093,1:37.285,1:36.042,historical
4873,856,18,1,4,3,1:37.929,1:37.302,1:36.126,historical
4874,856,17,9,2,4,1:39.071,1:37.292,1:36.468,historical
4875,856,13,6,6,5,1:38.670,1:37.313,1:36.831,historical
4876,856,4,6,5,6,1:38.393,1:37.352,1:36.980,historical
4877,856,3,131,8,7,1:38.426,1:37.892,1:37.754,historical
4878,856,808,4,10,8,1:38.378,1:38.186,1:38.124,historical
4879,856,814,10,15,9,1:38.549,1:38.254,NULL,historical
4880,856,16,10,14,10,1:38.789,1:38.219,NULL,historical
4881,856,153,5,19,11,1:39.392,1:38.315,NULL,historical
4882,856,30,131,7,12,1:38.502,1:38.354,NULL,historical
4883,856,67,5,18,13,1:39.352,1:38.508,NULL,historical
4884,856,155,15,16,14,1:39.464,1:38.775,NULL,historical
4885,856,811,4,9,15,1:39.316,1:38.791,NULL,historical
4886,856,813,3,12,16,1:39.436,1:39.189,NULL,historical
4887,856,815,15,17,17,1:39.097,1:39.443,NULL,historical
4888,856,22,3,11,18,1:39.538,NULL,NULL,historical
4889,856,5,205,20,19,1:40.522,NULL,NULL,historical
4890,856,15,205,21,20,1:41.101,NULL,NULL,historical
4891,856,10,166,24,21,1:42.091,NULL,NULL,historical
4892,856,816,166,25,22,1:43.483,NULL,NULL,historical
4893,856,24,164,23,23,1:43.758,NULL,NULL,historical
4894,856,817,164,22,24,NULL,NULL,NULL,historical
4895,857,20,9,1,1,1:26.218,1:24.657,1:24.178,historical
4896,857,1,1,3,2,1:26.563,1:25.019,1:24.474,historical
4897,857,17,9,2,3,1:26.473,1:25.282,1:24.508,historical
4898,857,4,6,5,4,1:26.774,1:25.158,1:24.519,historical
4899,857,18,1,4,5,1:26.225,1:25.299,1:24.950,historical
4900,857,13,6,6,6,1:27.012,1:25.522,1:25.122,historical
4901,857,3,131,8,7,1:26.364,1:25.555,1:25.451,historical
4902,857,16,10,14,8,1:26.271,1:26.140,NULL,historical
4903,857,67,5,18,9,1:26.608,1:26.161,NULL,historical
4904,857,153,5,19,10,1:26.557,1:26.319,NULL,historical
4905,857,808,4,10,11,1:26.189,1:26.319,NULL,historical
4906,857,30,131,7,12,1:26.790,1:26.337,NULL,historical
4907,857,814,10,15,13,1:26.864,1:26.503,NULL,historical
4908,857,813,3,12,14,1:26.829,1:26.537,NULL,historical
4909,857,811,4,9,15,1:26.766,1:26.651,NULL,historical
4910,857,22,3,11,16,1:27.479,1:27.247,NULL,historical
4911,857,815,15,17,17,1:27.249,1:27.562,NULL,historical
4912,857,155,15,16,18,1:27.876,NULL,NULL,historical
4913,857,5,205,20,19,1:28.565,NULL,NULL,historical
4914,857,15,205,21,20,1:28.752,NULL,NULL,historical
4915,857,817,164,23,21,1:30.216,NULL,NULL,historical
4916,857,39,164,22,22,1:30.238,NULL,NULL,historical
4917,857,816,166,25,23,1:30.866,NULL,NULL,historical
4918,857,10,166,24,24,1:34.046,NULL,NULL,historical
4919,858,20,9,1,1,1:40.478,1:38.516,1:38.481,historical
4920,858,1,1,3,2,1:39.782,1:38.434,1:38.622,historical
4921,858,18,1,4,3,1:40.227,1:39.097,1:38.631,historical
4922,858,17,9,2,4,1:40.167,1:38.821,1:38.858,historical
4923,858,4,6,5,5,1:41.380,1:39.058,1:39.058,historical
4924,858,13,6,6,6,1:41.592,1:39.623,1:39.695,historical
4925,858,3,131,8,7,1:41.120,1:39.420,1:39.773,historical
4926,858,30,131,7,8,1:42.605,1:40.554,1:40.662,historical
4927,858,16,10,14,9,1:40.595,1:40.205,1:40.768,historical
4928,858,814,10,15,10,1:41.064,1:40.414,NULL,historical
4929,858,815,15,17,11,1:41.311,1:40.874,NULL,historical
4930,858,808,4,10,12,1:40.955,1:40.919,NULL,historical
4931,858,67,5,18,13,1:41.737,1:41.009,NULL,historical
4932,858,811,4,9,14,1:41.391,1:41.079,NULL,historical
4933,858,153,5,19,15,1:41.386,1:41.162,NULL,historical
4934,858,155,15,16,16,1:41.613,1:41.240,NULL,historical
4935,858,813,3,12,17,1:42.258,1:41.760,NULL,historical
4936,858,5,205,20,18,1:42.979,NULL,NULL,historical
4937,858,15,205,21,19,1:43.884,NULL,NULL,historical
4938,858,10,166,24,20,1:44.515,NULL,NULL,historical
4939,858,817,164,22,21,1:44.641,NULL,NULL,historical
4940,858,816,166,25,22,1:44.699,NULL,NULL,historical
4941,858,24,164,23,23,1:45.159,NULL,NULL,historical
4942,859,20,9,1,1,1:13.664,1:12.446,1:11.918,historical
4943,859,17,9,2,2,1:13.467,1:12.658,1:12.099,historical
4944,859,18,1,4,3,1:13.281,1:12.820,1:12.283,historical
4945,859,1,1,3,4,1:13.361,1:12.811,1:12.480,historical
4946,859,4,6,5,5,1:13.969,1:12.870,1:12.591,historical
4947,859,3,131,8,6,1:14.083,1:12.569,1:13.050,historical
4948,859,13,6,6,7,1:14.269,1:13.291,1:13.068,historical
4949,859,16,10,14,8,1:13.480,1:13.261,1:13.298,historical
4950,859,811,4,9,9,1:14.453,1:13.300,1:13.761,historical
4951,859,30,131,7,10,1:13.694,1:13.571,NULL,historical
4952,859,814,10,15,11,1:13.733,1:13.584,NULL,historical
4953,859,22,3,11,12,1:14.117,1:13.801,NULL,historical
4954,859,153,5,19,13,1:14.225,1:13.804,NULL,historical
4955,859,67,5,18,14,1:14.500,1:13.919,NULL,historical
4956,859,808,4,10,15,1:13.859,1:14.053,NULL,historical
4957,859,155,15,16,16,1:14.571,1:14.129,NULL,historical
4958,859,815,15,17,17,1:14.430,1:14.182,NULL,historical
4959,859,813,3,12,18,1:14.625,NULL,NULL,historical
4960,859,5,205,20,19,1:15.068,NULL,NULL,historical
4961,859,15,205,21,20,1:15.358,NULL,NULL,historical
4962,859,24,164,23,21,1:16.631,NULL,NULL,historical
4963,859,817,164,22,22,1:16.890,NULL,NULL,historical
4964,859,816,166,25,23,1:17.019,NULL,NULL,historical
4965,859,10,166,24,24,1:17.060,NULL,NULL,historical
4966,860,1,1,4,1,1:26.800,1:25.626,1:24.922,historical
4967,860,18,1,3,2,1:26.832,1:25.663,1:25.074,historical
4968,860,154,208,10,3,1:26.498,1:25.845,1:25.302,historical
4969,860,30,131,7,4,1:26.586,1:25.571,1:25.336,historical
4970,860,17,9,2,5,1:27.117,1:26.597,1:25.651,historical
4971,860,20,9,1,6,1:26.773,1:25.982,1:25.668,historical
4972,860,3,131,8,7,1:26.763,1:25.469,1:25.686,historical
4973,860,813,3,18,8,1:26.803,1:26.206,1:25.908,historical
4974,860,807,10,12,9,1:27.464,1:26.314,1:26.451,historical
4975,860,817,5,16,10,1:27.024,1:26.319,NULL,historical
4976,860,818,5,17,11,1:26.493,1:26.429,NULL,historical
4977,860,4,6,5,12,1:26.688,1:26.494,NULL,historical
4978,860,155,15,14,13,1:26.182,1:26.590,NULL,historical
4979,860,811,3,19,14,1:27.004,1:26.663,NULL,historical
4980,860,814,10,11,15,1:27.469,1:27.086,NULL,historical
4981,860,13,6,6,16,1:27.633,1:27.497,NULL,historical
4982,860,815,15,15,17,1:26.596,NULL,NULL,historical
4983,860,8,208,9,18,1:27.758,NULL,NULL,historical
4984,860,5,207,20,19,1:28.679,NULL,NULL,historical
4985,860,808,207,21,20,1:29.018,NULL,NULL,historical
4986,860,10,206,24,21,1:30.923,NULL,NULL,historical
4987,860,819,206,25,22,1:31.670,NULL,NULL,historical
4988,860,37,164,22,23,1:33.495,NULL,NULL,historical
4989,860,39,164,23,24,1:33.643,NULL,NULL,historical
4990,861,1,1,4,1,1:37.813,1:37.106,1:36.219,historical
4991,861,18,1,3,2,1:37.575,1:36.928,1:36.368,historical
4992,861,30,131,7,3,1:37.517,1:37.017,1:36.391,historical
4993,861,17,9,2,4,1:37.172,1:37.375,1:36.461,historical
4994,861,8,208,9,5,1:37.961,1:36.715,1:36.461,historical
4995,861,20,9,1,6,1:38.102,1:37.419,1:36.634,historical
4996,861,154,208,10,7,1:38.058,1:37.338,1:36.658,historical
4997,861,3,131,8,8,1:37.696,1:36.996,1:36.664,historical
4998,861,4,6,5,9,1:38.151,1:37.379,1:37.566,historical
4999,861,815,15,15,10,1:37.933,1:37.477,1:37.698,historical
5000,861,813,3,18,11,1:37.789,1:37.589,NULL,historical
5001,861,13,6,6,12,1:38.381,1:37.731,NULL,historical
5002,861,811,3,19,13,1:38.437,1:37.841,NULL,historical
5003,861,814,10,11,14,1:38.325,1:37.877,NULL,historical
5004,861,817,5,16,15,1:38.419,1:37.883,NULL,historical
5005,861,807,10,12,16,1:38.303,1:37.890,NULL,historical
5006,861,155,15,14,17,1:38.372,1:38.069,NULL,historical
5007,861,818,5,17,18,1:39.077,NULL,NULL,historical
5008,861,5,207,20,19,1:39.306,NULL,NULL,historical
5009,861,808,207,21,20,1:39.567,NULL,NULL,historical
5010,861,10,206,24,21,1:40.903,NULL,NULL,historical
5011,861,819,206,25,22,1:41.250,NULL,NULL,historical
5012,861,37,164,22,23,1:42.914,NULL,NULL,historical
5013,861,39,164,23,24,1:43.655,NULL,NULL,historical
5014,862,3,131,8,1,1:36.875,1:35.725,1:35.121,historical
5015,862,1,1,4,2,1:36.763,1:35.902,1:35.626,historical
5016,862,30,131,7,3,1:36.797,1:35.794,1:35.691,historical
5017,862,155,15,14,4,1:36.863,1:35.853,1:35.784,historical
5018,862,8,208,9,5,1:36.850,1:35.921,1:35.898,historical
5019,862,18,1,3,6,1:36.746,1:35.942,1:36.191,historical
5020,862,17,9,2,7,1:36.682,1:35.700,1:36.290,historical
5021,862,815,15,15,8,1:36.198,1:35.831,1:36.524,historical
5022,862,4,6,5,9,1:36.292,1:35.982,1:36.622,historical
5023,862,154,208,10,10,1:36.343,1:35.903,NULL,historical
5024,862,20,9,1,11,1:36.911,1:36.031,NULL,historical
5025,862,13,6,6,12,1:36.556,1:36.255,NULL,historical
5026,862,813,3,18,13,1:36.528,1:36.283,NULL,historical
5027,862,811,3,19,14,1:36.674,1:36.289,NULL,historical
5028,862,814,10,11,15,1:36.639,1:36.317,NULL,historical
5029,862,807,10,12,16,1:36.921,1:36.745,NULL,historical
5030,862,817,5,16,17,1:36.933,1:36.956,NULL,historical
5031,862,818,5,17,18,1:37.714,NULL,NULL,historical
5032,862,5,207,20,19,1:38.463,NULL,NULL,historical
5033,862,808,207,21,20,1:38.677,NULL,NULL,historical
5034,862,10,206,24,21,1:39.282,NULL,NULL,historical
5035,862,819,206,25,22,1:39.717,NULL,NULL,historical
5036,862,37,164,22,23,1:40.411,NULL,NULL,historical
5037,862,39,164,23,24,1:41.000,NULL,NULL,historical
5038,863,20,9,1,1,1:34.308,1:33.527,1:32.422,historical
5039,863,1,1,4,2,1:34.813,1:33.209,1:32.520,historical
5040,863,17,9,2,3,1:34.015,1:33.311,1:32.637,historical
5041,863,18,1,3,4,1:34.792,1:33.416,1:32.711,historical
5042,863,3,131,8,5,1:34.588,1:33.219,1:32.821,historical
5043,863,817,5,16,6,1:33.988,1:33.556,1:32.912,historical
5044,863,154,208,10,7,1:34.041,1:33.246,1:33.008,historical
5045,863,815,15,15,8,1:33.814,1:33.660,1:33.394,historical
5046,863,4,6,5,9,1:34.760,1:33.403,NULL,historical
5047,863,814,10,11,10,1:36.624,1:33.510,NULL,historical
5048,863,8,208,9,11,1:34.552,1:33.789,NULL,historical
5049,863,155,15,14,12,1:34.131,1:33.806,NULL,historical
5050,863,807,10,12,13,1:34.601,1:33.807,NULL,historical
5051,863,13,6,6,14,1:34.372,1:33.912,NULL,historical
5052,863,811,3,19,15,1:34.466,1:34.017,NULL,historical
5053,863,5,207,20,16,1:34.852,1:36.132,NULL,historical
5054,863,813,3,18,17,1:34.639,NULL,NULL,historical
5055,863,30,131,7,18,1:34.865,NULL,NULL,historical
5056,863,818,5,17,19,1:35.014,NULL,NULL,historical
5057,863,808,207,21,20,1:35.823,NULL,NULL,historical
5058,863,819,206,25,21,1:37.683,NULL,NULL,historical
5059,863,37,164,22,22,1:37.883,NULL,NULL,historical
5060,863,10,206,24,23,1:37.905,NULL,NULL,historical
5061,863,39,164,23,24,1:38.314,NULL,NULL,historical
5062,864,1,1,4,1,1:22.583,1:22.465,1:21.707,historical
5063,864,813,3,18,2,1:23.380,1:22.105,1:22.285,historical
5064,864,4,6,5,3,1:23.276,1:22.862,1:22.302,historical
5065,864,154,208,10,4,1:23.248,1:22.667,1:22.424,historical
5066,864,8,208,9,5,1:23.406,1:22.856,1:22.487,historical
5067,864,815,15,15,6,1:24.261,1:22.773,1:22.533,historical
5068,864,3,131,8,7,1:23.370,1:22.882,1:23.005,historical
5069,864,20,9,1,8,1:23.850,1:22.884,NULL,historical
5070,864,30,131,7,9,1:23.757,1:22.904,NULL,historical
5071,864,155,15,14,10,1:23.386,1:22.897,NULL,historical
5072,864,18,1,3,11,1:23.510,1:22.944,NULL,historical
5073,864,17,9,2,12,1:23.592,1:22.977,NULL,historical
5074,864,814,10,11,13,1:23.852,1:23.125,NULL,historical
5075,864,807,10,12,14,1:23.720,1:23.177,NULL,historical
5076,864,818,5,17,15,1:24.362,1:23.265,NULL,historical
5077,864,817,5,16,16,1:23.906,1:23.442,NULL,historical
5078,864,13,6,6,17,1:23.886,1:23.444,NULL,historical
5079,864,811,3,19,18,1:24.981,NULL,NULL,historical
5080,864,808,207,21,19,1:25.277,NULL,NULL,historical
5081,864,5,207,20,20,1:25.507,NULL,NULL,historical
5082,864,819,206,25,21,1:26.582,NULL,NULL,historical
5083,864,10,206,24,22,1:27.032,NULL,NULL,historical
5084,864,37,164,22,23,1:27.555,NULL,NULL,historical
5085,864,39,164,23,24,1:31.122,NULL,NULL,historical
5086,865,30,131,7,1,1:15.873,1:15.062,1:14.301,historical
5087,865,17,9,2,2,1:16.013,1:15.035,1:14.381,historical
5088,865,3,131,8,3,1:15.900,1:15.022,1:14.448,historical
5089,865,1,1,4,4,1:16.063,1:15.166,1:14.583,historical
5090,865,154,208,10,5,1:15.718,1:15.219,1:14.639,historical
5091,865,4,6,5,6,1:16.153,1:15.128,1:14.948,historical
5092,865,13,6,6,7,1:15.983,1:14.911,1:15.049,historical
5093,865,8,208,9,8,1:15.889,1:15.322,1:15.199,historical
5094,865,813,3,18,9,1:16.017,1:15.026,1:15.245,historical
5095,865,20,9,1,10,1:15.757,1:15.234,NULL,historical
5096,865,807,10,12,11,1:15.418,1:15.421,NULL,historical
5097,865,155,15,14,12,1:15.648,1:15.508,NULL,historical
5098,865,18,1,3,13,1:16.399,1:15.536,NULL,historical
5099,865,811,3,19,14,1:15.923,1:15.709,NULL,historical
5100,865,814,10,11,15,1:16.062,1:15.718,NULL,historical
5101,865,817,5,16,16,1:16.360,1:15.878,NULL,historical
5102,865,818,5,17,17,1:16.491,1:16.885,NULL,historical
5103,865,5,207,20,18,1:16.538,NULL,NULL,historical
5104,865,808,207,21,19,1:17.404,NULL,NULL,historical
5105,865,10,206,24,20,1:17.947,NULL,NULL,historical
5106,865,37,164,22,21,1:18.096,NULL,NULL,historical
5107,865,819,206,25,22,1:18.476,NULL,NULL,historical
5108,865,39,164,23,23,1:19.310,NULL,NULL,historical
5109,866,20,9,1,1,1:14.661,1:14.187,1:13.784,historical
5110,866,1,1,4,2,1:14.891,1:14.371,1:14.087,historical
5111,866,4,6,5,3,1:14.916,1:14.314,1:14.151,historical
5112,866,17,9,2,4,1:14.956,1:14.479,1:14.346,historical
5113,866,3,131,8,5,1:15.098,1:14.568,1:14.411,historical
5114,866,13,6,6,6,1:15.194,1:14.641,1:14.465,historical
5115,866,154,208,10,7,1:15.163,1:14.627,1:14.645,historical
5116,866,814,10,11,8,1:15.019,1:14.639,1:14.705,historical
5117,866,30,131,7,9,1:14.892,1:14.480,1:14.812,historical
5118,866,18,1,3,10,1:14.799,1:14.680,1:15.182,historical
5119,866,155,15,14,11,1:15.101,1:14.688,NULL,historical
5120,866,8,208,9,12,1:14.995,1:14.734,NULL,historical
5121,866,807,10,12,13,1:15.106,1:14.748,NULL,historical
5122,866,817,5,16,14,1:15.552,1:15.078,NULL,historical
5123,866,815,15,15,15,1:15.326,1:15.156,NULL,historical
5124,866,811,3,19,16,1:14.995,1:15.170,NULL,historical
5125,866,813,3,18,17,1:14.979,1:15.231,NULL,historical
5126,866,5,207,20,18,1:16.263,NULL,NULL,historical
5127,866,808,207,21,19,1:16.482,NULL,NULL,historical
5128,866,818,5,17,20,1:16.602,NULL,NULL,historical
5129,866,37,164,22,21,1:17.492,NULL,NULL,historical
5130,866,10,206,24,22,1:17.901,NULL,NULL,historical
5131,866,819,206,25,23,1:18.255,NULL,NULL,historical
5132,866,39,164,23,24,1:18.330,NULL,NULL,historical
5133,867,20,9,1,1,1:39.626,1:38.530,1:38.086,historical
5134,867,1,1,4,2,1:39.169,1:38.616,1:38.410,historical
5135,867,813,3,18,3,1:38.825,1:38.570,1:38.475,historical
5136,867,154,208,10,4,1:39.530,1:38.489,1:38.505,historical
5137,867,8,208,9,5,1:39.464,1:38.531,1:38.513,historical
5138,867,3,131,8,6,1:39.061,1:38.504,1:38.623,historical
5139,867,155,15,14,7,1:39.651,1:38.703,1:38.741,historical
5140,867,807,10,12,8,1:39.009,1:38.689,1:38.752,historical
5141,867,18,1,3,9,1:39.622,1:38.563,1:38.801,historical
5142,867,814,10,11,10,1:38.858,1:38.519,1:38.992,historical
5143,867,4,6,5,11,1:39.409,1:38.707,NULL,historical
5144,867,30,131,7,12,1:39.447,1:38.770,NULL,historical
5145,867,13,6,6,13,1:39.388,1:38.780,NULL,historical
5146,867,811,3,19,14,1:39.449,1:39.207,NULL,historical
5147,867,815,15,15,15,1:39.353,1:39.358,NULL,historical
5148,867,5,207,20,16,1:40.087,1:40.295,NULL,historical
5149,867,817,5,16,17,1:39.924,1:40.358,NULL,historical
5150,867,818,5,17,18,1:40.203,NULL,NULL,historical
5151,867,17,9,2,19,1:40.395,NULL,NULL,historical
5152,867,808,207,21,20,1:40.457,NULL,NULL,historical
5153,867,37,164,22,21,1:42.171,NULL,NULL,historical
5154,867,39,164,23,22,1:42.527,NULL,NULL,historical
5155,867,819,206,25,23,1:42.675,NULL,NULL,historical
5156,868,4,6,5,1,1:46.515,1:56.921,1:51.746,historical
5157,868,17,9,2,2,1:47.276,1:55.898,1:51.793,historical
5158,868,30,131,7,3,1:46.571,1:55.799,1:52.020,historical
5159,868,20,9,1,4,1:46.279,1:56.931,1:52.199,historical
5160,868,13,6,6,5,1:47.401,1:56.388,1:53.065,historical
5161,868,8,208,9,6,1:47.309,1:56.469,1:53.290,historical
5162,868,813,3,18,7,1:46.449,1:56.802,1:53.539,historical
5163,868,1,1,4,8,1:47.433,1:54.897,1:53.543,historical
5164,868,807,10,12,9,1:46.334,1:55.556,1:54.382,historical
5165,868,154,208,10,10,1:47.043,1:56.388,NULL,historical
5166,868,814,10,11,11,1:47.582,1:57.009,NULL,historical
5167,868,155,15,14,12,1:46.649,1:57.071,NULL,historical
5168,868,3,131,8,13,1:47.724,1:57.108,NULL,historical
5169,868,817,5,16,14,1:47.266,1:57.132,NULL,historical
5170,868,811,3,19,15,1:47.105,1:57.426,NULL,historical
5171,868,818,5,17,16,1:47.705,1:57.719,NULL,historical
5172,868,815,15,15,17,1:46.494,1:57.895,NULL,historical
5173,868,18,1,3,18,1:48.044,NULL,NULL,historical
5174,868,808,207,21,19,1:49.027,NULL,NULL,historical
5175,868,5,207,20,20,1:49.477,NULL,NULL,historical
5176,868,10,206,24,21,1:51.618,NULL,NULL,historical
5177,868,37,164,22,22,1:52.742,NULL,NULL,historical
5178,868,39,164,23,23,1:53.040,NULL,NULL,historical
5179,868,819,206,25,24,1:54.143,NULL,NULL,historical
5180,869,4,6,5,1,1:16.073,1:38.521,1:40.621,historical
5181,869,20,9,1,2,1:16.393,1:38.309,1:41.026,historical
5182,869,17,9,2,3,1:16.500,1:39.382,1:41.496,historical
5183,869,30,131,7,4,1:16.686,1:38.010,1:42.459,historical
5184,869,807,10,12,5,1:16.271,1:39.467,1:43.501,historical
5185,869,813,3,18,6,1:16.181,1:38.731,1:43.950,historical
5186,869,18,1,3,7,1:16.507,1:38.659,1:44.113,historical
5187,869,1,1,4,8,1:16.221,1:37.365,1:44.186,historical
5188,869,814,10,11,9,1:16.352,1:39.703,1:44.889,historical
5189,869,8,208,9,10,1:15.693,1:39.729,1:45.811,historical
5190,869,817,5,16,11,1:16.516,1:39.789,NULL,historical
5191,869,815,15,15,12,1:15.726,1:39.933,NULL,historical
5192,869,155,15,14,13,1:16.481,1:39.985,NULL,historical
5193,869,13,6,6,14,1:16.265,1:40.212,NULL,historical
5194,869,154,208,10,15,1:16.685,1:40.574,NULL,historical
5195,869,811,3,19,16,1:16.426,1:40.752,NULL,historical
5196,869,3,131,8,17,1:15.988,1:41.551,NULL,historical
5197,869,818,5,17,18,1:16.741,NULL,NULL,historical
5198,869,5,207,20,19,1:17.620,NULL,NULL,historical
5199,869,808,207,21,20,1:18.531,NULL,NULL,historical
5200,869,819,206,25,21,1:19.220,NULL,NULL,historical
5201,869,10,206,24,22,1:19.291,NULL,NULL,historical
5202,869,37,164,22,23,1:19.912,NULL,NULL,historical
5203,869,39,164,23,24,1:20.230,NULL,NULL,historical
5204,870,1,1,4,1,1:21.794,1:21.060,1:20.953,historical
5205,870,154,208,10,2,1:22.755,1:21.657,1:21.366,historical
5206,870,20,9,1,3,1:22.948,1:21.407,1:21.416,historical
5207,870,18,1,3,4,1:22.028,1:21.618,1:21.583,historical
5208,870,8,208,9,5,1:22.234,1:21.583,1:21.730,historical
5209,870,4,6,5,6,1:22.095,1:21.598,1:21.844,historical
5210,870,13,6,6,7,1:22.203,1:21.534,1:21.900,historical
5211,870,813,3,18,8,1:22.475,1:21.504,1:21.939,historical
5212,870,811,3,19,9,1:22.271,1:21.697,1:22.343,historical
5213,870,807,10,12,10,1:22.176,1:21.653,1:22.847,historical
5214,870,17,9,2,11,1:22.829,1:21.715,NULL,historical
5215,870,814,10,11,12,1:21.912,1:21.813,NULL,historical
5216,870,3,131,8,13,1:22.079,1:21.895,NULL,historical
5217,870,815,15,15,14,1:22.110,1:21.895,NULL,historical
5218,870,155,15,14,15,1:22.801,1:22.300,NULL,historical
5219,870,818,5,17,16,1:22.799,1:22.380,NULL,historical
5220,870,30,131,7,17,1:22.436,1:22.723,NULL,historical
5221,870,817,5,16,18,1:23.250,NULL,NULL,historical
5222,870,5,207,20,19,1:23.576,NULL,NULL,historical
5223,870,808,207,21,20,1:24.167,NULL,NULL,historical
5224,870,819,206,25,21,1:25.244,NULL,NULL,historical
5225,870,10,206,24,22,1:25.476,NULL,NULL,historical
5226,870,37,164,22,23,1:25.916,NULL,NULL,historical
5227,870,39,164,23,24,1:26.178,NULL,NULL,historical
5228,871,18,1,3,1,1:49.250,1:47.654,1:47.573,historical
5229,871,155,15,14,2,1:49.686,1:48.569,1:47.871,historical
5230,871,813,3,18,3,1:48.993,1:48.780,1:47.893,historical
5231,871,8,208,9,4,1:49.546,1:48.414,1:48.205,historical
5232,871,815,15,15,5,1:49.642,1:47.980,1:48.219,historical
5233,871,4,6,5,6,1:49.401,1:48.598,1:48.313,historical
5234,871,17,9,2,7,1:49.859,1:48.546,1:48.392,historical
5235,871,1,1,4,8,1:49.605,1:48.563,1:48.394,historical
5236,871,154,208,10,9,1:50.126,1:48.714,1:48.538,historical
5237,871,814,10,11,10,1:50.033,1:48.729,1:48.890,historical
5238,871,20,9,1,11,1:49.722,1:48.792,NULL,historical
5239,871,807,10,12,12,1:49.362,1:48.855,NULL,historical
5240,871,30,131,7,13,1:49.742,1:49.081,NULL,historical
5241,871,13,6,6,14,1:49.588,1:49.147,NULL,historical
5242,871,818,5,17,15,1:49.763,1:49.354,NULL,historical
5243,871,817,5,16,16,1:49.572,1:49.543,NULL,historical
5244,871,811,3,19,17,1:49.958,1:50.088,NULL,historical
5245,871,3,131,8,18,1:50.181,NULL,NULL,historical
5246,871,5,207,20,19,1:51.739,NULL,NULL,historical
5247,871,808,207,21,20,1:51.967,NULL,NULL,historical
5248,871,10,206,24,21,1:52.336,NULL,NULL,historical
5249,871,37,164,22,22,1:53.030,NULL,NULL,historical
5250,871,819,206,25,23,1:53.493,NULL,NULL,historical
5251,871,39,164,23,24,1:54.989,NULL,NULL,historical
5252,872,1,1,4,1,1:24.211,1:24.394,1:24.010,historical
5253,872,18,1,3,2,1:24.672,1:24.255,1:24.133,historical
5254,872,13,6,6,3,1:24.882,1:24.505,1:24.247,historical
5255,872,814,10,11,4,1:24.875,1:24.345,1:24.304,historical
5256,872,30,131,7,5,1:25.302,1:24.675,1:24.540,historical
5257,872,20,9,1,6,1:25.011,1:24.687,1:24.802,historical
5258,872,3,131,8,7,1:24.689,1:24.515,1:24.833,historical
5259,872,8,208,9,8,1:25.151,1:24.742,1:24.855,historical
5260,872,155,15,14,9,1:25.317,1:24.683,1:25.109,historical
5261,872,4,6,5,10,1:24.175,1:24.242,1:25.678,historical
5262,872,17,9,2,11,1:25.556,1:24.809,NULL,historical
5263,872,813,3,18,12,1:25.103,1:24.820,NULL,historical
5264,872,815,15,15,13,1:25.300,1:24.901,NULL,historical
5265,872,811,3,19,14,1:25.135,1:25.042,NULL,historical
5266,872,817,5,16,15,1:25.728,1:25.312,NULL,historical
5267,872,816,208,10,16,1:25.834,1:25.408,NULL,historical
5268,872,818,5,17,17,1:25.649,1:25.441,NULL,historical
5269,872,5,207,20,18,1:26.382,NULL,NULL,historical
5270,872,808,207,21,19,1:26.887,NULL,NULL,historical
5271,872,10,206,24,20,1:27.039,NULL,NULL,historical
5272,872,819,206,25,21,1:27.073,NULL,NULL,historical
5273,872,39,164,23,22,1:27.441,NULL,NULL,historical
5274,872,37,164,22,23,1:27.629,NULL,NULL,historical
5275,873,1,1,4,1,1:48.285,1:46.665,1:46.362,historical
5276,873,813,3,18,2,1:49.494,1:47.602,1:46.804,historical
5277,873,20,9,1,3,1:48.240,1:46.791,1:46.905,historical
5278,873,18,1,3,4,1:49.381,1:47.661,1:46.939,historical
5279,873,4,6,5,5,1:49.391,1:47.567,1:47.216,historical
5280,873,814,10,11,6,1:48.028,1:47.667,1:47.241,historical
5281,873,17,9,2,7,1:48.717,1:47.513,1:47.475,historical
5282,873,154,208,10,8,1:47.688,1:47.529,1:47.788,historical
5283,873,30,131,7,9,1:49.546,1:47.823,NULL,historical
5284,873,3,131,8,10,1:49.463,1:47.943,NULL,historical
5285,873,807,10,12,11,1:49.547,1:47.975,NULL,historical
5286,873,8,208,9,12,1:48.169,1:48.261,NULL,historical
5287,873,13,6,6,13,1:49.767,1:48.344,NULL,historical
5288,873,815,15,15,14,1:49.055,1:48.505,NULL,historical
5289,873,817,5,16,15,1:49.023,1:48.774,NULL,historical
5290,873,818,5,17,16,1:49.564,1:48.849,NULL,historical
5291,873,811,3,19,17,1:49.809,NULL,NULL,historical
5292,873,155,15,14,18,1:49.933,NULL,NULL,historical
5293,873,808,207,21,19,1:50.846,NULL,NULL,historical
5294,873,5,207,20,20,1:51.137,NULL,NULL,historical
5295,873,10,206,24,21,1:51.370,NULL,NULL,historical
5296,873,819,206,25,22,1:51.762,NULL,NULL,historical
5297,873,39,164,23,23,1:52.372,NULL,NULL,historical
5298,873,37,164,22,24,1:53.355,NULL,NULL,historical
5299,874,20,9,1,1,1:32.608,1:31.501,1:30.839,historical
5300,874,17,9,2,2,1:32.951,1:31.950,1:31.090,historical
5301,874,18,1,3,3,1:33.077,1:31.772,1:31.290,historical
5302,874,155,15,14,4,1:32.042,1:31.886,1:31.700,historical
5303,874,154,208,10,5,1:32.029,1:31.988,1:31.898,historical
5304,874,815,15,15,6,1:32.147,1:32.169,1:32.022,historical
5305,874,4,6,5,7,1:32.459,1:31.833,1:32.114,historical
5306,874,8,208,9,8,1:32.221,1:31.826,1:32.208,historical
5307,874,1,1,4,9,1:33.061,1:32.121,1:32.327,historical
5308,874,807,10,12,10,1:32.828,1:32.272,NULL,historical
5309,874,13,6,6,11,1:32.946,1:32.293,NULL,historical
5310,874,814,10,11,12,1:32.898,1:32.327,NULL,historical
5311,874,30,131,7,13,1:33.349,1:32.469,NULL,historical
5312,874,813,3,18,14,1:32.834,1:32.512,NULL,historical
5313,874,3,131,8,15,1:33.015,1:32.625,NULL,historical
5314,874,817,5,16,16,1:33.059,1:32.954,NULL,historical
5315,874,818,5,17,17,1:33.370,1:33.368,NULL,historical
5316,874,811,3,19,18,1:33.405,NULL,NULL,historical
5317,874,5,207,20,19,1:34.657,NULL,NULL,historical
5318,874,10,206,24,20,1:35.213,NULL,NULL,historical
5319,874,37,164,22,21,1:35.385,NULL,NULL,historical
5320,874,819,206,25,22,1:35.429,NULL,NULL,historical
5321,874,808,207,21,23,1:35.432,NULL,NULL,historical
5322,874,39,164,23,24,1:36.734,NULL,NULL,historical
5323,875,17,9,2,1,1:38.397,1:38.220,1:37.242,historical
5324,875,20,9,1,2,1:38.208,1:37.767,1:37.316,historical
5325,875,1,1,4,3,1:39.180,1:38.000,1:37.469,historical
5326,875,4,6,5,4,1:39.144,1:37.987,1:37.534,historical
5327,875,8,208,9,5,1:38.887,1:38.227,1:37.625,historical
5328,875,13,6,6,6,1:38.937,1:38.253,1:37.884,historical
5329,875,154,208,10,7,1:38.863,1:38.275,1:37.934,historical
5330,875,807,10,12,8,1:38.981,1:38.428,1:38.266,historical
5331,875,3,131,8,9,1:38.999,1:38.417,1:38.361,historical
5332,875,30,131,7,10,1:38.808,1:38.436,1:38.513,historical
5333,875,18,1,3,11,1:38.615,1:38.441,NULL,historical
5334,875,815,15,15,12,1:38.630,1:38.460,NULL,historical
5335,875,155,15,14,13,1:38.719,1:38.594,NULL,historical
5336,875,814,10,11,14,1:38.942,1:38.643,NULL,historical
5337,875,813,3,18,15,1:39.024,1:38.725,NULL,historical
5338,875,817,5,16,16,1:38.784,1:39.084,NULL,historical
5339,875,818,5,17,17,1:38.744,1:39.340,NULL,historical
5340,875,811,3,19,18,1:39.443,NULL,NULL,historical
5341,875,808,207,21,19,1:40.207,NULL,NULL,historical
5342,875,5,207,20,20,1:40.333,NULL,NULL,historical
5343,875,819,206,25,21,1:41.317,NULL,NULL,historical
5344,875,10,206,24,22,1:41.371,NULL,NULL,historical
5345,875,37,164,22,23,1:42.881,NULL,NULL,historical
5346,876,20,9,1,1,1:26.387,1:25.435,1:25.283,historical
5347,876,17,9,2,2,1:26.744,1:25.610,1:25.327,historical
5348,876,1,1,4,3,1:26.516,1:25.816,1:25.544,historical
5349,876,18,1,3,4,1:26.564,1:25.467,1:25.659,historical
5350,876,4,6,5,5,1:26.829,1:25.834,1:25.773,historical
5351,876,13,6,6,6,1:26.939,1:26.111,1:25.857,historical
5352,876,8,208,9,7,1:26.740,1:26.101,1:26.236,historical
5353,876,815,15,15,8,1:27.179,1:26.076,1:26.360,historical
5354,876,813,3,18,9,1:26.048,1:25.983,1:26.713,historical
5355,876,3,131,8,10,1:26.458,1:25.976,NULL,historical
5356,876,154,208,10,11,1:26.897,1:26.136,NULL,historical
5357,876,807,10,12,12,1:27.185,1:26.241,NULL,historical
5358,876,811,3,19,13,1:26.851,1:26.331,NULL,historical
5359,876,30,131,7,14,1:27.482,1:26.574,NULL,historical
5360,876,817,5,16,15,1:27.006,1:26.777,NULL,historical
5361,876,814,10,11,16,1:27.462,1:26.989,NULL,historical
5362,876,155,15,14,17,1:27.517,1:27.219,NULL,historical
5363,876,818,5,17,18,1:27.525,NULL,NULL,historical
5364,876,808,207,21,19,1:28.756,NULL,NULL,historical
5365,876,5,207,20,20,1:29.500,NULL,NULL,historical
5366,876,10,206,24,21,1:29.613,NULL,NULL,historical
5367,876,37,164,22,22,1:30.592,NULL,NULL,historical
5368,876,39,164,23,23,1:30.593,NULL,NULL,historical
5369,876,819,206,25,24,1:30.662,NULL,NULL,historical
5370,877,1,1,4,1,1:41.497,1:40.901,1:40.630,historical
5371,877,17,9,2,2,1:41.933,1:41.277,1:40.978,historical
5372,877,20,9,1,3,1:42.160,1:41.511,1:41.073,historical
5373,877,813,3,18,4,1:41.981,1:41.907,1:41.226,historical
5374,877,8,208,9,5,1:42.222,1:41.532,1:41.260,historical
5375,877,18,1,3,6,1:42.342,1:41.873,1:41.290,historical
5376,877,4,6,5,7,1:41.939,1:41.514,1:41.582,historical
5377,877,3,131,8,8,1:41.926,1:41.698,1:41.603,historical
5378,877,13,6,6,9,1:41.974,1:41.846,1:41.723,historical
5379,877,154,208,10,10,1:42.046,1:41.620,1:41.778,historical
5380,877,807,10,12,11,1:42.579,1:42.019,NULL,historical
5381,877,815,15,15,12,1:42.624,1:42.084,NULL,historical
5382,877,814,10,11,13,1:42.572,1:42.218,NULL,historical
5383,877,30,131,7,14,1:42.735,1:42.289,NULL,historical
5384,877,811,3,19,15,1:43.298,1:42.330,NULL,historical
5385,877,155,15,14,16,1:43.582,1:42.606,NULL,historical
5386,877,817,5,16,17,1:43.280,1:42.765,NULL,historical
5387,877,818,5,17,18,1:44.058,NULL,NULL,historical
5388,877,5,207,20,19,1:44.956,NULL,NULL,historical
5389,877,819,206,25,20,1:45.089,NULL,NULL,historical
5390,877,808,207,21,21,1:45.151,NULL,NULL,historical
5391,877,10,206,24,22,1:45.426,NULL,NULL,historical
5392,877,37,164,22,23,1:45.766,NULL,NULL,historical
5393,877,39,164,23,24,1:46.382,NULL,NULL,historical
5394,878,20,9,1,1,1:36.558,1:35.796,1:35.657,historical
5395,878,1,1,4,2,1:37.058,1:36.795,1:35.766,historical
5396,878,17,9,2,3,1:37.215,1:36.298,1:36.174,historical
5397,878,154,208,10,4,1:37.486,1:36.906,1:36.587,historical
5398,878,8,208,9,5,1:38.051,1:37.404,1:36.708,historical
5399,878,30,131,7,6,1:37.927,1:37.102,1:36.794,historical
5400,878,13,6,6,7,1:37.667,1:36.549,1:36.937,historical
5401,878,807,10,12,8,1:37.756,1:37.066,1:37.141,historical
5402,878,4,6,5,9,1:37.968,1:37.123,1:37.300,historical
5403,878,813,3,18,10,1:37.537,1:37.011,1:37.842,historical
5404,878,811,3,19,11,1:37.520,1:37.604,NULL,historical
5405,878,18,1,3,12,1:37.565,1:37.616,NULL,historical
5406,878,814,10,11,13,1:38.104,1:37.665,NULL,historical
5407,878,818,5,17,14,1:38.434,1:37.879,NULL,historical
5408,878,815,15,15,15,1:38.500,1:38.206,NULL,historical
5409,878,155,15,14,16,1:38.418,1:38.437,NULL,historical
5410,878,3,131,8,17,1:38.862,1:38.501,NULL,historical
5411,878,817,5,16,18,1:39.114,NULL,NULL,historical
5412,878,10,206,24,19,1:40.056,NULL,NULL,historical
5413,878,819,206,25,20,1:40.664,NULL,NULL,historical
5414,878,808,207,21,21,1:40.809,NULL,NULL,historical
5415,878,5,207,20,22,1:41.166,NULL,NULL,historical
5416,878,37,164,22,23,1:42.011,NULL,NULL,historical
5417,878,39,164,23,24,1:42.740,NULL,NULL,historical
5418,879,1,1,4,1,1:15.075,1:13.398,1:12.458,historical
5419,879,18,1,3,2,1:15.456,1:13.515,1:12.513,historical
5420,879,17,9,2,3,1:16.180,1:13.667,1:12.581,historical
5421,879,20,9,1,4,1:15.644,1:13.209,1:12.760,historical
5422,879,13,6,6,5,1:16.263,1:14.048,1:12.987,historical
5423,879,813,3,18,6,1:16.266,1:13.698,1:13.174,historical
5424,879,807,10,12,7,1:15.536,1:13.704,1:13.206,historical
5425,879,4,6,5,8,1:16.097,1:13.856,1:13.253,historical
5426,879,8,208,9,9,1:16.432,1:13.698,1:13.298,historical
5427,879,3,131,8,10,1:15.929,1:13.848,1:13.489,historical
5428,879,814,10,11,11,1:15.901,1:14.121,NULL,historical
5429,879,811,3,19,12,1:15.333,1:14.219,NULL,historical
5430,879,815,15,15,13,1:15.974,1:14.234,NULL,historical
5431,879,30,131,7,14,1:16.005,1:14.334,NULL,historical
5432,879,155,15,14,15,1:16.400,1:14.380,NULL,historical
5433,879,817,5,16,16,1:16.744,1:14.574,NULL,historical
5434,879,818,5,17,17,1:16.722,1:14.619,NULL,historical
5435,879,154,208,10,18,1:16.967,NULL,NULL,historical
5436,879,808,207,21,19,1:17.073,NULL,NULL,historical
5437,879,5,207,20,20,1:17.086,NULL,NULL,historical
5438,879,10,206,24,21,1:17.508,NULL,NULL,historical
5439,879,819,206,25,22,1:18.104,NULL,NULL,historical
5440,879,39,164,23,23,1:19.576,NULL,NULL,historical
5441,879,37,164,22,24,1:19.699,NULL,NULL,historical
5442,880,20,9,1,1,1:44.657,1:36.745,1:27.407,historical
5443,880,17,9,2,2,1:44.472,1:36.524,1:27.827,historical
5444,880,1,131,10,3,1:45.456,1:36.625,1:28.087,historical
5445,880,13,6,4,4,1:44.635,1:36.666,1:28.490,historical
5446,880,4,6,3,5,1:43.850,1:36.691,1:28.493,historical
5447,880,3,131,9,6,1:43.380,1:36.194,1:28.523,historical
5448,880,8,208,7,7,1:45.545,1:37.517,1:28.738,historical
5449,880,154,208,8,8,1:44.284,1:37.641,1:29.013,historical
5450,880,814,10,14,9,1:45.601,1:36.901,1:29.305,historical
5451,880,18,1,5,10,1:44.688,1:36.644,1:30.357,historical
5452,880,807,15,11,11,1:45.930,1:38.067,NULL,historical
5453,880,16,10,15,12,1:47.330,1:38.134,NULL,historical
5454,880,818,5,18,13,1:44.871,1:38.778,NULL,historical
5455,880,817,5,19,14,1:46.450,1:39.042,NULL,historical
5456,880,815,1,6,15,1:44.400,1:39.900,NULL,historical
5457,880,822,3,17,16,1:47.328,1:40.290,NULL,historical
5458,880,813,3,16,17,1:47.614,NULL,NULL,historical
5459,880,821,15,12,18,1:47.776,NULL,NULL,historical
5460,880,824,206,22,19,1:48.147,NULL,NULL,historical
5461,880,820,206,23,20,1:48.909,NULL,NULL,historical
5462,880,823,207,21,21,1:49.519,NULL,NULL,historical
5463,880,819,207,20,22,1:50.626,NULL,NULL,historical
5464,881,20,9,1,1,1:37.899,1:37.245,1:49.674,historical
5465,881,13,6,4,2,1:37.712,1:36.874,1:50.587,historical
5466,881,4,6,3,3,1:37.314,1:36.877,1:50.727,historical
5467,881,1,131,10,4,1:37.513,1:36.517,1:51.699,historical
5468,881,17,9,2,5,1:37.619,1:36.449,1:52.244,historical
5469,881,3,131,9,6,1:37.239,1:36.190,1:52.519,historical
5470,881,8,208,7,7,1:36.959,1:36.640,1:52.970,historical
5471,881,18,1,5,8,1:37.487,1:37.117,1:53.175,historical
5472,881,16,10,15,9,1:36.809,1:36.834,1:53.439,historical
5473,881,815,1,6,10,1:37.702,1:37.342,1:54.136,historical
5474,881,154,208,8,11,1:37.363,1:37.636,NULL,historical
5475,881,807,15,11,12,1:37.931,1:38.125,NULL,historical
5476,881,817,5,19,13,1:37.722,1:38.822,NULL,historical
5477,881,821,15,12,14,1:37.707,1:39.221,NULL,historical
5478,881,814,10,14,15,1:37.493,1:44.509,NULL,historical
5479,881,813,3,16,16,1:37.867,NULL,NULL,historical
5480,881,818,5,18,17,1:38.157,NULL,NULL,historical
5481,881,822,3,17,18,1:38.207,NULL,NULL,historical
5482,881,824,206,22,19,1:38.434,NULL,NULL,historical
5483,881,819,207,20,20,1:39.314,NULL,NULL,historical
5484,881,820,206,23,21,1:39.672,NULL,NULL,historical
5485,881,823,207,21,22,1:39.932,NULL,NULL,historical
5486,882,1,131,10,1,1:35.793,1:35.078,1:34.484,historical
5487,882,8,208,7,2,1:37.046,1:35.659,1:34.761,historical
5488,882,4,6,3,3,1:36.253,1:35.148,1:34.788,historical
5489,882,3,131,9,4,1:35.959,1:35.537,1:34.861,historical
5490,882,13,6,4,5,1:35.972,1:35.403,1:34.933,historical
5491,882,154,208,8,6,1:36.929,1:36.065,1:35.364,historical
5492,882,817,5,19,7,1:36.993,1:36.258,1:35.998,historical
5493,882,18,1,5,8,1:36.667,1:35.784,2:05.673,historical
5494,882,20,9,1,9,1:36.537,1:35.343,NULL,historical
5495,882,807,15,11,10,1:36.985,1:36.261,NULL,historical
5496,882,814,10,14,11,1:37.478,1:36.287,NULL,historical
5497,882,815,1,6,12,1:36.952,1:36.314,NULL,historical
5498,882,16,10,15,13,1:37.349,1:36.405,NULL,historical
5499,882,17,9,2,14,1:36.148,1:36.679,NULL,historical
5500,882,813,3,16,15,1:37.281,1:37.139,NULL,historical
5501,882,818,5,18,16,1:37.508,1:37.199,NULL,historical
5502,882,822,3,17,17,1:37.769,NULL,NULL,historical
5503,882,821,15,12,18,1:37.990,NULL,NULL,historical
5504,882,824,206,22,19,1:38.780,NULL,NULL,historical
5505,882,820,206,23,20,1:39.537,NULL,NULL,historical
5506,882,819,207,20,21,1:39.614,NULL,NULL,historical
5507,882,823,207,21,22,1:39.660,NULL,NULL,historical
5508,883,3,131,9,1,1:33.364,1:32.867,1:32.330,historical
5509,883,20,9,1,2,1:33.327,1:32.746,1:32.584,historical
5510,883,4,6,3,3,1:32.878,1:33.316,1:32.667,historical
5511,883,1,131,10,4,1:33.498,1:33.346,1:32.762,historical
5512,883,17,9,2,5,1:33.966,1:33.098,1:33.078,historical
5513,883,13,6,4,6,1:33.780,1:33.358,1:33.207,historical
5514,883,814,10,14,7,1:33.762,1:33.335,1:33.235,historical
5515,883,16,10,15,8,1:34.048,1:33.378,1:33.246,historical
5516,883,8,208,7,9,1:33.827,1:33.146,1:33.327,historical
5517,883,18,1,5,10,1:34.071,1:33.702,NULL,historical
5518,883,154,208,8,11,1:33.498,1:33.762,NULL,historical
5519,883,815,1,6,12,1:34.310,1:33.914,NULL,historical
5520,883,817,5,19,13,1:34.120,1:33.974,NULL,historical
5521,883,807,15,11,14,1:34.409,1:33.976,NULL,historical
5522,883,822,3,17,15,1:34.425,1:34.105,NULL,historical
5523,883,818,5,18,16,1:34.314,1:34.284,NULL,historical
5524,883,813,3,16,17,1:34.425,NULL,NULL,historical
5525,883,821,15,12,18,1:34.730,NULL,NULL,historical
5526,883,819,207,20,19,1:35.283,NULL,NULL,historical
5527,883,824,206,22,20,1:36.178,NULL,NULL,historical
5528,883,823,207,21,21,1:36.304,NULL,NULL,historical
5529,883,820,206,23,22,1:36.476,NULL,NULL,historical
5530,884,3,131,9,1,1:21.913,1:21.776,1:20.718,historical
5531,884,1,131,10,2,1:21.728,1:21.001,1:20.972,historical
5532,884,20,9,1,3,1:22.158,1:21.602,1:21.054,historical
5533,884,8,208,7,4,1:22.210,1:21.676,1:21.177,historical
5534,884,4,6,3,5,1:22.264,1:21.646,1:21.218,historical
5535,884,13,6,4,6,1:22.492,1:21.978,1:21.219,historical
5536,884,154,208,8,7,1:22.613,1:21.998,1:21.308,historical
5537,884,17,9,2,8,1:22.342,1:21.718,1:21.570,historical
5538,884,815,1,6,9,1:23.116,1:21.790,1:22.069,historical
5539,884,814,10,14,10,1:22.663,1:22.019,1:22.233,historical
5540,884,817,5,19,11,1:22.905,1:22.127,NULL,historical
5541,884,818,5,18,12,1:22.775,1:22.166,NULL,historical
5542,884,16,10,15,13,1:22.952,1:22.346,NULL,historical
5543,884,18,1,5,14,1:23.166,1:22.355,NULL,historical
5544,884,807,15,11,15,1:23.058,1:22.389,NULL,historical
5545,884,821,15,12,16,1:23.218,1:22.793,NULL,historical
5546,884,822,3,17,17,1:23.260,NULL,NULL,historical
5547,884,813,3,16,18,1:23.318,NULL,NULL,historical
5548,884,823,207,21,19,1:24.661,NULL,NULL,historical
5549,884,824,206,22,20,1:24.713,NULL,NULL,historical
5550,884,820,206,23,21,1:24.996,NULL,NULL,historical
5551,884,819,207,20,22,1:25.070,NULL,NULL,historical
5552,885,3,131,9,1,1:24.620,1:16.135,1:13.876,historical
5553,885,1,131,10,2,1:23.779,1:16.265,1:13.967,historical
5554,885,20,9,1,3,1:24.243,1:15.988,1:13.980,historical
5555,885,17,9,2,4,1:25.352,1:17.322,1:14.181,historical
5556,885,8,208,7,5,1:25.835,1:16.040,1:14.822,historical
5557,885,4,6,3,6,1:23.712,1:16.510,1:14.824,historical
5558,885,815,1,6,7,1:24.682,1:17.748,1:15.138,historical
5559,885,16,10,15,8,1:25.108,1:17.261,1:15.383,historical
5560,885,18,1,5,9,1:23.744,1:17.420,1:15.647,historical
5561,885,818,5,18,10,1:23.699,1:17.623,1:15.703,historical
5562,885,807,15,11,11,1:25.547,1:18.331,NULL,historical
5563,885,817,5,19,12,1:24.852,1:18.344,NULL,historical
5564,885,154,208,8,13,1:23.738,1:18.603,NULL,historical
5565,885,822,3,17,14,1:24.681,1:19.077,NULL,historical
5566,885,823,207,21,15,1:26.095,1:19.408,NULL,historical
5567,885,813,3,16,16,1:23.452,1:21.688,NULL,historical
5568,885,814,10,14,17,1:26.322,NULL,NULL,historical
5569,885,819,207,20,18,1:26.633,NULL,NULL,historical
5570,885,821,15,12,19,1:26.917,NULL,NULL,historical
5571,885,820,206,23,20,1:27.303,NULL,NULL,historical
5572,885,824,206,22,21,NULL,NULL,NULL,historical
5573,885,13,6,4,22,NULL,NULL,NULL,historical
5574,886,20,9,1,1,1:22.318,1:28.166,1:25.425,historical
5575,886,1,131,10,2,1:23.801,1:27.649,1:25.512,historical
5576,886,822,3,17,3,1:23.446,1:28.419,1:25.897,historical
5577,886,3,131,9,4,1:23.840,1:28.420,1:26.008,historical
5578,886,17,9,2,5,1:23.247,1:28.145,1:26.208,historical
5579,886,4,6,3,6,1:23.224,1:28.788,1:26.504,historical
5580,886,818,5,18,7,1:24.159,1:28.527,1:26.543,historical
5581,886,16,10,15,8,1:24.551,1:28.799,1:27.348,historical
5582,886,8,208,7,9,1:24.451,1:28.667,1:27.432,historical
5583,886,817,5,19,10,1:24.770,1:29.359,1:27.946,historical
5584,886,807,15,11,11,1:23.899,1:29.435,NULL,historical
5585,886,815,1,6,12,1:24.176,1:29.761,NULL,historical
5586,886,813,3,16,13,1:24.776,1:29.917,NULL,historical
5587,886,18,1,5,14,1:24.021,1:30.068,NULL,historical
5588,886,821,15,12,15,1:24.408,1:30.315,NULL,historical
5589,886,13,6,4,16,1:23.735,1:30.354,NULL,historical
5590,886,814,10,14,17,1:24.908,NULL,NULL,historical
5591,886,819,207,20,18,1:25.626,NULL,NULL,historical
5592,886,154,208,8,19,1:25.716,NULL,NULL,historical
5593,886,824,206,22,20,1:26.508,NULL,NULL,historical
5594,886,820,206,23,21,1:27.062,NULL,NULL,historical
5595,886,823,207,21,22,1:27.110,NULL,NULL,historical
5596,887,1,131,10,1,1:30.995,1:31.224,1:29.607,historical
5597,887,3,131,9,2,1:31.355,1:31.028,1:30.059,historical
5598,887,20,9,1,3,1:31.559,1:30.990,1:30.211,historical
5599,887,17,9,2,4,1:31.605,1:31.002,1:30.220,historical
5600,887,814,10,14,5,1:32.062,1:31.291,1:30.736,historical
5601,887,817,5,19,6,1:32.097,1:31.182,1:30.757,historical
5602,887,16,10,15,7,1:32.002,1:31.097,1:30.908,historical
5603,887,154,208,8,8,1:31.466,1:31.530,1:30.955,historical
5604,887,8,208,7,9,1:31.400,1:31.592,1:30.962,historical
5605,887,4,6,3,10,1:32.266,1:31.387,1:30.979,historical
5606,887,18,1,5,11,1:31.979,1:31.649,NULL,historical
5607,887,13,6,4,12,1:32.241,1:31.779,NULL,historical
5608,887,818,5,18,13,1:32.105,1:31.785,NULL,historical
5609,887,815,1,6,14,1:31.953,1:32.082,NULL,historical
5610,887,807,15,11,15,1:32.168,1:32.211,NULL,historical
5611,887,813,3,16,16,1:32.512,1:32.359,NULL,historical
5612,887,822,3,17,17,1:32.664,NULL,NULL,historical
5613,887,821,15,12,18,1:32.666,NULL,NULL,historical
5614,887,819,207,20,19,1:33.866,NULL,NULL,historical
5615,887,824,206,22,20,1:34.108,NULL,NULL,historical
5616,887,823,207,21,21,1:35.481,NULL,NULL,historical
5617,887,820,206,23,22,1:35.858,NULL,NULL,historical
5618,888,1,131,10,1,1:31.131,1:30.152,1:29.398,historical
5619,888,20,9,1,2,1:31.269,1:29.992,1:29.501,historical
5620,888,17,9,2,3,1:31.428,1:30.217,1:29.608,historical
5621,888,8,208,7,4,1:30.676,1:29.852,1:29.892,historical
5622,888,154,208,8,5,1:31.242,1:30.005,1:29.959,historical
5623,888,817,5,19,6,1:31.081,1:30.223,1:30.528,historical
5624,888,13,6,4,7,1:30.547,1:29.825,1:31.126,historical
5625,888,4,6,3,8,1:30.709,1:29.962,1:31.209,historical
5626,888,18,1,5,9,1:31.181,1:30.269,NULL,historical
5627,888,807,15,11,10,1:31.132,1:30.231,NULL,historical
5628,888,3,131,9,11,1:31.322,1:30.326,NULL,historical
5629,888,814,10,14,12,1:31.322,1:30.697,NULL,historical
5630,888,815,1,6,13,1:31.498,1:30.933,NULL,historical
5631,888,821,15,12,14,1:31.681,1:31.010,NULL,historical
5632,888,16,10,15,15,1:31.320,1:31.010,NULL,historical
5633,888,818,5,18,16,1:31.629,1:31.104,NULL,historical
5634,888,822,3,17,17,1:31.693,NULL,NULL,historical
5635,888,813,3,16,18,1:31.707,NULL,NULL,historical
5636,888,819,207,20,19,1:32.937,NULL,NULL,historical
5637,888,824,206,22,20,1:33.063,NULL,NULL,historical
5638,888,823,207,21,21,1:33.734,NULL,NULL,historical
5639,888,820,206,23,22,1:34.098,NULL,NULL,historical
5640,890,1,131,10,1,1:20.363,1:19.862,1:19.388,historical
5641,890,20,9,1,2,1:20.646,1:19.992,1:19.426,historical
5642,890,154,208,8,3,1:20.447,1:20.101,1:19.595,historical
5643,890,3,131,9,4,1:20.350,1:19.778,1:19.720,historical
5644,890,4,6,3,5,1:20.652,1:20.183,1:19.791,historical
5645,890,8,208,7,6,1:20.867,1:20.243,1:19.851,historical
5646,890,13,6,4,7,1:21.004,1:20.460,1:19.929,historical
5647,890,817,5,19,8,1:21.181,1:20.527,1:20.641,historical
5648,890,815,1,6,9,1:21.612,1:20.545,1:22.398,historical
5649,890,17,9,2,10,1:21.264,1:20.503,NULL,historical
5650,890,16,10,15,11,1:21.471,1:20.569,NULL,historical
5651,890,807,15,11,12,1:21.028,1:20.580,NULL,historical
5652,890,18,1,5,13,1:21.131,1:20.777,NULL,historical
5653,890,818,5,18,14,1:21.345,1:21.029,NULL,historical
5654,890,813,3,16,15,1:20.816,1:21.133,NULL,historical
5655,890,822,3,17,16,1:21.135,1:21.219,NULL,historical
5656,890,821,15,12,17,1:21.724,NULL,NULL,historical
5657,890,814,10,14,18,1:22.043,NULL,NULL,historical
5658,890,819,207,20,19,1:23.007,NULL,NULL,historical
5659,890,823,207,21,20,1:23.333,NULL,NULL,historical
5660,890,824,206,22,21,1:23.787,NULL,NULL,historical
5661,890,820,206,23,22,1:23.997,NULL,NULL,historical
5662,891,1,131,10,1,2:00.368,1:49.067,2:01.012,historical
5663,891,20,9,1,2,2:01.863,1:48.646,2:01.200,historical
5664,891,17,9,2,3,2:01.597,1:48.641,2:01.325,historical
5665,891,3,131,9,4,2:01.099,1:48.552,2:02.251,historical
5666,891,814,10,14,5,2:02.338,1:48.925,2:02.332,historical
5667,891,18,1,5,6,2:01.301,1:48.641,2:03.075,historical
5668,891,154,208,8,7,2:02.476,1:48.649,2:03.081,historical
5669,891,8,208,7,8,2:01.151,1:48.296,2:03.390,historical
5670,891,4,6,3,9,2:00.190,1:48.309,2:03.482,historical
5671,891,13,6,4,10,2:01.462,1:49.020,2:04.059,historical
5672,891,807,15,11,11,2:01.712,1:49.088,NULL,historical
5673,891,16,10,15,12,2:02.749,1:49.103,NULL,historical
5674,891,815,1,6,13,2:02.425,1:49.304,NULL,historical
5675,891,823,207,21,14,2:00.564,1:52.036,NULL,historical
5676,891,824,206,22,15,2:02.110,1:52.563,NULL,historical
5677,891,820,206,23,16,2:02.948,1:52.762,NULL,historical
5678,891,813,3,16,17,2:03.072,NULL,NULL,historical
5679,891,818,5,18,18,2:03.300,NULL,NULL,historical
5680,891,817,5,19,19,2:03.317,NULL,NULL,historical
5681,891,822,3,17,20,2:03.432,NULL,NULL,historical
5682,891,821,15,12,21,2:04.324,NULL,NULL,historical
5683,891,819,207,20,22,2:07.384,NULL,NULL,historical
5684,892,20,9,1,1,1:24.319,1:23.977,1:23.755,historical
5685,892,17,9,2,2,1:24.923,1:24.263,1:23.968,historical
5686,892,807,15,11,3,1:24.776,1:24.305,1:24.065,historical
5687,892,13,6,4,4,1:24.950,1:24.479,1:24.132,historical
5688,892,4,6,3,5,1:24.661,1:24.227,1:24.142,historical
5689,892,3,131,9,6,1:24.527,1:24.393,1:24.192,historical
5690,892,817,5,19,7,1:24.655,1:24.290,1:24.209,historical
5691,892,815,1,6,8,1:24.635,1:24.592,1:24.502,historical
5692,892,18,1,5,9,1:24.739,1:24.563,1:24.515,historical
5693,892,818,5,18,10,1:24.630,1:24.575,1:28.050,historical
5694,892,8,208,7,11,1:24.819,1:24.610,NULL,historical
5695,892,1,131,10,12,1:24.589,1:24.803,NULL,historical
5696,892,154,208,8,13,1:24.737,1:24.848,NULL,historical
5697,892,16,10,15,14,1:25.030,1:24.932,NULL,historical
5698,892,813,3,16,15,1:24.905,1:25.011,NULL,historical
5699,892,814,10,14,16,1:25.009,1:25.077,NULL,historical
5700,892,821,15,12,17,1:25.226,NULL,NULL,historical
5701,892,822,3,17,18,1:25.291,NULL,NULL,historical
5702,892,823,207,21,19,1:26.406,NULL,NULL,historical
5703,892,819,207,20,20,1:26.563,NULL,NULL,historical
5704,892,824,206,22,21,1:27.085,NULL,NULL,historical
5705,892,820,206,23,22,1:27.480,NULL,NULL,historical
5706,893,20,9,1,1,1:45.376,1:42.905,1:42.841,historical
5707,893,3,131,9,2,1:45.208,1:43.892,1:42.932,historical
5708,893,154,208,8,3,1:45.851,1:43.957,1:43.058,historical
5709,893,17,9,2,4,1:45.271,1:43.272,1:43.152,historical
5710,893,1,131,10,5,1:44.196,1:43.920,1:43.254,historical
5711,893,13,6,4,6,1:45.658,1:44.376,1:43.890,historical
5712,893,4,6,3,7,1:45.115,1:44.153,1:43.938,historical
5713,893,18,1,5,8,1:45.009,1:44.497,1:44.282,historical
5714,893,817,5,19,9,1:45.379,1:44.407,1:44.439,historical
5715,893,821,15,12,10,1:45.483,1:44.245,NULL,historical
5716,893,807,15,11,11,1:45.381,1:44.555,NULL,historical
5717,893,818,5,18,12,1:45.657,1:44.588,NULL,historical
5718,893,8,208,7,13,1:45.522,1:44.658,NULL,historical
5719,893,815,1,6,14,1:45.164,1:44.752,NULL,historical
5720,893,16,10,15,15,1:45.960,1:45.185,NULL,historical
5721,893,822,3,17,16,1:45.982,1:45.388,NULL,historical
5722,893,814,10,14,17,1:46.121,NULL,NULL,historical
5723,893,813,3,16,18,1:46.619,NULL,NULL,historical
5724,893,819,207,20,19,1:48.111,NULL,NULL,historical
5725,893,823,207,21,20,1:48.320,NULL,NULL,historical
5726,893,824,206,22,21,1:48.830,NULL,NULL,historical
5727,893,820,206,23,22,1:48.930,NULL,NULL,historical
5728,894,20,9,1,1,1:38.683,1:37.569,1:37.202,historical
5729,894,1,131,10,2,1:38.574,1:37.824,1:37.420,historical
5730,894,17,9,2,3,1:39.138,1:37.840,1:37.464,historical
5731,894,154,208,8,4,1:39.065,1:38.076,1:37.531,historical
5732,894,3,131,9,5,1:38.418,1:38.031,1:37.679,historical
5733,894,4,6,3,6,1:38.520,1:37.978,1:38.038,historical
5734,894,13,6,4,7,1:38.884,1:38.295,1:38.223,historical
5735,894,807,15,11,8,1:38.427,1:37.913,1:38.237,historical
5736,894,821,15,12,9,1:38.725,1:38.327,1:38.405,historical
5737,894,8,208,7,10,1:38.341,1:38.181,1:38.822,historical
5738,894,815,1,6,11,1:39.049,1:38.362,NULL,historical
5739,894,18,1,5,12,1:38.882,1:38.365,NULL,historical
5740,894,817,5,19,13,1:38.525,1:38.417,NULL,historical
5741,894,16,10,15,14,1:38.988,1:38.431,NULL,historical
5742,894,814,10,14,15,1:39.185,1:38.718,NULL,historical
5743,894,818,5,18,16,1:39.075,1:38.781,NULL,historical
5744,894,822,3,17,17,1:39.470,NULL,NULL,historical
5745,894,813,3,16,18,1:39.987,NULL,NULL,historical
5746,894,819,207,20,19,1:40.864,NULL,NULL,historical
5747,894,823,207,21,20,1:40.871,NULL,NULL,historical
5748,894,824,206,22,21,1:41.169,NULL,NULL,historical
5749,894,820,206,23,22,1:41.322,NULL,NULL,historical
5750,895,17,9,2,1,1:32.271,1:31.513,1:30.915,historical
5751,895,20,9,1,2,1:32.397,1:31.290,1:31.089,historical
5752,895,1,131,10,3,1:32.340,1:31.636,1:31.253,historical
5753,895,154,208,8,4,1:31.824,1:31.565,1:31.365,historical
5754,895,13,6,4,5,1:31.994,1:31.668,1:31.378,historical
5755,895,3,131,9,6,1:32.244,1:31.764,1:31.397,historical
5756,895,807,15,11,7,1:32.465,1:31.848,1:31.644,historical
5757,895,4,6,3,8,1:32.371,1:31.828,1:31.665,historical
5758,895,8,208,7,9,1:32.377,1:31.662,1:31.684,historical
5759,895,18,1,5,10,1:32.606,1:31.838,1:31.827,historical
5760,895,815,1,6,11,1:32.718,1:31.989,NULL,historical
5761,895,814,10,14,12,1:32.286,1:31.992,NULL,historical
5762,895,822,3,17,13,1:32.613,1:32.013,NULL,historical
5763,895,821,15,12,14,1:32.673,1:32.063,NULL,historical
5764,895,813,3,16,15,1:32.875,1:32.093,NULL,historical
5765,895,817,5,19,16,1:32.804,1:32.485,NULL,historical
5766,895,16,10,15,17,1:32.890,NULL,NULL,historical
5767,895,818,5,18,18,1:33.357,NULL,NULL,historical
5768,895,820,206,23,19,1:34.320,NULL,NULL,historical
5769,895,819,207,20,20,1:34.556,NULL,NULL,historical
5770,895,823,207,21,21,1:34.879,NULL,NULL,historical
5771,895,824,206,22,22,1:34.958,NULL,NULL,historical
5772,896,20,9,1,1,1:25.943,1:24.568,1:24.119,historical
5773,896,3,131,9,2,1:25.833,1:25.304,1:24.871,historical
5774,896,1,131,10,3,1:25.802,1:25.259,1:24.941,historical
5775,896,17,9,2,4,1:25.665,1:25.097,1:25.047,historical
5776,896,13,6,4,5,1:25.793,1:25.389,1:25.201,historical
5777,896,8,208,7,6,1:25.819,1:25.191,1:25.248,historical
5778,896,807,15,11,7,1:25.883,1:25.339,1:25.334,historical
5779,896,4,6,3,8,1:25.934,1:24.885,1:25.826,historical
5780,896,815,1,6,9,1:26.107,1:25.365,1:26.153,historical
5781,896,18,1,5,10,1:25.574,1:25.458,1:26.487,historical
5782,896,817,5,19,11,1:25.673,1:25.519,NULL,historical
5783,896,814,10,14,12,1:25.908,1:25.711,NULL,historical
5784,896,16,10,15,13,1:26.164,1:25.740,NULL,historical
5785,896,818,5,18,14,1:26.155,1:25.798,NULL,historical
5786,896,822,3,17,15,1:26.178,1:26.134,NULL,historical
5787,896,821,15,12,16,1:26.057,1:26.366,NULL,historical
5788,896,154,208,8,17,1:26.577,NULL,NULL,historical
5789,896,813,3,16,18,1:26.842,NULL,NULL,historical
5790,896,824,206,22,19,1:26.970,NULL,NULL,historical
5791,896,823,207,21,20,1:27.105,NULL,NULL,historical
5792,896,819,207,20,21,1:27.487,NULL,NULL,historical
5793,896,820,206,23,22,1:28.138,NULL,NULL,historical
5794,897,17,9,2,1,1:41.568,1:40.575,1:39.957,historical
5795,897,20,9,1,2,1:41.683,1:40.781,1:40.075,historical
5796,897,3,131,9,3,1:41.420,1:40.473,1:40.419,historical
5797,897,1,131,10,4,1:40.693,1:40.477,1:40.501,historical
5798,897,8,208,7,5,1:41.276,1:40.971,1:40.542,historical
5799,897,807,15,11,6,1:41.631,1:40.931,1:40.576,historical
5800,897,154,208,8,7,1:41.447,1:40.948,1:40.997,historical
5801,897,13,6,4,8,1:41.254,1:40.989,1:41.015,historical
5802,897,815,1,6,9,1:41.687,1:40.812,1:41.068,historical
5803,897,817,5,19,10,1:41.884,1:40.852,1:41.111,historical
5804,897,4,6,3,11,1:41.397,1:41.093,NULL,historical
5805,897,814,10,14,12,1:41.676,1:41.133,NULL,historical
5806,897,18,1,5,13,1:41.817,1:41.200,NULL,historical
5807,897,818,5,18,14,1:41.692,1:41.279,NULL,historical
5808,897,813,3,16,15,1:41.365,1:41.395,NULL,historical
5809,897,822,3,17,16,1:41.862,1:41.447,NULL,historical
5810,897,821,15,12,17,1:41.999,NULL,NULL,historical
5811,897,16,10,15,18,1:42.051,NULL,NULL,historical
5812,897,823,207,21,19,1:43.252,NULL,NULL,historical
5813,897,824,206,22,20,1:43.398,NULL,NULL,historical
5814,897,819,207,20,21,1:43.528,NULL,NULL,historical
5815,897,820,206,23,22,1:44.198,NULL,NULL,historical
5816,898,20,9,1,1,1:38.516,1:37.065,1:36.338,historical
5817,898,17,9,2,2,1:38.161,1:37.312,1:36.441,historical
5818,898,154,208,8,3,1:38.676,1:37.523,1:37.155,historical
5819,898,807,15,11,4,1:38.339,1:37.828,1:37.296,historical
5820,898,1,131,10,5,1:37.959,1:37.854,1:37.345,historical
5821,898,4,6,3,6,1:38.929,1:37.368,1:37.376,historical
5822,898,815,1,6,7,1:38.367,1:38.040,1:37.452,historical
5823,898,5,208,7,8,1:38.375,1:38.078,1:37.715,historical
5824,898,822,3,17,9,1:37.821,1:37.439,1:37.836,historical
5825,898,821,15,12,10,1:38.082,1:38.031,1:38.034,historical
5826,898,817,5,19,11,1:38.882,1:38.131,NULL,historical
5827,898,814,10,14,12,1:38.894,1:38.139,NULL,historical
5828,898,18,1,5,13,1:38.588,1:38.217,NULL,historical
5829,898,3,131,9,14,1:38.743,1:38.364,NULL,historical
5830,898,13,6,4,15,1:39.094,1:38.592,NULL,historical
5831,898,818,5,18,16,1:38.880,1:38.696,NULL,historical
5832,898,16,10,15,17,1:39.250,NULL,NULL,historical
5833,898,813,3,16,18,1:39.351,NULL,NULL,historical
5834,898,823,207,21,19,1:40.491,NULL,NULL,historical
5835,898,824,206,22,20,1:40.528,NULL,NULL,historical
5836,898,819,207,20,21,1:40.596,NULL,NULL,historical
5837,898,820,206,23,22,1:41.401,NULL,NULL,historical
5838,899,20,9,1,1,1:25.381,1:26.420,1:26.479,historical
5839,899,3,131,9,2,1:25.556,1:26.626,1:27.102,historical
5840,899,4,6,3,3,1:26.656,1:26.590,1:27.539,historical
5841,899,17,9,2,4,1:26.689,1:26.963,1:27.572,historical
5842,899,1,131,10,5,1:25.342,1:26.698,1:27.677,historical
5843,899,154,208,8,6,1:26.453,1:26.161,1:27.737,historical
5844,899,817,5,19,7,1:27.209,1:27.078,1:28.052,historical
5845,899,818,5,18,8,1:27.124,1:27.363,1:28.081,historical
5846,899,13,6,4,9,1:26.817,1:27.049,1:28.109,historical
5847,899,807,15,11,10,1:26.071,1:27.441,1:29.582,historical
5848,899,5,208,7,11,1:26.266,1:27.456,NULL,historical
5849,899,814,10,14,12,1:26.275,1:27.798,NULL,historical
5850,899,822,3,17,13,1:26.790,1:27.954,NULL,historical
5851,899,815,1,6,14,1:26.741,1:28.269,NULL,historical
5852,899,18,1,5,15,1:26.398,1:28.308,NULL,historical
5853,899,16,10,15,16,1:26.874,1:28.586,NULL,historical
5854,899,813,3,16,17,1:27.367,NULL,NULL,historical
5855,899,821,15,12,18,1:27.455,NULL,NULL,historical
5856,899,819,207,20,19,1:27.843,NULL,NULL,historical
5857,899,823,207,21,20,1:28.320,NULL,NULL,historical
5858,899,824,206,22,21,1:28.366,NULL,NULL,historical
5859,899,820,206,23,22,1:28.950,NULL,NULL,historical
5860,900,1,131,44,1,1:31.699,1:42.890,1:44.231,historical
5861,900,817,9,3,2,1:30.775,1:42.295,1:44.548,historical
5862,900,3,131,6,3,1:32.564,1:42.264,1:44.595,historical
5863,900,825,1,20,4,1:30.949,1:43.247,1:45.745,historical
5864,900,4,6,14,5,1:31.388,1:42.805,1:45.819,historical
5865,900,818,5,25,6,1:33.488,1:43.849,1:45.864,historical
5866,900,807,10,27,7,1:33.893,1:43.658,1:46.030,historical
5867,900,826,5,26,8,1:33.777,1:44.331,1:47.368,historical
5868,900,13,3,19,9,1:31.228,1:44.242,1:48.079,historical
5869,900,822,3,77,10,1:31.601,1:43.852,1:48.147,historical
5870,900,18,1,22,11,1:31.396,1:44.437,NULL,historical
5871,900,8,6,7,12,1:32.439,1:44.494,NULL,historical
5872,900,20,9,1,13,1:31.931,1:44.688,NULL,historical
5873,900,16,15,99,14,1:33.673,1:45.655,NULL,historical
5874,900,155,207,10,15,1:34.274,1:45.867,NULL,historical
5875,900,815,10,11,16,1:34.141,1:47.293,NULL,historical
5876,900,820,206,4,17,1:34.293,NULL,NULL,historical
5877,900,824,206,17,18,1:34.794,NULL,NULL,historical
5878,900,821,15,21,19,1:35.117,NULL,NULL,historical
5879,900,828,207,9,20,1:35.157,NULL,NULL,historical
5880,900,154,208,8,21,1:36.993,NULL,NULL,historical
5881,900,813,208,13,22,NULL,NULL,NULL,historical
5882,901,1,131,44,1,1:57.202,1:59.041,1:59.431,historical
5883,901,20,9,1,2,1:57.654,1:59.399,1:59.486,historical
5884,901,3,131,6,3,1:57.183,1:59.445,2:00.050,historical
5885,901,4,6,14,4,1:58.889,2:01.356,2:00.175,historical
5886,901,817,9,3,5,1:58.913,2:00.147,2:00.541,historical
5887,901,8,6,7,6,1:59.257,2:01.532,2:01.218,historical
5888,901,807,10,27,7,1:58.883,2:00.839,2:01.712,historical
5889,901,825,1,20,8,2:00.356,2:02.094,2:02.213,historical
5890,901,818,5,25,9,2:01.689,2:02.096,2:03.078,historical
5891,901,18,1,22,10,2:00.889,2:01.810,2:04.053,historical
5892,901,826,5,26,11,2:01.175,2:02.351,NULL,historical
5893,901,821,15,21,12,2:01.134,2:02.369,NULL,historical
5894,901,13,3,19,13,2:00.047,2:02.460,NULL,historical
5895,901,815,10,11,14,2:00.076,2:02.511,NULL,historical
5896,901,822,3,77,15,1:59.709,2:02.756,NULL,historical
5897,901,154,208,8,16,2:00.202,2:02.885,NULL,historical
5898,901,813,208,13,17,2:02.074,NULL,NULL,historical
5899,901,16,15,99,18,2:02.131,NULL,NULL,historical
5900,901,824,206,17,19,2:02.702,NULL,NULL,historical
5901,901,155,207,10,20,2:03.595,NULL,NULL,historical
5902,901,820,206,4,21,2:04.388,NULL,NULL,historical
5903,901,828,207,9,22,2:04.407,NULL,NULL,historical
5904,902,3,131,6,1,1:35.439,1:33.708,1:33.185,historical
5905,902,1,131,44,2,1:35.323,1:33.872,1:33.464,historical
5906,902,817,9,3,3,1:36.220,1:34.592,1:34.051,historical
5907,902,822,3,77,4,1:34.934,1:34.842,1:34.247,historical
5908,902,815,10,11,5,1:34.998,1:34.747,1:34.346,historical
5909,902,8,6,7,6,1:35.234,1:34.925,1:34.368,historical
5910,902,18,1,22,7,1:35.699,1:34.714,1:34.387,historical
5911,902,13,3,19,8,1:35.085,1:34.842,1:34.511,historical
5912,902,825,1,20,9,1:35.288,1:34.904,1:34.712,historical
5913,902,4,6,14,10,1:35.251,1:34.723,1:34.992,historical
5914,902,20,9,1,11,1:35.549,1:34.985,NULL,historical
5915,902,807,10,27,12,1:34.874,1:35.116,NULL,historical
5916,902,826,5,26,13,1:35.395,1:35.145,NULL,historical
5917,902,818,5,25,14,1:35.815,1:35.286,NULL,historical
5918,902,821,15,21,15,1:36.567,1:35.891,NULL,historical
5919,902,154,208,8,16,1:36.654,1:35.908,NULL,historical
5920,902,813,208,13,17,1:36.663,NULL,NULL,historical
5921,902,16,15,99,18,1:36.840,NULL,NULL,historical
5922,902,155,207,10,19,1:37.085,NULL,NULL,historical
5923,902,824,206,17,20,1:37.310,NULL,NULL,historical
5924,902,828,207,9,21,1:37.875,NULL,NULL,historical
5925,902,820,206,4,22,1:37.913,NULL,NULL,historical
5926,853,20,9,1,1,1:24.002,1:22.914,1:22.275,historical
5927,853,1,1,3,2,1:23.976,1:23.172,1:22.725,historical
5928,853,18,1,4,3,1:24.013,1:23.031,1:22.777,historical
5929,853,4,6,5,4,1:24.134,1:23.342,1:22.841,historical
5930,853,17,9,2,5,1:24.148,1:23.387,1:22.972,historical
5931,853,13,6,6,6,1:24.523,1:23.681,1:23.188,historical
5932,853,808,4,10,7,1:24.486,1:23.741,1:23.530,historical
5933,853,30,131,7,8,1:25.108,1:23.671,1:23.777,historical
5934,853,3,131,8,9,1:24.550,1:23.335,1:24.477,historical
5935,853,811,4,9,10,1:24.914,1:24.157,NULL,historical
5936,853,814,10,15,11,1:24.574,1:24.163,NULL,historical
5937,853,16,10,14,12,1:24.595,1:24.209,NULL,historical
5938,853,22,3,11,13,1:24.975,1:24.648,NULL,historical
5939,853,813,3,12,14,1:24.798,1:24.726,NULL,historical
5940,853,815,15,17,15,1:25.113,1:24.845,NULL,historical
5941,853,67,5,18,16,1:25.164,1:24.932,NULL,historical
5942,853,155,15,16,17,1:24.879,1:25.065,NULL,historical
5943,853,153,5,19,18,1:25.334,NULL,NULL,historical
5944,853,15,205,21,19,1:26.647,NULL,NULL,historical
5945,853,5,205,20,20,1:27.184,NULL,NULL,historical
5946,853,10,166,24,21,1:27.591,NULL,NULL,historical
5947,853,816,166,25,22,1:27.609,NULL,NULL,historical
5948,853,817,164,22,23,1:28.054,NULL,NULL,historical
5949,853,24,164,23,24,1:28.231,NULL,NULL,historical
5950,903,1,131,44,1,1:55.516,1:54.029,1:53.860,historical
5951,903,817,9,3,2,1:56.641,1:55.302,1:54.455,historical
5952,903,20,9,1,3,1:55.926,1:54.499,1:54.960,historical
5953,903,3,131,6,4,1:56.058,1:55.294,1:55.143,historical
5954,903,4,6,14,5,1:56.961,1:55.765,1:55.637,historical
5955,903,13,3,19,6,1:56.850,1:56.757,1:56.147,historical
5956,903,822,3,77,7,1:56.501,1:56.253,1:56.282,historical
5957,903,807,10,27,8,1:55.913,1:56.847,1:56.366,historical
5958,903,818,5,25,9,1:57.477,1:56.584,1:56.773,historical
5959,903,154,208,8,10,1:58.411,1:56.407,1:57.079,historical
5960,903,8,6,7,11,1:58.279,1:56.860,NULL,historical
5961,903,18,1,22,12,1:57.783,1:56.963,NULL,historical
5962,903,826,5,26,13,1:57.261,1:57.289,NULL,historical
5963,903,16,15,99,14,1:58.138,1:57.393,NULL,historical
5964,903,825,1,20,15,1:57.369,1:57.675,NULL,historical
5965,903,815,10,11,16,1:58.362,1:58.264,NULL,historical
5966,903,821,15,21,17,1:58.988,NULL,NULL,historical
5967,903,155,207,10,18,1:59.260,NULL,NULL,historical
5968,903,824,206,17,19,1:59.326,NULL,NULL,historical
5969,903,828,207,9,20,2:00.646,NULL,NULL,historical
5970,903,820,206,4,21,2:00.865,NULL,NULL,historical
5971,903,813,208,13,22,NULL,NULL,NULL,historical
5972,904,1,131,44,1,1:27.238,1:26.210,1:25.232,historical
5973,904,3,131,6,2,1:26.764,1:26.088,1:25.400,historical
5974,904,817,9,3,3,1:28.053,1:26.613,1:26.285,historical
5975,904,822,3,77,4,1:28.198,1:27.563,1:26.632,historical
5976,904,154,208,8,5,1:28.472,1:27.258,1:26.960,historical
5977,904,8,6,7,6,1:28.308,1:27.335,1:27.104,historical
5978,904,4,6,14,7,1:28.329,1:27.602,1:27.140,historical
5979,904,18,1,22,8,1:28.279,1:27.570,1:27.335,historical
5980,904,13,3,19,9,1:28.061,1:27.016,1:27.402,historical
5981,904,20,9,1,10,1:27.958,1:27.052,NULL,historical
5982,904,807,10,27,11,1:28.155,1:27.685,NULL,historical
5983,904,815,10,11,12,1:28.469,1:28.002,NULL,historical
5984,904,826,5,26,13,1:28.074,1:28.039,NULL,historical
5985,904,821,15,21,14,1:28.374,1:28.280,NULL,historical
5986,904,825,1,20,15,1:28.389,NULL,NULL,historical
5987,904,818,5,25,16,1:28.194,NULL,NULL,historical
5988,904,16,15,99,17,1:28.563,NULL,NULL,historical
5989,904,820,206,4,18,1:29.586,NULL,NULL,historical
5990,904,824,206,17,19,1:30.177,NULL,NULL,historical
5991,904,828,207,9,20,1:30.312,NULL,NULL,historical
5992,904,155,207,10,21,1:30.375,NULL,NULL,historical
5993,904,813,208,13,22,NULL,NULL,NULL,historical
5994,905,3,131,6,1,1:17.678,1:16.465,1:15.989,historical
5995,905,1,131,44,2,1:17.823,1:16.354,1:16.048,historical
5996,905,817,9,3,3,1:17.900,1:17.233,1:16.384,historical
5997,905,20,9,1,4,1:18.383,1:17.074,1:16.547,historical
5998,905,4,6,14,5,1:17.853,1:17.200,1:16.686,historical
5999,905,8,6,7,6,1:17.902,1:17.398,1:17.389,historical
6000,905,818,5,25,7,1:17.557,1:17.657,1:17.540,historical
6001,905,825,1,20,8,1:17.978,1:17.609,1:17.555,historical
6002,905,826,5,26,9,1:18.616,1:17.594,1:18.090,historical
6003,905,815,10,11,10,1:18.108,1:17.755,1:18.327,historical
6004,905,807,10,27,11,1:18.432,1:17.846,NULL,historical
6005,905,18,1,22,12,1:17.890,1:17.988,NULL,historical
6006,905,822,3,77,13,1:18.407,1:18.082,NULL,historical
6007,905,154,208,8,14,1:18.335,1:18.196,NULL,historical
6008,905,813,208,13,15,1:18.585,1:18.356,NULL,historical
6009,905,13,3,19,16,1:18.209,NULL,NULL,historical
6010,905,821,15,21,17,1:18.741,NULL,NULL,historical
6011,905,16,15,99,18,1:18.745,NULL,NULL,historical
6012,905,824,206,17,19,1:19.332,NULL,NULL,historical
6013,905,820,206,4,20,1:19.928,NULL,NULL,historical
6014,905,155,207,10,21,1:20.133,NULL,NULL,historical
6015,905,828,207,9,22,1:21.732,NULL,NULL,historical
6016,906,3,131,6,1,1:16.471,1:15.289,1:14.874,historical
6017,906,1,131,44,2,1:15.750,1:15.054,1:14.953,historical
6018,906,20,9,1,3,1:17.470,1:16.109,1:15.548,historical
6019,906,822,3,77,4,1:16.772,1:15.806,1:15.550,historical
6020,906,13,3,19,5,1:16.666,1:15.773,1:15.578,historical
6021,906,817,9,3,6,1:17.113,1:15.897,1:15.589,historical
6022,906,4,6,14,7,1:17.010,1:16.131,1:15.814,historical
6023,906,818,5,25,8,1:17.178,1:16.255,1:16.162,historical
6024,906,18,1,22,9,1:16.631,1:16.214,1:16.182,historical
6025,906,8,6,7,10,1:17.013,1:16.245,1:16.214,historical
6026,906,807,10,27,11,1:16.897,1:16.300,NULL,historical
6027,906,825,1,20,12,1:16.446,1:16.310,NULL,historical
6028,906,815,10,11,13,1:18.235,1:16.472,NULL,historical
6029,906,154,208,8,14,1:17.732,1:16.687,NULL,historical
6030,906,826,5,26,15,1:16.938,1:16.713,NULL,historical
6031,906,16,15,99,16,1:17.519,1:17.314,NULL,historical
6032,906,813,208,13,17,1:18.328,NULL,NULL,historical
6033,906,820,206,4,18,1:18.348,NULL,NULL,historical
6034,906,824,206,17,19,1:18.359,NULL,NULL,historical
6035,906,155,207,10,20,1:19.278,NULL,NULL,historical
6036,906,828,207,9,21,1:19.820,NULL,NULL,historical
6037,906,821,15,21,22,NULL,NULL,NULL,historical
6038,907,13,3,19,1,1:10.292,1:09.239,1:08.759,historical
6039,907,822,3,77,2,1:10.356,1:09.096,1:08.846,historical
6040,907,3,131,6,3,1:09.695,1:08.974,1:08.944,historical
6041,907,4,6,14,4,1:10.405,1:09.479,1:09.285,historical
6042,907,817,9,3,5,1:10.395,1:09.638,1:09.466,historical
6043,907,825,1,20,6,1:10.081,1:09.473,1:09.515,historical
6044,907,826,5,26,7,1:09.678,1:09.490,1:09.619,historical
6045,907,8,6,7,8,1:10.285,1:09.657,1:10.795,historical
6046,907,1,131,44,9,1:09.514,1:09.092,NULL,historical
6047,907,807,10,27,10,1:10.389,1:09.624,NULL,historical
6048,907,815,10,11,11,1:10.124,1:09.754,NULL,historical
6049,907,18,1,22,12,1:10.252,1:09.780,NULL,historical
6050,907,20,9,1,13,1:10.630,1:09.801,NULL,historical
6051,907,813,208,13,14,1:10.821,1:09.939,NULL,historical
6052,907,818,5,25,15,1:10.161,1:10.073,NULL,historical
6053,907,154,208,8,16,1:10.461,1:10.642,NULL,historical
6054,907,16,15,99,17,1:10.825,NULL,NULL,historical
6055,907,821,15,21,18,1:11.349,NULL,NULL,historical
6056,907,824,206,17,19,1:11.412,NULL,NULL,historical
6057,907,155,207,10,20,1:11.673,NULL,NULL,historical
6058,907,820,206,4,21,1:11.775,NULL,NULL,historical
6059,907,828,207,9,22,1:12.673,NULL,NULL,historical
6060,908,3,131,6,1,1:40.380,1:35.179,1:35.766,historical
6061,908,20,9,1,2,1:45.086,1:36.410,1:37.386,historical
6062,908,18,1,22,3,1:44.425,1:36.579,1:38.200,historical
6063,908,807,10,27,4,1:41.271,1:37.112,1:38.329,historical
6064,908,825,1,20,5,1:42.507,1:37.370,1:38.417,historical
6065,908,1,131,44,6,1:41.058,1:34.870,1:39.232,historical
6066,908,815,10,11,7,1:42.146,1:37.350,1:40.457,historical
6067,908,817,9,3,8,1:44.710,1:38.166,1:40.606,historical
6068,908,826,5,26,9,1:41.032,1:36.813,1:40.707,historical
6069,908,818,5,25,10,1:43.040,1:37.800,1:40.855,historical
6070,908,154,208,8,11,1:43.121,1:38.496,NULL,historical
6071,908,824,206,17,12,1:41.169,1:38.709,NULL,historical
6072,908,820,206,4,13,1:42.082,1:39.800,NULL,historical
6073,908,821,15,21,14,1:43.285,1:40.912,NULL,historical
6074,908,813,208,13,15,1:43.892,1:44.018,NULL,historical
6075,908,16,15,99,16,1:42.603,NULL,NULL,historical
6076,908,822,3,77,17,1:45.318,NULL,NULL,historical
6077,908,13,3,19,18,1:45.695,NULL,NULL,historical
6078,908,4,6,14,19,1:45.935,NULL,NULL,historical
6079,908,8,6,7,20,1:46.684,NULL,NULL,historical
6080,908,828,207,9,21,1:49.421,NULL,NULL,historical
6081,908,155,207,10,22,1:49.625,NULL,NULL,historical
6082,909,3,131,6,1,1:17.631,1:17.109,1:16.540,historical
6083,909,822,3,77,2,1:18.215,1:17.353,1:16.759,historical
6084,909,13,3,19,3,1:18.381,1:17.370,1:17.078,historical
6085,909,825,1,20,4,1:18.260,1:17.788,1:17.214,historical
6086,909,817,9,3,5,1:18.117,1:17.855,1:17.273,historical
6087,909,20,9,1,6,1:18.194,1:17.646,1:17.577,historical
6088,909,4,6,14,7,1:18.389,1:17.866,1:17.649,historical
6089,909,826,5,26,8,1:18.530,1:18.103,1:17.965,historical
6090,909,807,10,27,9,1:18.927,1:18.017,1:18.014,historical
6091,909,815,10,11,10,1:18.916,1:18.161,1:18.035,historical
6092,909,18,1,22,11,1:18.425,1:18.193,NULL,historical
6093,909,8,6,7,12,1:18.534,1:18.273,NULL,historical
6094,909,818,5,25,13,1:18.496,1:18.285,NULL,historical
6095,909,821,15,21,14,1:18.739,1:18.787,NULL,historical
6096,909,154,208,8,15,1:18.894,1:18.983,NULL,historical
6097,909,1,131,44,16,1:18.683,NULL,NULL,historical
6098,909,16,15,99,17,1:19.142,NULL,NULL,historical
6099,909,824,206,17,18,1:19.676,NULL,NULL,historical
6100,909,813,208,13,19,1:20.195,NULL,NULL,historical
6101,909,155,207,10,20,1:20.408,NULL,NULL,historical
6102,909,820,206,4,21,1:20.489,NULL,NULL,historical
6103,909,828,207,9,22,NULL,NULL,NULL,historical
6104,910,3,131,6,1,1:25.227,1:23.310,1:22.715,historical
6105,910,20,9,1,2,1:25.662,1:23.606,1:23.201,historical
6106,910,822,3,77,3,1:25.690,1:23.776,1:23.354,historical
6107,910,817,9,3,4,1:25.495,1:23.676,1:23.391,historical
6108,910,4,6,14,5,1:26.087,1:24.249,1:23.909,historical
6109,910,13,3,19,6,1:26.592,1:24.030,1:24.223,historical
6110,910,18,1,22,7,1:26.612,1:24.502,1:24.294,historical
6111,910,818,5,25,8,1:24.941,1:24.637,1:24.720,historical
6112,910,807,10,27,9,1:26.149,1:24.647,1:24.775,historical
6113,910,825,1,20,10,1:26.578,1:24.585,NULL,historical
6114,910,826,5,26,11,1:25.361,1:24.706,NULL,historical
6115,910,16,15,99,12,1:26.027,1:25.136,NULL,historical
6116,910,815,10,11,13,1:25.910,1:25.211,NULL,historical
6117,910,821,15,21,14,1:25.709,1:25.260,NULL,historical
6118,910,154,208,8,15,1:26.136,1:25.337,NULL,historical
6119,910,824,206,17,16,1:26.728,1:27.419,NULL,historical
6120,910,8,6,7,17,1:26.792,NULL,NULL,historical
6121,910,155,207,10,18,1:27.139,NULL,NULL,historical
6122,910,820,206,4,19,1:27.819,NULL,NULL,historical
6123,910,828,207,9,20,1:28.643,NULL,NULL,historical
6124,910,1,131,44,21,NULL,NULL,NULL,historical
6125,910,813,208,13,22,NULL,NULL,NULL,historical
6126,911,3,131,6,1,2:07.130,2:06.723,2:05.591,historical
6127,911,1,131,44,2,2:07.280,2:06.609,2:05.819,historical
6128,911,20,9,1,3,2:10.105,2:08.868,2:07.717,historical
6129,911,4,6,14,4,2:10.197,2:08.450,2:07.786,historical
6130,911,817,9,3,5,2:10.089,2:08.989,2:07.911,historical
6131,911,822,3,77,6,2:09.250,2:08.451,2:08.049,historical
6132,911,825,1,20,7,2:11.081,2:08.901,2:08.679,historical
6133,911,8,6,7,8,2:09.885,2:08.646,2:08.780,historical
6134,911,13,3,19,9,2:08.403,2:08.833,2:09.178,historical
6135,911,18,1,22,10,2:10.529,2:09.272,2:09.776,historical
6136,911,826,5,26,11,2:10.445,2:09.377,NULL,historical
6137,911,818,5,25,12,2:09.811,2:09.805,NULL,historical
6138,911,815,10,11,13,2:10.666,2:10.084,NULL,historical
6139,911,16,15,99,14,2:11.051,2:10.238,NULL,historical
6140,911,154,208,8,15,2:10.898,2:11.087,NULL,historical
6141,911,824,206,17,16,2:11.051,2:12.470,NULL,historical
6142,911,813,208,13,17,2:11.261,NULL,NULL,historical
6143,911,807,10,27,18,2:11.267,NULL,NULL,historical
6144,911,820,206,4,19,2:12.566,NULL,NULL,historical
6145,911,821,15,21,20,2:13.414,NULL,NULL,historical
6146,911,827,207,45,21,2:13.469,NULL,NULL,historical
6147,911,828,207,9,22,2:14.438,NULL,NULL,historical
6148,912,1,131,44,1,1:25.363,1:24.560,1:24.109,historical
6149,912,3,131,6,2,1:25.493,1:24.600,1:24.383,historical
6150,912,822,3,77,3,1:26.012,1:24.858,1:24.697,historical
6151,912,13,3,19,4,1:25.528,1:25.046,1:24.865,historical
6152,912,825,1,20,5,1:26.337,1:25.973,1:25.314,historical
6153,912,18,1,22,6,1:26.328,1:25.630,1:25.379,historical
6154,912,4,6,14,7,1:26.514,1:25.525,1:25.430,historical
6155,912,20,9,1,8,1:26.631,1:25.769,1:25.436,historical
6156,912,817,9,3,9,1:26.721,1:25.946,1:25.709,historical
6157,912,815,10,11,10,1:26.569,1:25.863,1:25.944,historical
6158,912,826,5,26,11,1:26.261,1:26.070,NULL,historical
6159,912,8,6,7,12,1:26.689,1:26.110,NULL,historical
6160,912,818,5,25,13,1:26.140,1:26.157,NULL,historical
6161,912,807,10,27,14,1:26.371,1:26.279,NULL,historical
6162,912,16,15,99,15,1:27.034,1:26.588,NULL,historical
6163,912,821,15,21,16,1:26.999,1:26.692,NULL,historical
6164,912,813,208,13,17,1:27.520,NULL,NULL,historical
6165,912,154,208,8,18,1:27.632,NULL,NULL,historical
6166,912,155,207,10,19,1:27.671,NULL,NULL,historical
6167,912,824,206,17,20,1:27.738,NULL,NULL,historical
6168,912,820,206,4,21,1:28.247,NULL,NULL,historical
6169,912,828,207,9,22,1:28.562,NULL,NULL,historical
6170,913,1,131,44,1,1:46.921,1:46.287,1:45.681,historical
6171,913,3,131,6,2,1:47.244,1:45.825,1:45.688,historical
6172,913,817,9,3,3,1:47.488,1:46.493,1:45.854,historical
6173,913,20,9,1,4,1:47.476,1:46.586,1:45.902,historical
6174,913,4,6,14,5,1:46.889,1:46.328,1:45.907,historical
6175,913,13,3,19,6,1:47.615,1:46.472,1:46.000,historical
6176,913,8,6,7,7,1:46.685,1:46.359,1:46.170,historical
6177,913,822,3,77,8,1:47.196,1:46.622,1:46.187,historical
6178,913,825,1,20,9,1:47.976,1:46.700,1:46.250,historical
6179,913,826,5,26,10,1:47.656,1:46.926,1:47.362,historical
6180,913,18,1,22,11,1:47.161,1:46.943,NULL,historical
6181,913,818,5,25,12,1:47.407,1:46.989,NULL,historical
6182,913,807,10,27,13,1:47.370,1:47.308,NULL,historical
6183,913,821,15,21,14,1:47.970,1:47.333,NULL,historical
6184,913,815,10,11,15,1:48.143,1:47.575,NULL,historical
6185,913,154,208,8,16,1:47.862,1:47.812,NULL,historical
6186,913,16,15,99,17,1:48.324,NULL,NULL,historical
6187,913,813,208,13,18,1:49.063,NULL,NULL,historical
6188,913,824,206,17,19,1:49.440,NULL,NULL,historical
6189,913,155,207,10,20,1:50.405,NULL,NULL,historical
6190,913,820,206,4,21,1:50.473,NULL,NULL,historical
6191,913,828,207,9,22,1:52.287,NULL,NULL,historical
6192,914,3,131,6,1,1:33.671,1:32.950,1:32.506,historical
6193,914,1,131,44,2,1:33.611,1:32.982,1:32.703,historical
6194,914,822,3,77,3,1:34.301,1:33.443,1:33.128,historical
6195,914,13,3,19,4,1:34.483,1:33.551,1:33.527,historical
6196,914,4,6,14,5,1:34.497,1:33.675,1:33.740,historical
6197,914,817,9,3,6,1:35.593,1:34.466,1:34.075,historical
6198,914,825,1,20,7,1:34.930,1:34.229,1:34.242,historical
6199,914,18,1,22,8,1:35.150,1:34.648,1:34.317,historical
6200,914,20,9,1,9,1:35.517,1:34.784,1:34.432,historical
6201,914,8,6,7,10,1:34.984,1:34.771,1:34.548,historical
6202,914,818,5,25,11,1:35.155,1:34.984,NULL,historical
6203,914,815,10,11,12,1:35.439,1:35.089,NULL,historical
6204,914,826,5,26,13,1:35.210,1:35.092,NULL,historical
6205,914,807,10,27,14,1:35.000,1:35.099,NULL,historical
6206,914,16,15,99,15,1:35.736,1:35.364,NULL,historical
6207,914,821,15,21,16,1:35.308,1:35.681,NULL,historical
6208,914,813,208,13,17,1:35.917,NULL,NULL,historical
6209,914,154,208,8,18,1:35.984,NULL,NULL,historical
6210,914,828,207,9,19,1:36.813,NULL,NULL,historical
6211,914,824,206,17,20,1:36.943,NULL,NULL,historical
6212,914,155,207,10,21,1:37.015,NULL,NULL,historical
6213,914,820,206,4,22,1:37.481,NULL,NULL,historical
6214,915,1,131,44,1,1:38.759,1:38.338,1:38.513,historical
6215,915,3,131,6,2,1:39.076,1:38.606,1:38.713,historical
6216,915,822,3,77,3,1:39.125,1:38.971,1:38.920,historical
6217,915,18,1,22,4,1:39.560,1:39.381,1:39.121,historical
6218,915,826,5,26,5,1:40.074,1:39.296,1:39.277,historical
6219,915,825,1,20,6,1:39.735,1:39.022,1:39.629,historical
6220,915,817,9,3,7,1:40.519,1:39.666,1:39.635,historical
6221,915,4,6,14,8,1:40.255,1:39.786,1:39.709,historical
6222,915,8,6,7,9,1:40.098,1:39.838,1:39.771,historical
6223,915,818,5,25,10,1:40.354,1:39.929,1:40.020,historical
6224,915,20,9,1,11,1:40.382,1:40.052,NULL,historical
6225,915,807,10,27,12,1:40.273,1:40.058,NULL,historical
6226,915,815,10,11,13,1:40.723,1:40.163,NULL,historical
6227,915,821,15,21,14,1:41.159,1:40.536,NULL,historical
6228,915,16,15,99,15,1:40.766,1:40.984,NULL,historical
6229,915,154,208,8,16,1:42.526,1:41.397,NULL,historical
6230,915,828,207,9,17,1:42.648,NULL,NULL,historical
6231,915,13,3,19,18,1:43.064,NULL,NULL,historical
6232,915,155,207,10,19,1:43.166,NULL,NULL,historical
6233,915,813,208,13,20,1:43.205,NULL,NULL,historical
6234,915,820,206,4,21,1:43.649,NULL,NULL,historical
6235,916,3,131,6,1,1:38.303,1:36.290,1:36.067,historical
6236,916,1,131,44,2,1:37.196,1:37.287,1:36.443,historical
6237,916,822,3,77,3,1:38.249,1:37.499,1:36.906,historical
6238,916,13,3,19,4,1:37.877,1:37.347,1:37.205,historical
6239,916,817,9,3,5,1:38.814,1:37.873,1:37.244,historical
6240,916,4,6,14,6,1:38.349,1:38.010,1:37.610,historical
6241,916,18,1,22,7,1:38.574,1:38.024,1:37.655,historical
6242,916,825,1,20,8,1:38.557,1:38.047,1:37.706,historical
6243,916,8,6,7,9,1:38.669,1:38.263,1:37.804,historical
6244,916,16,15,99,10,1:38.855,1:38.378,1:38.810,historical
6245,916,813,208,13,11,1:38.608,1:38.467,NULL,historical
6246,916,815,10,11,12,1:39.200,1:38.554,NULL,historical
6247,916,807,10,27,13,1:38.931,1:38.598,NULL,historical
6248,916,826,5,26,14,1:38.936,1:38.699,NULL,historical
6249,916,818,5,25,15,1:39.250,NULL,NULL,historical
6250,916,821,15,21,16,1:39.555,NULL,NULL,historical
6251,916,20,9,1,17,1:39.621,NULL,NULL,historical
6252,916,154,208,8,18,1:39.679,NULL,NULL,historical
6253,917,3,131,6,1,1:10.347,1:10.303,1:10.023,historical
6254,917,1,131,44,2,1:10.457,1:10.712,1:10.056,historical
6255,917,13,3,19,3,1:10.602,1:10.343,1:10.247,historical
6256,917,822,3,77,4,1:10.832,1:10.421,1:10.305,historical
6257,917,18,1,22,5,1:11.097,1:11.127,1:10.930,historical
6258,917,20,9,1,6,1:11.880,1:11.129,1:10.938,historical
6259,917,825,1,20,7,1:11.134,1:11.211,1:10.969,historical
6260,917,4,6,14,8,1:11.558,1:11.215,1:10.977,historical
6261,917,817,9,3,9,1:11.593,1:11.208,1:11.075,historical
6262,917,8,6,7,10,1:11.193,1:11.188,1:11.099,historical
6263,917,821,15,21,11,1:11.520,1:11.591,NULL,historical
6264,917,807,10,27,12,1:11.848,1:11.976,NULL,historical
6265,917,16,15,99,13,1:11.943,1:12.099,NULL,historical
6266,917,826,5,26,14,1:11.423,NULL,NULL,historical
6267,917,154,208,8,15,1:12.037,NULL,NULL,historical
6268,917,818,5,25,16,1:12.040,NULL,NULL,historical
6269,917,815,10,11,17,1:12.076,NULL,NULL,historical
6270,917,813,208,13,18,1:12.233,NULL,NULL,historical
6305,918,821,15,21,15,1:42.819,NULL,NULL,historical
6304,918,154,208,8,14,1:42.768,NULL,NULL,historical
6303,918,16,15,99,13,1:42.746,1:43.074,NULL,historical
6302,918,807,10,27,12,1:42.444,1:42.384,NULL,historical
6301,918,815,10,11,11,1:42.654,1:42.239,NULL,historical
6300,918,818,5,25,10,1:42.413,1:42.207,NULL,historical
6299,918,825,1,20,9,1:42.104,1:42.198,NULL,historical
6298,918,4,6,14,8,1:42.467,1:41.940,1:42.866,historical
6297,918,8,6,7,7,1:42.439,1:42.168,1:42.236,historical
6296,918,18,1,22,6,1:42.137,1:41.875,1:41.964,historical
6295,918,826,5,26,5,1:42.302,1:42.082,1:41.908,historical
6294,918,13,3,19,4,1:41.475,1:41.144,1:41.119,historical
6293,918,822,3,77,3,1:42.346,1:41.376,1:41.025,historical
6292,918,1,131,44,2,1:41.207,1:40.920,1:40.866,historical
6291,918,3,131,6,1,1:41.308,1:41.459,1:40.480,historical
6306,918,813,208,13,16,1:42.860,NULL,NULL,historical
6307,918,155,207,10,17,1:44.540,NULL,NULL,historical
6308,918,829,207,46,18,1:45.095,NULL,NULL,historical
6309,926,1,131,44,1,1:28.586,1:26.894,1:26.327,historical
6310,926,3,131,6,2,1:28.906,1:27.097,1:26.921,historical
6311,926,13,3,19,3,1:29.246,1:27.895,1:27.718,historical
6312,926,20,6,5,4,1:29.307,1:27.742,1:27.757,historical
6313,926,8,6,7,5,1:29.754,1:27.807,1:27.790,historical
6314,926,822,3,77,6,1:29.641,1:27.796,1:28.087,historical
6315,926,817,9,3,7,1:29.788,1:28.679,1:28.329,historical
6316,926,832,5,55,8,1:29.597,1:28.601,1:28.510,historical
6317,926,154,208,8,9,1:29.537,1:28.589,1:28.560,historical
6318,926,813,208,13,10,1:29.847,1:28.726,1:29.480,historical
6319,926,831,15,12,11,1:30.430,1:28.800,NULL,historical
6320,926,830,5,33,12,1:29.248,1:28.868,NULL,historical
6321,926,826,9,26,13,1:30.402,1:29.070,NULL,historical
6322,926,807,10,27,14,1:29.651,1:29.208,NULL,historical
6323,926,815,10,11,15,1:29.990,1:29.209,NULL,historical
6324,926,828,15,9,16,1:31.376,NULL,NULL,historical
6325,926,18,1,22,17,1:31.422,NULL,NULL,historical
6326,926,825,1,20,18,1:32.037,NULL,NULL,historical
6327,927,1,131,44,1,1:39.269,1:41.517,1:49.834,historical
6328,927,20,6,5,2,1:39.814,1:39.632,1:49.908,historical
6329,927,3,131,6,3,1:39.374,1:39.377,1:50.299,historical
6330,927,817,9,3,4,1:40.504,1:41.085,1:51.541,historical
6331,927,826,9,26,5,1:40.546,1:41.665,1:51.951,historical
6332,927,830,5,33,6,1:40.793,1:41.430,1:51.981,historical
6333,927,13,3,19,7,1:40.543,1:41.230,1:52.473,historical
6334,927,154,208,8,8,1:40.303,1:41.209,1:52.981,historical
6335,927,822,3,77,9,1:40.249,1:40.650,1:53.179,historical
6336,927,828,15,9,10,1:40.340,1:41.748,1:53.261,historical
6337,927,8,6,7,11,1:40.415,1:42.173,NULL,historical
6338,927,813,208,13,12,1:40.361,1:42.198,NULL,historical
6339,927,807,10,27,13,1:40.830,1:43.023,NULL,historical
6340,927,815,10,11,14,1:41.036,1:43.469,NULL,historical
6341,927,832,5,55,15,1:39.814,1:43.701,NULL,historical
6342,927,831,15,12,16,1:41.308,NULL,NULL,historical
6343,927,18,1,22,17,1:41.636,NULL,NULL,historical
6344,927,4,1,14,18,1:41.746,NULL,NULL,historical
6345,927,833,209,98,19,1:46.677,NULL,NULL,historical
6346,928,1,131,44,1,1:38.285,1:36.423,1:35.782,historical
6347,928,3,131,6,2,1:38.496,1:36.747,1:35.828,historical
6348,928,20,6,5,3,1:37.502,1:36.957,1:36.687,historical
6349,928,13,3,19,4,1:38.433,1:37.357,1:36.954,historical
6350,928,822,3,77,5,1:38.014,1:37.763,1:37.143,historical
6351,928,8,6,7,6,1:37.790,1:37.109,1:37.232,historical
6352,928,817,9,3,7,1:38.534,1:37.939,1:37.540,historical
6353,928,154,208,8,8,1:38.209,1:38.063,1:37.905,historical
6354,928,831,15,12,9,1:38.521,1:38.017,1:38.067,historical
6355,928,828,15,9,10,1:38.941,1:38.127,1:38.158,historical
6356,928,813,208,13,11,1:38.563,1:38.134,NULL,historical
6357,928,826,9,26,12,1:39.051,1:38.209,NULL,historical
6358,928,830,5,33,13,1:38.387,1:38.393,NULL,historical
6359,928,832,5,55,14,1:38.622,1:38.538,NULL,historical
6360,928,815,10,11,15,1:38.903,1:39.290,NULL,historical
6361,928,807,10,27,16,1:39.216,NULL,NULL,historical
6362,928,18,1,22,17,1:39.276,NULL,NULL,historical
6363,928,4,1,14,18,1:39.280,NULL,NULL,historical
6364,928,829,209,28,19,1:42.091,NULL,NULL,historical
6365,928,833,209,98,20,1:42.842,NULL,NULL,historical
6366,929,1,131,44,1,1:33.928,1:32.669,1:32.571,historical
6367,929,20,6,5,2,1:34.919,1:33.623,1:32.982,historical
6368,929,3,131,6,3,1:34.398,1:33.878,1:33.129,historical
6369,929,8,6,7,4,1:34.568,1:33.540,1:33.227,historical
6370,929,822,3,77,5,1:34.161,1:33.897,1:33.381,historical
6371,929,13,3,19,6,1:34.488,1:33.551,1:33.744,historical
6372,929,817,9,3,7,1:34.691,1:34.403,1:33.832,historical
6373,929,807,10,27,8,1:35.653,1:34.613,1:34.450,historical
6374,929,832,5,55,9,1:35.371,1:34.641,1:34.462,historical
6375,929,154,208,8,10,1:35.007,1:34.123,1:34.484,historical
6376,929,815,10,11,11,1:35.451,1:34.704,NULL,historical
6377,929,831,15,12,12,1:35.310,1:34.737,NULL,historical
6378,929,828,15,9,13,1:35.438,1:35.034,NULL,historical
6379,929,4,1,14,14,1:35.205,1:35.039,NULL,historical
6380,929,830,5,33,15,1:35.611,1:35.103,NULL,historical
6381,929,813,208,13,16,1:35.677,NULL,NULL,historical
6382,929,826,9,26,17,1:35.800,NULL,NULL,historical
6383,929,829,209,28,18,1:38.713,NULL,NULL,historical
6384,929,833,209,98,19,1:39.722,NULL,NULL,historical
6385,930,3,131,6,1,1:26.490,1:25.166,1:24.681,historical
6386,930,1,131,44,2,1:26.382,1:25.740,1:24.948,historical
6387,930,20,6,5,3,1:27.534,1:26.167,1:25.458,historical
6388,930,822,3,77,4,1:27.262,1:26.197,1:25.694,historical
6389,930,832,5,55,5,1:26.773,1:26.475,1:26.136,historical
6390,930,830,5,33,6,1:27.393,1:26.441,1:26.249,historical
6391,930,8,6,7,7,1:26.637,1:26.016,1:26.414,historical
6392,930,826,9,26,8,1:27.833,1:26.889,1:26.629,historical
6393,930,13,3,19,9,1:27.165,1:26.147,1:26.757,historical
6394,930,817,9,3,10,1:27.611,1:26.692,1:26.770,historical
6395,930,154,208,8,11,1:27.383,1:27.375,NULL,historical
6396,930,813,208,13,12,1:27.281,1:27.450,NULL,historical
6397,930,4,1,14,13,1:27.941,1:27.760,NULL,historical
6398,930,18,1,22,14,1:27.813,1:27.854,NULL,historical
6399,930,831,15,12,15,1:27.625,1:28.005,NULL,historical
6400,930,828,15,9,16,1:28.112,NULL,NULL,historical
6401,930,807,10,27,17,1:28.365,NULL,NULL,historical
6402,930,815,10,11,18,1:28.442,NULL,NULL,historical
6403,930,829,209,28,19,1:31.200,NULL,NULL,historical
6404,930,833,209,98,20,1:32.038,NULL,NULL,historical
6405,931,1,131,44,1,1:16.588,1:15.864,1:15.098,historical
6406,931,3,131,6,2,1:16.528,1:15.471,1:15.440,historical
6407,931,20,6,5,3,1:17.502,1:16.181,1:15.849,historical
6408,931,817,9,3,4,1:17.254,1:16.706,1:16.041,historical
6409,931,826,9,26,5,1:16.845,1:16.453,1:16.182,historical
6410,931,8,6,7,6,1:17.660,1:16.440,1:16.427,historical
6411,931,815,10,11,7,1:17.376,1:16.999,1:16.808,historical
6412,931,832,5,55,8,1:17.246,1:16.762,1:16.931,historical
6413,931,813,208,13,9,1:17.630,1:16.775,1:16.946,historical
6414,931,830,5,33,10,1:16.750,1:16.546,1:16.957,historical
6415,931,154,208,8,11,1:17.767,1:17.007,NULL,historical
6416,931,18,1,22,12,1:17.492,1:17.093,NULL,historical
6417,931,807,10,27,13,1:17.552,1:17.193,NULL,historical
6418,931,13,3,19,14,1:17.679,1:17.278,NULL,historical
6419,931,4,1,14,15,1:17.778,1:26.632,NULL,historical
6420,931,831,15,12,16,1:18.101,NULL,NULL,historical
6421,931,822,3,77,17,1:18.434,NULL,NULL,historical
6422,931,828,15,9,18,1:18.513,NULL,NULL,historical
6423,931,829,209,28,19,1:20.655,NULL,NULL,historical
6424,931,833,209,98,20,1:20.904,NULL,NULL,historical
6425,932,1,131,44,1,1:15.895,1:14.661,1:14.393,historical
6426,932,3,131,6,2,1:15.893,1:14.673,1:14.702,historical
6427,932,8,6,7,3,1:16.259,1:15.348,1:15.014,historical
6428,932,822,3,77,4,1:16.552,1:15.506,1:15.102,historical
6429,932,154,208,8,5,1:15.833,1:15.187,1:15.194,historical
6430,932,813,208,13,6,1:16.098,1:15.622,1:15.329,historical
6431,932,807,10,27,7,1:16.186,1:15.706,1:15.614,historical
6432,932,826,9,26,8,1:16.415,1:15.891,1:16.079,historical
6433,932,817,9,3,9,1:16.410,1:16.006,1:16.114,historical
6434,932,815,10,11,10,1:16.827,1:15.974,1:16.338,historical
6435,932,832,5,55,11,1:16.611,1:16.042,NULL,historical
6436,932,830,5,33,12,1:16.361,1:16.245,NULL,historical
6437,932,828,15,9,13,1:16.796,1:16.262,NULL,historical
6438,932,4,1,14,14,1:17.012,1:16.276,NULL,historical
6439,932,831,15,12,15,1:16.968,1:16.620,NULL,historical
6440,932,20,6,5,16,1:17.344,NULL,NULL,historical
6441,932,13,3,19,17,1:17.886,NULL,NULL,historical
6442,932,833,209,98,18,1:19.133,NULL,NULL,historical
6443,932,829,209,28,19,1:19.157,NULL,NULL,historical
6444,933,1,131,44,1,1:12.218,1:09.062,1:08.455,historical
6445,933,3,131,6,2,1:10.976,1:08.634,1:08.655,historical
6446,933,20,6,5,3,1:11.184,1:09.392,1:08.810,historical
6447,933,13,3,19,4,1:11.830,1:09.719,1:09.192,historical
6448,933,807,10,27,5,1:11.319,1:09.604,1:09.278,historical
6449,933,822,3,77,6,1:11.894,1:09.598,1:09.319,historical
6450,933,830,5,33,7,1:11.307,1:09.631,1:09.612,historical
6451,933,826,9,26,8,1:12.092,1:10.187,1:09.694,historical
6452,933,831,15,12,9,1:12.001,1:09.652,1:09.713,historical
6453,933,154,208,8,10,1:11.821,1:09.920,NULL,historical
6454,933,813,208,13,11,1:11.661,1:10.374,NULL,historical
6455,933,828,15,9,12,1:12.388,1:10.426,NULL,historical
6456,933,832,5,55,13,1:11.158,1:10.465,NULL,historical
6457,933,817,9,3,14,1:11.973,1:10.482,NULL,historical
6458,933,4,1,14,15,1:12.508,1:10.736,NULL,historical
6459,933,815,10,11,16,1:12.522,NULL,NULL,historical
6460,933,18,1,22,17,1:12.632,NULL,NULL,historical
6461,933,8,6,7,18,1:12.867,NULL,NULL,historical
6462,933,833,209,98,19,1:14.071,NULL,NULL,historical
6463,933,829,209,28,20,1:15.368,NULL,NULL,historical
6464,934,1,131,44,1,1:33.796,1:33.068,1:32.248,historical
6465,934,3,131,6,2,1:33.475,1:32.737,1:32.361,historical
6466,934,13,3,19,3,1:34.542,1:33.707,1:33.085,historical
6467,934,822,3,77,4,1:34.171,1:33.020,1:33.149,historical
6468,934,8,6,7,5,1:33.426,1:33.911,1:33.379,historical
6469,934,20,6,5,6,1:33.562,1:33.641,1:33.547,historical
6470,934,826,9,26,7,1:34.422,1:33.520,1:33.636,historical
6471,934,832,5,55,8,1:34.641,1:34.071,1:33.649,historical
6472,934,807,10,27,9,1:34.594,1:33.693,1:33.673,historical
6473,934,817,9,3,10,1:34.272,1:33.749,1:33.943,historical
6474,934,815,10,11,11,1:34.250,1:34.268,NULL,historical
6475,934,154,208,8,12,1:34.646,1:34.430,NULL,historical
6476,934,830,5,33,13,1:34.819,1:34.502,NULL,historical
6477,934,813,208,13,14,1:34.877,1:34.511,NULL,historical
6478,934,828,15,9,15,1:34.643,1:34.868,NULL,historical
6479,934,831,15,12,16,1:34.888,NULL,NULL,historical
6480,934,4,1,14,17,1:34.959,NULL,NULL,historical
6481,934,18,1,22,18,1:35.207,NULL,NULL,historical
6482,934,829,209,28,19,1:37.364,NULL,NULL,historical
6483,934,833,209,98,20,1:39.377,NULL,NULL,historical
6484,936,1,131,44,1,1:22.890,1:22.285,1:22.020,historical
6485,936,3,131,6,2,1:22.979,1:22.775,1:22.595,historical
6486,936,20,6,5,3,1:23.312,1:23.168,1:22.739,historical
6487,936,817,9,3,4,1:24.408,1:23.230,1:22.774,historical
6488,936,8,6,7,5,1:23.596,1:23.460,1:23.020,historical
6489,936,822,3,77,6,1:23.649,1:23.555,1:23.222,historical
6490,936,826,9,26,7,1:23.587,1:23.597,1:23.332,historical
6491,936,13,3,19,8,1:23.895,1:23.598,1:23.537,historical
6492,936,830,5,33,9,1:24.032,1:23.781,1:23.679,historical
6493,936,154,208,8,10,1:24.242,1:23.805,1:24.181,historical
6494,936,807,10,27,11,1:24.115,1:23.826,NULL,historical
6495,936,832,5,55,12,1:24.623,1:23.869,NULL,historical
6496,936,815,10,11,13,1:24.444,1:24.461,NULL,historical
6497,936,813,208,13,14,1:23.895,1:24.609,NULL,historical
6498,936,4,1,14,15,1:24.563,NULL,NULL,historical
6499,936,18,1,22,16,1:24.739,NULL,NULL,historical
6500,936,828,15,9,17,1:24.843,NULL,NULL,historical
6501,936,831,15,12,18,1:24.997,NULL,NULL,historical
6502,936,833,209,98,19,1:27.416,NULL,NULL,historical
6503,936,829,209,28,20,1:27.949,NULL,NULL,historical
6504,937,1,131,44,1,1:48.908,1:48.024,1:47.197,historical
6505,937,3,131,6,2,1:48.923,1:47.955,1:47.655,historical
6506,937,822,3,77,3,1:49.026,1:49.044,1:48.537,historical
6507,937,154,208,8,4,1:49.353,1:48.981,1:48.561,historical
6508,937,815,10,11,5,1:49.006,1:48.792,1:48.599,historical
6509,937,817,9,3,6,1:49.664,1:49.042,1:48.639,historical
6510,937,13,3,19,7,1:49.688,1:48.806,1:48.685,historical
6511,937,813,208,13,8,1:49.568,1:48.956,1:48.754,historical
6512,937,20,6,5,9,1:49.264,1:48.761,1:48.825,historical
6513,937,832,5,55,10,1:49.109,1:49.065,1:49.771,historical
6514,937,807,10,27,11,1:49.499,1:49.121,NULL,historical
6515,937,826,9,26,12,1:49.469,1:49.228,NULL,historical
6516,937,828,15,9,13,1:49.523,1:49.586,NULL,historical
6517,937,8,6,7,14,1:49.288,NULL,NULL,historical
6518,937,830,5,33,15,1:49.831,NULL,NULL,historical
6519,937,831,15,12,16,1:49.952,NULL,NULL,historical
6520,937,18,1,22,17,1:50.978,NULL,NULL,historical
6521,937,4,1,14,18,1:51.420,NULL,NULL,historical
6522,937,829,206,28,19,1:52.948,NULL,NULL,historical
6523,937,833,206,98,20,1:53.099,NULL,NULL,historical
6524,938,1,131,44,1,1:24.251,1:23.383,1:23.397,historical
6525,938,8,6,7,2,1:24.662,1:23.757,1:23.631,historical
6526,938,20,6,5,3,1:24.989,1:23.577,1:23.685,historical
6527,938,3,131,6,4,1:24.609,1:23.864,1:23.703,historical
6528,938,13,3,19,5,1:25.184,1:23.983,1:23.940,historical
6529,938,822,3,77,6,1:24.979,1:24.313,1:24.127,historical
6530,938,815,10,11,7,1:24.801,1:24.379,1:24.626,historical
6531,938,154,208,8,8,1:25.144,1:24.448,1:25.054,historical
6532,938,807,10,27,9,1:24.937,1:24.510,1:25.317,historical
6533,938,828,15,9,10,1:25.122,1:24.457,1:26.214,historical
6534,938,813,208,13,11,1:25.429,1:24.525,NULL,historical
6535,938,831,15,12,12,1:25.121,1:24.898,NULL,historical
6536,938,832,5,55,13,1:25.410,1:25.618,NULL,historical
6537,938,826,9,26,14,1:25.742,1:25.796,NULL,historical
6538,938,817,9,3,15,1:25.633,NULL,NULL,historical
6539,938,18,1,22,16,1:26.058,NULL,NULL,historical
6540,938,4,1,14,17,1:26.154,NULL,NULL,historical
6541,938,829,209,28,18,1:27.731,NULL,NULL,historical
6542,938,833,209,98,19,1:27.912,NULL,NULL,historical
6543,938,830,5,33,20,NULL,NULL,NULL,historical
6544,939,20,6,5,1,1:46.017,1:44.743,1:43.885,historical
6545,939,817,9,3,2,1:46.166,1:45.291,1:44.428,historical
6546,939,8,6,7,3,1:46.467,1:45.140,1:44.667,historical
6547,939,826,9,26,4,1:45.340,1:44.979,1:44.745,historical
6548,939,1,131,44,5,1:45.765,1:45.650,1:45.300,historical
6549,939,3,131,6,6,1:46.201,1:45.653,1:45.415,historical
6550,939,822,3,77,7,1:46.231,1:45.887,1:45.676,historical
6551,939,830,5,33,8,1:46.483,1:45.635,1:45.798,historical
6552,939,13,3,19,9,1:46.879,1:45.701,1:46.077,historical
6553,939,154,208,8,10,1:46.860,1:45.805,1:46.413,historical
6554,939,807,10,27,11,1:46.669,1:46.305,NULL,historical
6555,939,4,1,14,12,1:46.600,1:46.328,NULL,historical
6556,939,815,10,11,13,1:46.576,1:46.385,NULL,historical
6557,939,832,5,55,14,1:46.465,1:46.894,NULL,historical
6558,939,18,1,22,15,1:45.891,1:47.019,NULL,historical
6559,939,831,15,12,16,1:46.965,NULL,NULL,historical
6560,939,828,15,9,17,1:47.088,NULL,NULL,historical
6561,939,813,208,13,18,1:47.323,NULL,NULL,historical
6562,939,829,209,28,19,1:51.021,NULL,NULL,historical
6563,939,834,209,53,20,1:51.523,NULL,NULL,historical
6564,940,3,131,6,1,1:33.015,1:32.632,1:32.584,historical
6565,940,1,131,44,2,1:32.844,1:32.789,1:32.660,historical
6566,940,822,3,77,3,1:34.326,1:33.416,1:33.024,historical
6567,940,20,6,5,4,1:34.431,1:33.844,1:33.245,historical
6568,940,13,3,19,5,1:34.744,1:33.377,1:33.337,historical
6569,940,8,6,7,6,1:34.171,1:33.361,1:33.347,historical
6570,940,817,9,3,7,1:34.399,1:34.153,1:33.497,historical
6571,940,154,208,8,8,1:34.398,1:34.278,1:33.967,historical
6572,940,815,10,11,9,1:35.001,1:34.174,NULL,historical
6573,940,826,9,26,10,1:34.646,1:34.201,NULL,historical
6574,940,807,10,27,11,1:35.328,1:34.390,NULL,historical
6575,940,832,5,55,12,1:34.873,1:34.453,NULL,historical
6576,940,813,208,13,13,1:34.796,1:34.497,NULL,historical
6577,940,4,1,14,14,1:35.467,1:34.785,NULL,historical
6578,940,830,5,33,15,1:34.522,NULL,NULL,historical
6579,940,18,1,22,16,1:35.664,NULL,NULL,historical
6580,940,828,15,9,17,1:35.673,NULL,NULL,historical
6581,940,831,15,12,18,1:35.760,NULL,NULL,historical
6582,940,829,209,28,19,1:38.783,NULL,NULL,historical
6583,940,834,209,53,20,1:47.114,NULL,NULL,historical
6584,941,3,131,6,1,1:38.343,1:37.500,1:37.113,historical
6585,941,1,131,44,2,1:38.558,1:37.672,1:37.433,historical
6586,941,822,3,77,3,1:38.448,1:38.194,1:37.912,historical
6587,941,20,6,5,4,1:38.598,1:38.402,1:37.965,historical
6588,941,8,6,7,5,1:39.207,1:38.224,1:38.348,historical
6589,941,807,10,27,6,1:39.250,1:38.727,1:38.659,historical
6590,941,815,10,11,7,1:39.617,1:38.914,1:38.691,historical
6591,941,154,208,8,8,1:39.056,1:38.754,1:38.787,historical
6592,941,830,5,33,9,1:39.411,1:39.119,1:38.924,historical
6593,941,817,9,3,10,1:39.574,1:39.005,1:39.728,historical
6594,941,826,9,26,11,1:39.580,1:39.214,NULL,historical
6595,941,831,15,12,12,1:40.042,1:39.323,NULL,historical
6596,941,18,1,22,13,1:39.739,1:39.763,NULL,historical
6597,941,813,208,13,14,1:39.724,1:39.811,NULL,historical
6598,941,13,3,19,15,1:38.926,1:39.895,NULL,historical
6599,941,4,1,14,16,1:40.144,NULL,NULL,historical
6600,941,828,15,9,17,1:40.660,NULL,NULL,historical
6601,941,829,206,28,18,1:43.693,NULL,NULL,historical
6602,941,833,206,98,19,1:43.804,NULL,NULL,historical
6603,942,3,131,6,1,1:56.671,1:56.824,NULL,historical
6604,942,1,131,44,2,1:56.871,1:56.929,NULL,historical
6605,942,817,9,3,3,1:56.495,1:57.969,NULL,historical
6606,942,826,9,26,4,1:57.640,1:58.434,NULL,historical
6607,942,20,6,5,5,2:00.950,1:58.596,NULL,historical
6608,942,815,10,11,6,1:59.264,1:59.210,NULL,historical
6609,942,807,10,27,7,1:58.325,1:59.333,NULL,historical
6610,942,8,6,7,8,1:58.198,1:59.703,NULL,historical
6611,942,13,3,19,9,2:00.902,1:59.999,NULL,historical
6612,942,830,5,33,10,1:58.689,2:00.199,NULL,historical
6613,942,4,1,14,11,1:59.704,2:00.265,NULL,historical
6614,942,822,3,77,12,1:59.569,2:00.334,NULL,historical
6615,942,154,208,8,13,2:00.236,2:00.595,NULL,historical
6616,942,18,1,22,14,2:00.261,2:01.193,NULL,historical
6617,942,813,208,13,15,2:00.844,2:01.604,NULL,historical
6618,942,828,15,9,16,2:02.212,NULL,NULL,historical
6619,942,831,15,12,17,2:03.194,NULL,NULL,historical
6620,942,834,206,53,18,2:04.176,NULL,NULL,historical
6621,942,829,206,28,19,2:04.526,NULL,NULL,historical
6622,942,832,5,55,20,2:07.304,NULL,NULL,historical
6623,943,3,131,6,1,1:20.436,1:20.053,1:19.480,historical
6624,943,1,131,44,2,1:20.808,1:19.829,1:19.668,historical
6625,943,20,6,5,3,1:20.503,1:20.045,1:19.850,historical
6626,943,826,9,26,4,1:20.826,1:20.490,1:20.398,historical
6627,943,817,9,3,5,1:21.166,1:20.783,1:20.399,historical
6628,943,822,3,77,6,1:20.817,1:20.458,1:20.448,historical
6629,943,13,3,19,7,1:21.379,1:20.642,1:20.567,historical
6630,943,830,5,33,8,1:20.995,1:20.894,1:20.710,historical
6631,943,815,10,11,9,1:20.966,1:20.669,1:20.716,historical
6632,943,807,10,27,10,1:21.315,1:20.935,1:20.788,historical
6633,943,832,5,55,11,1:20.960,1:20.942,NULL,historical
6634,943,154,208,8,12,1:21.577,1:21.038,NULL,historical
6635,943,813,208,13,13,1:21.520,1:21.261,NULL,historical
6636,943,828,15,9,14,1:21.299,1:21.544,NULL,historical
6637,943,8,6,7,15,1:21.422,1:22.494,NULL,historical
6638,943,4,1,14,16,1:21.779,NULL,NULL,historical
6639,943,831,15,12,17,1:21.788,NULL,NULL,historical
6640,943,834,206,53,18,1:24.136,NULL,NULL,historical
6641,943,829,206,28,19,1:24.386,NULL,NULL,historical
6642,943,18,1,22,20,NULL,NULL,NULL,historical
6643,944,3,131,6,1,1:11.746,1:12.213,1:11.282,historical
6644,944,1,131,44,2,1:11.682,1:11.665,1:11.360,historical
6645,944,20,6,5,3,1:12.240,1:11.928,1:11.804,historical
6646,944,822,3,77,4,1:12.934,1:12.374,1:12.085,historical
6647,944,8,6,7,5,1:12.185,1:12.243,1:12.144,historical
6648,944,807,10,27,6,1:12.595,1:12.485,1:12.265,historical
6649,944,826,9,26,7,1:12.730,1:12.527,1:12.322,historical
6650,944,13,3,19,8,1:12.980,1:12.858,1:12.415,historical
6651,944,817,9,3,9,1:12.639,1:12.825,1:12.417,historical
6652,944,830,5,33,10,1:12.824,1:12.712,1:12.739,historical
6653,944,831,15,12,11,1:13.111,1:12.989,NULL,historical
6654,944,832,5,55,12,1:13.267,1:13.045,NULL,historical
6655,944,815,10,11,13,1:13.140,1:13.147,NULL,historical
6656,944,828,15,9,14,1:13.346,1:13.233,NULL,historical
6657,944,154,208,8,15,1:13.056,1:13.913,NULL,historical
6658,944,813,208,13,16,1:13.385,NULL,NULL,historical
6659,944,18,1,22,17,1:13.425,NULL,NULL,historical
6660,944,834,206,53,18,1:16.151,NULL,NULL,historical
6661,944,829,206,28,19,1:16.283,NULL,NULL,historical
6662,944,4,1,14,20,NULL,NULL,NULL,historical
6663,945,3,131,6,1,1:41.111,1:40.979,1:40.237,historical
6664,945,1,131,44,2,1:40.974,1:40.758,1:40.614,historical
6665,945,8,6,7,3,1:42.500,1:41.612,1:41.051,historical
6666,945,815,10,11,4,1:41.983,1:41.560,1:41.184,historical
6667,945,817,9,3,5,1:42.275,1:41.830,1:41.444,historical
6668,945,822,3,77,6,1:42.608,1:41.868,1:41.656,historical
6669,945,807,10,27,7,1:41.996,1:41.925,1:41.686,historical
6670,945,13,3,19,8,1:42.303,1:42.349,1:41.759,historical
6671,945,826,9,26,9,1:42.540,1:42.328,1:41.933,historical
6672,945,832,5,55,10,1:42.911,1:42.482,1:42.708,historical
6673,945,830,5,33,11,1:42.889,1:42.521,NULL,historical
6674,945,18,1,22,12,1:42.570,1:42.668,NULL,historical
6675,945,813,208,13,13,1:42.929,1:42.807,NULL,historical
6676,945,831,15,12,14,1:42.896,1:43.614,NULL,historical
6677,945,154,208,8,15,1:42.585,NULL,NULL,historical
6678,945,20,6,5,16,1:42.941,NULL,NULL,historical
6679,945,4,1,14,17,1:43.187,NULL,NULL,historical
6680,945,828,15,9,18,1:43.838,NULL,NULL,historical
6681,945,829,209,28,19,1:46.297,NULL,NULL,historical
6682,945,833,209,98,20,1:47.434,NULL,NULL,historical
6683,948,1,131,44,1,1:25.351,1:24.605,1:23.837,historical
6684,948,3,131,6,2,1:26.934,1:24.796,1:24.197,historical
6685,948,20,6,5,3,1:26.945,1:25.257,1:24.675,historical
6686,948,8,6,7,4,1:26.579,1:25.615,1:25.033,historical
6687,948,830,5,33,5,1:26.934,1:25.615,1:25.434,historical
6688,948,13,3,19,6,1:25.918,1:25.644,1:25.458,historical
6689,948,832,5,55,7,1:27.057,1:25.384,1:25.582,historical
6690,948,817,9,3,8,1:26.945,1:25.599,1:25.589,historical
6691,948,815,10,11,9,1:26.607,1:25.753,NULL,historical
6692,948,807,10,27,10,1:26.550,1:25.865,NULL,historical
6693,948,822,3,77,11,1:27.135,1:25.961,NULL,historical
6694,948,4,1,14,12,1:26.537,1:26.125,NULL,historical
6695,948,18,1,22,13,1:26.740,1:26.304,NULL,historical
6696,948,835,4,30,14,1:27.241,1:27.601,NULL,historical
6697,948,825,4,20,15,1:27.297,1:27.742,NULL,historical
6698,948,828,15,9,16,1:27.435,NULL,NULL,historical
6699,948,831,15,12,17,1:27.958,NULL,NULL,historical
6700,948,826,9,26,18,1:28.006,NULL,NULL,historical
6701,948,154,210,8,19,1:28.322,NULL,NULL,historical
6702,948,821,210,21,20,1:29.606,NULL,NULL,historical
6703,948,837,209,88,21,1:29.627,NULL,NULL,historical
6704,948,836,209,94,22,1:29.642,NULL,NULL,historical
6705,949,1,131,44,1,1:31.391,1:30.039,1:29.493,historical
6706,949,3,131,6,2,1:31.325,1:30.535,1:29.570,historical
6707,949,20,6,5,3,1:31.636,1:30.409,1:30.012,historical
6708,949,8,6,7,4,1:31.685,1:30.559,1:30.244,historical
6709,949,817,9,3,5,1:31.403,1:31.122,1:30.854,historical
6710,949,822,3,77,6,1:31.672,1:30.931,1:31.153,historical
6711,949,13,3,19,7,1:32.045,1:31.374,1:31.155,historical
6712,949,807,10,27,8,1:31.987,1:31.604,1:31.620,historical
6713,949,154,210,8,9,1:32.005,1:31.756,NULL,historical
6714,949,830,5,33,10,1:31.888,1:31.772,NULL,historical
6715,949,832,5,55,11,1:31.716,1:31.816,NULL,historical
6716,949,838,1,47,12,1:32.472,1:31.934,NULL,historical
6717,949,821,210,21,13,1:32.118,1:31.945,NULL,historical
6718,949,18,1,22,14,1:31.976,1:31.998,NULL,historical
6719,949,826,9,26,15,1:32.559,1:32.241,NULL,historical
6720,949,836,209,94,16,1:32.806,NULL,NULL,historical
6721,949,828,15,9,17,1:32.840,NULL,NULL,historical
6722,949,815,10,11,18,1:32.911,NULL,NULL,historical
6723,949,825,4,20,19,1:33.181,NULL,NULL,historical
6724,949,835,4,30,20,1:33.438,NULL,NULL,historical
6725,949,837,209,88,21,1:34.190,NULL,NULL,historical
6726,949,831,15,12,22,1:34.388,NULL,NULL,historical
6727,950,3,131,6,1,1:37.669,1:36.240,1:35.402,historical
6728,950,817,9,3,2,1:37.672,1:36.815,1:35.917,historical
6729,950,8,6,7,3,1:37.347,1:36.118,1:35.972,historical
6730,950,20,6,5,4,1:37.001,1:36.183,1:36.246,historical
6731,950,822,3,77,5,1:37.537,1:36.831,1:36.296,historical
6732,950,826,9,26,6,1:37.719,1:36.948,1:36.399,historical
6733,950,815,10,11,7,1:38.096,1:37.149,1:36.865,historical
6734,950,832,5,55,8,1:37.656,1:37.204,1:36.881,historical
6735,950,830,5,33,9,1:38.181,1:37.265,1:37.194,historical
6736,950,807,10,27,10,1:38.165,1:37.333,NULL,historical
6737,950,13,3,19,11,1:38.016,1:37.347,NULL,historical
6738,950,4,1,14,12,1:38.451,1:38.826,NULL,historical
6739,950,18,1,22,13,1:37.593,1:39.093,NULL,historical
6740,950,154,210,8,14,1:38.425,1:39.830,NULL,historical
6741,950,828,15,9,15,1:38.321,1:40.742,NULL,historical
6742,950,831,15,12,16,1:38.654,1:42.430,NULL,historical
6743,950,825,4,20,17,1:38.673,NULL,NULL,historical
6744,950,821,210,21,18,1:38.770,NULL,NULL,historical
6745,950,835,4,30,19,1:39.528,NULL,NULL,historical
6746,950,837,209,88,20,1:40.264,NULL,NULL,historical
6747,950,836,209,94,21,NULL,NULL,NULL,historical
6748,950,1,131,44,22,NULL,NULL,NULL,historical
6749,951,3,131,6,1,1:36.119,1:35.337,1:35.417,historical
6750,951,20,6,5,2,1:36.555,1:36.623,1:36.123,historical
6751,951,822,3,77,3,1:37.746,1:37.140,1:36.536,historical
6752,951,8,6,7,4,1:36.976,1:36.741,1:36.663,historical
6753,951,13,3,19,5,1:37.753,1:37.230,1:37.016,historical
6754,951,817,9,3,6,1:38.091,1:37.569,1:37.125,historical
6755,951,815,10,11,7,1:38.006,1:37.282,1:37.212,historical
6756,951,826,9,26,8,1:38.265,1:37.606,1:37.459,historical
6757,951,830,5,33,9,1:38.123,1:37.510,1:37.583,historical
6758,951,1,131,44,10,1:36.006,1:35.820,NULL,historical
6759,951,832,5,55,11,1:37.784,1:37.652,NULL,historical
6760,951,18,1,22,12,1:38.332,1:37.701,NULL,historical
6761,951,807,10,27,13,1:38.562,1:37.771,NULL,historical
6762,951,4,1,14,14,1:37.971,1:37.807,NULL,historical
6763,951,154,210,8,15,1:38.383,1:38.055,NULL,historical
6764,951,821,210,21,16,1:38.678,1:38.115,NULL,historical
6765,951,825,4,20,17,1:38.914,NULL,NULL,historical
6766,951,835,4,30,18,1:39.009,NULL,NULL,historical
6767,951,831,15,12,19,1:39.018,NULL,NULL,historical
6768,951,836,209,94,20,1:39.399,NULL,NULL,historical
6769,951,837,209,88,21,1:39.463,NULL,NULL,historical
6770,951,828,15,9,22,1:39.519,NULL,NULL,historical
6771,952,1,131,44,1,1:23.214,1:22.159,1:22.000,historical
6772,952,3,131,6,2,1:23.002,1:22.759,1:22.280,historical
6773,952,817,9,3,3,1:23.749,1:23.585,1:22.680,historical
6774,952,830,9,33,4,1:23.578,1:23.178,1:23.087,historical
6775,952,8,6,7,5,1:23.796,1:23.504,1:23.113,historical
6776,952,20,6,5,6,1:24.124,1:23.688,1:23.334,historical
6777,952,822,3,77,7,1:24.251,1:24.023,1:23.522,historical
6778,952,832,5,55,8,1:24.496,1:24.077,1:23.643,historical
6779,952,815,10,11,9,1:24.698,1:24.003,1:23.782,historical
6780,952,4,1,14,10,1:24.578,1:24.192,1:23.981,historical
6781,952,807,10,27,11,1:24.463,1:24.203,NULL,historical
6782,952,18,1,22,12,1:24.583,1:24.348,NULL,historical
6783,952,826,5,26,13,1:24.696,1:24.445,NULL,historical
6784,952,154,210,8,14,1:24.716,1:24.480,NULL,historical
6785,952,825,4,20,15,1:24.669,1:24.625,NULL,historical
6786,952,821,210,21,16,1:24.406,1:24.778,NULL,historical
6787,952,835,4,30,17,1:24.903,NULL,NULL,historical
6788,952,13,3,19,18,1:24.941,NULL,NULL,historical
6789,952,828,15,9,19,1:25.202,NULL,NULL,historical
6790,952,831,15,12,20,1:25.579,NULL,NULL,historical
6791,952,836,209,94,21,1:25.745,NULL,NULL,historical
6792,952,837,209,88,22,1:25.939,NULL,NULL,historical
6793,953,817,9,3,1,1:14.912,1:14.357,1:13.622,historical
6794,953,3,131,6,2,1:14.873,1:14.043,1:13.791,historical
6795,953,1,131,44,3,1:14.826,1:14.056,1:13.942,historical
6796,953,20,6,5,4,1:14.610,1:14.318,1:14.552,historical
6797,953,807,10,27,5,1:15.333,1:14.989,1:14.726,historical
6798,953,8,6,7,6,1:15.499,1:14.789,1:14.732,historical
6799,953,832,5,55,7,1:15.467,1:14.805,1:14.749,historical
6800,953,815,10,11,8,1:15.328,1:14.937,1:14.902,historical
6801,953,826,5,26,9,1:15.384,1:14.794,1:15.273,historical
6802,953,4,1,14,10,1:15.504,1:15.107,1:15.363,historical
6803,953,822,3,77,11,1:15.521,1:15.273,NULL,historical
6804,953,821,210,21,12,1:15.592,1:15.293,NULL,historical
6805,953,18,1,22,13,1:15.554,1:15.352,NULL,historical
6806,953,13,3,19,14,1:15.710,1:15.385,NULL,historical
6807,953,154,210,8,15,1:15.465,1:15.571,NULL,historical
6808,953,825,4,20,16,1:16.253,1:16.058,NULL,historical
6809,953,828,15,9,17,1:16.299,NULL,NULL,historical
6810,953,835,4,30,18,1:16.586,NULL,NULL,historical
6811,953,837,209,88,19,1:17.295,NULL,NULL,historical
6812,953,836,209,94,20,1:17.452,NULL,NULL,historical
6813,953,830,9,33,21,1:22.467,NULL,NULL,historical
6814,953,831,15,12,22,NULL,NULL,NULL,historical
6815,954,1,131,44,1,1:14.121,1:13.076,1:12.812,historical
6816,954,3,131,6,2,1:13.714,1:13.094,1:12.874,historical
6817,954,20,6,5,3,1:13.925,1:13.857,1:12.990,historical
6818,954,817,9,3,4,1:14.030,1:13.540,1:13.166,historical
6819,954,830,9,33,5,1:14.601,1:13.793,1:13.414,historical
6820,954,8,6,7,6,1:14.477,1:13.849,1:13.579,historical
6821,954,822,3,77,7,1:14.389,1:13.791,1:13.670,historical
6822,954,13,3,19,8,1:14.815,1:13.864,1:13.769,historical
6823,954,807,10,27,9,1:14.663,1:14.166,1:13.952,historical
6824,954,4,1,14,10,1:15.026,1:14.260,1:14.338,historical
6825,954,815,10,11,11,1:14.814,1:14.317,NULL,historical
6826,954,18,1,22,12,1:14.755,1:14.437,NULL,historical
6827,954,826,5,26,13,1:14.829,1:14.457,NULL,historical
6828,954,821,210,21,14,1:15.148,1:14.571,NULL,historical
6829,954,154,210,8,15,1:15.444,1:14.803,NULL,historical
6830,954,832,5,55,16,1:14.714,1:21.956,NULL,historical
6831,954,835,4,30,17,1:15.459,NULL,NULL,historical
6832,954,836,209,94,18,1:15.599,NULL,NULL,historical
6833,954,828,15,9,19,1:15.635,NULL,NULL,historical
6834,954,831,15,12,20,1:16.663,NULL,NULL,historical
6835,954,837,209,88,21,1:17.052,NULL,NULL,historical
6836,955,3,131,6,1,1:43.685,1:42.520,1:42.758,historical
6837,955,815,10,11,2,1:44.462,1:43.939,1:43.515,historical
6838,955,817,9,3,3,1:44.570,1:44.141,1:43.966,historical
6839,955,20,6,5,4,1:45.062,1:44.461,1:43.966,historical
6840,955,8,6,7,5,1:44.936,1:44.533,1:44.269,historical
6841,955,13,3,19,6,1:45.494,1:44.696,1:44.483,historical
6842,955,826,5,26,7,1:44.694,1:44.687,1:44.717,historical
6843,955,822,3,77,8,1:44.706,1:44.477,1:45.246,historical
6844,955,830,9,33,9,1:44.939,1:44.387,1:45.570,historical
6845,955,1,131,44,10,1:44.259,1:43.526,2:01.954,historical
6846,955,154,210,8,11,1:45.507,1:44.755,NULL,historical
6847,955,807,10,27,12,1:44.860,1:44.824,NULL,historical
6848,955,832,5,55,13,1:44.827,1:45.000,NULL,historical
6849,955,4,1,14,14,1:45.525,1:45.270,NULL,historical
6850,955,821,210,21,15,1:45.300,1:45.349,NULL,historical
6851,955,831,15,12,16,1:45.549,1:46.048,NULL,historical
6852,955,837,209,88,17,1:45.665,NULL,NULL,historical
6853,955,836,209,94,18,1:45.750,NULL,NULL,historical
6854,955,18,1,22,19,1:45.804,NULL,NULL,historical
6855,955,828,15,9,20,1:46.231,NULL,NULL,historical
6856,955,825,4,20,21,1:46.348,NULL,NULL,historical
6857,955,835,4,30,22,1:46.394,NULL,NULL,historical
6858,956,1,131,44,1,1:06.947,1:06.228,1:07.922,historical
6859,956,3,131,6,2,1:06.516,1:06.403,1:08.465,historical
6860,956,807,10,27,3,1:07.385,1:07.257,1:09.285,historical
6861,956,20,6,5,4,1:06.761,1:06.602,1:09.781,historical
6862,956,18,1,22,5,1:07.653,1:07.572,1:09.900,historical
6863,956,8,6,7,6,1:07.240,1:06.940,1:09.901,historical
6864,956,817,9,3,7,1:07.500,1:06.840,1:09.980,historical
6865,956,822,3,77,8,1:07.148,1:06.911,1:10.440,historical
6866,956,830,9,33,9,1:07.131,1:06.866,1:11.153,historical
6867,956,13,3,19,10,1:07.419,1:07.145,1:11.977,historical
6868,956,821,210,21,11,1:07.660,1:07.578,NULL,historical
6869,956,836,209,94,12,1:07.565,1:07.700,NULL,historical
6870,956,154,210,8,13,1:07.662,1:07.850,NULL,historical
6871,956,4,1,14,14,1:07.671,1:08.154,NULL,historical
6872,956,832,5,55,15,1:07.618,NULL,NULL,historical
6873,956,815,10,11,16,1:07.657,NULL,NULL,historical
6874,956,825,4,20,17,1:07.941,NULL,NULL,historical
6875,956,835,4,30,18,1:07.965,NULL,NULL,historical
6876,956,837,209,88,19,1:08.026,NULL,NULL,historical
6877,956,826,5,26,20,1:08.409,NULL,NULL,historical
6878,956,828,15,9,21,1:08.418,NULL,NULL,historical
6879,956,831,15,12,22,1:08.446,NULL,NULL,historical
6880,957,1,131,44,1,1:30.739,1:29.243,1:29.287,historical
6881,957,3,131,6,2,1:30.724,1:29.970,1:29.606,historical
6882,957,830,9,33,3,1:31.305,1:30.697,1:30.313,historical
6883,957,817,9,3,4,1:31.684,1:31.319,1:30.618,historical
6884,957,8,6,7,5,1:31.326,1:31.385,1:30.881,historical
6885,957,20,6,5,6,1:31.606,1:30.711,1:31.490,historical
6886,957,822,3,77,7,1:31.913,1:31.478,1:31.557,historical
6887,957,832,5,55,8,1:32.115,1:31.708,1:31.989,historical
6888,957,807,10,27,9,1:32.349,1:31.770,1:32.172,historical
6889,957,4,1,14,10,1:32.281,1:31.740,1:32.343,historical
6890,957,815,10,11,11,1:32.336,1:31.875,NULL,historical
6891,957,13,3,19,12,1:32.146,1:32.002,NULL,historical
6892,957,154,210,8,13,1:32.283,1:32.050,NULL,historical
6893,957,821,210,21,14,1:32.237,1:32.241,NULL,historical
6894,957,826,5,26,15,1:32.553,1:32.306,NULL,historical
6895,957,825,4,20,16,1:32.729,1:37.060,NULL,historical
6896,957,18,1,22,17,1:32.788,NULL,NULL,historical
6897,957,835,4,30,18,1:32.905,NULL,NULL,historical
6898,957,837,209,88,19,1:33.098,NULL,NULL,historical
6899,957,836,209,94,20,1:33.151,NULL,NULL,historical
6900,957,831,15,12,21,1:33.544,NULL,NULL,historical
6901,958,3,131,6,1,1:33.302,1:22.806,1:19.965,historical
6902,958,1,131,44,2,1:34.210,1:24.836,1:20.108,historical
6903,958,817,9,3,3,1:39.968,1:23.234,1:20.280,historical
6904,958,830,9,33,4,1:40.424,1:22.660,1:20.557,historical
6905,958,20,6,5,5,1:35.718,1:24.082,1:20.874,historical
6906,958,832,5,55,6,1:36.115,1:24.734,1:21.131,historical
6907,958,4,1,14,7,1:35.165,1:23.816,1:21.211,historical
6908,958,18,1,22,8,1:37.983,1:24.456,1:21.597,historical
6909,958,807,10,27,9,1:41.471,1:23.901,1:21.823,historical
6910,958,822,3,77,10,1:42.758,1:24.506,1:22.182,historical
6911,958,154,210,8,11,1:35.906,1:24.941,NULL,historical
6912,958,826,5,26,12,1:36.714,1:25.301,NULL,historical
6913,958,815,10,11,13,1:41.411,1:25.416,NULL,historical
6914,958,8,6,7,14,1:36.853,1:25.435,NULL,historical
6915,958,821,210,21,15,1:38.959,1:26.189,NULL,historical
6916,958,831,15,12,16,1:37.772,1:27.063,NULL,historical
6917,958,835,4,30,17,1:43.965,NULL,NULL,historical
6918,958,13,3,19,18,1:43.999,NULL,NULL,historical
6919,958,825,4,20,19,1:44.543,NULL,NULL,historical
6920,958,828,15,9,20,1:46.984,NULL,NULL,historical
6921,958,836,209,94,21,1:47.343,NULL,NULL,historical
6922,958,837,209,88,22,1:50.189,NULL,NULL,historical
6923,959,3,131,6,1,1:15.485,1:14.839,1:14.363,historical
6924,959,1,131,44,2,1:15.243,1:14.748,1:14.470,historical
6925,959,817,9,3,3,1:15.591,1:15.545,1:14.726,historical
6926,959,830,9,33,4,1:15.875,1:15.124,1:14.834,historical
6927,959,8,6,7,5,1:15.752,1:15.242,1:15.142,historical
6928,959,20,6,5,6,1:15.927,1:15.630,1:15.315,historical
6929,959,807,10,27,7,1:16.301,1:15.623,1:15.510,historical
6930,959,822,3,77,8,1:15.952,1:15.490,1:15.530,historical
6931,959,815,10,11,9,1:16.169,1:15.500,1:15.537,historical
6932,959,13,3,19,10,1:16.503,1:15.699,1:15.615,historical
6933,959,821,210,21,11,1:15.987,1:15.883,NULL,historical
6934,959,18,1,22,12,1:16.172,1:15.909,NULL,historical
6935,959,832,5,55,13,1:16.317,1:15.989,NULL,historical
6936,959,4,1,14,14,1:16.338,1:16.041,NULL,historical
6937,959,154,210,8,15,1:16.328,1:16.086,NULL,historical
6938,959,835,4,30,16,1:16.636,1:16.665,NULL,historical
6939,959,825,4,20,17,1:16.716,NULL,NULL,historical
6940,959,836,209,94,18,1:16.717,NULL,NULL,historical
6941,959,826,5,26,19,1:16.876,NULL,NULL,historical
6942,959,837,209,88,20,1:16.977,NULL,NULL,historical
6943,959,831,15,12,21,1:17.123,NULL,NULL,historical
6944,959,828,15,9,22,1:17.238,NULL,NULL,historical
6945,960,3,131,6,1,1:48.019,1:46.999,1:46.744,historical
6946,960,830,9,33,2,1:48.407,1:47.163,1:46.893,historical
6947,960,8,6,7,3,1:47.912,1:47.664,1:46.910,historical
6948,960,20,6,5,4,1:47.802,1:47.944,1:47.108,historical
6949,960,817,9,3,5,1:48.407,1:48.027,1:47.216,historical
6950,960,815,10,11,6,1:48.106,1:47.485,1:47.407,historical
6951,960,807,10,27,7,1:48.080,1:47.317,1:47.543,historical
6952,960,822,3,77,8,1:48.655,1:47.918,1:47.612,historical
6953,960,18,1,22,9,1:48.700,1:48.051,1:48.114,historical
6954,960,13,3,19,10,1:47.738,1:47.667,1:48.263,historical
6955,960,154,210,8,11,1:48.751,1:48.316,NULL,historical
6956,960,825,4,20,12,1:48.800,1:48.485,NULL,historical
6957,960,821,210,21,13,1:48.748,1:48.598,NULL,historical
6958,960,835,4,30,14,1:48.901,1:48.888,NULL,historical
6959,960,832,5,55,15,1:48.876,1:49.038,NULL,historical
6960,960,836,209,94,16,1:48.554,1:49.320,NULL,historical
6961,960,831,15,12,17,1:48.949,NULL,NULL,historical
6962,960,839,209,31,18,1:49.050,NULL,NULL,historical
6963,960,826,5,26,19,1:49.058,NULL,NULL,historical
6964,960,828,15,9,20,1:49.071,NULL,NULL,historical
6965,960,1,131,44,21,1:50.033,NULL,NULL,historical
6966,961,1,131,44,1,1:21.854,1:21.498,1:21.135,historical
6967,961,3,131,6,2,1:22.497,1:21.809,1:21.613,historical
6968,961,20,6,5,3,1:23.077,1:22.275,1:21.972,historical
6969,961,8,6,7,4,1:23.217,1:22.568,1:22.065,historical
6970,961,822,3,77,5,1:23.264,1:22.499,1:22.388,historical
6971,961,817,9,3,6,1:23.158,1:22.638,1:22.389,historical
6972,961,830,9,33,7,1:23.229,1:22.857,1:22.411,historical
6973,961,815,10,11,8,1:23.439,1:22.922,1:22.814,historical
6974,961,807,10,27,9,1:23.259,1:22.951,1:22.836,historical
6975,961,821,210,21,10,1:23.386,1:22.856,1:23.184,historical
6976,961,13,3,19,11,1:23.489,1:22.967,NULL,historical
6977,961,154,210,8,12,1:23.421,1:23.092,NULL,historical
6978,961,4,1,14,13,1:23.783,1:23.273,NULL,historical
6979,961,836,209,94,14,1:23.760,1:23.315,NULL,historical
6980,961,18,1,22,15,1:23.666,1:23.399,NULL,historical
6981,961,832,5,55,16,1:23.661,1:23.496,NULL,historical
6982,961,826,5,26,17,1:23.825,NULL,NULL,historical
6983,961,831,15,12,18,1:23.956,NULL,NULL,historical
6984,961,828,15,9,19,1:24.087,NULL,NULL,historical
6985,961,835,4,30,20,1:24.230,NULL,NULL,historical
6986,961,825,4,20,21,1:24.436,NULL,NULL,historical
6987,962,3,131,6,1,1:45.316,1:43.020,1:42.584,historical
6988,962,817,9,3,2,1:44.255,1:43.933,1:43.115,historical
6989,962,1,131,44,3,1:45.167,1:43.471,1:43.288,historical
6990,962,830,9,33,4,1:45.036,1:44.112,1:43.328,historical
6991,962,8,6,7,5,1:44.964,1:44.159,1:43.540,historical
6992,962,832,5,55,6,1:45.499,1:44.493,1:44.197,historical
6993,962,826,5,26,7,1:45.291,1:44.475,1:44.469,historical
6994,962,807,10,27,8,1:46.081,1:44.737,1:44.479,historical
6995,962,4,1,14,9,1:45.373,1:44.653,1:44.553,historical
6996,962,815,10,11,10,1:45.204,1:44.703,1:44.582,historical
6997,962,822,3,77,11,1:46.086,1:44.740,NULL,historical
6998,962,13,3,19,12,1:46.056,1:44.991,NULL,historical
6999,962,18,1,22,13,1:45.262,1:45.144,NULL,historical
7000,962,821,210,21,14,1:45.465,1:45.593,NULL,historical
7001,962,154,210,8,15,1:45.609,1:45.723,NULL,historical
7002,962,828,15,9,16,1:46.427,1:47.827,NULL,historical
7003,962,825,4,20,17,1:46.825,NULL,NULL,historical
7004,962,831,15,12,18,1:46.860,NULL,NULL,historical
7005,962,835,4,30,19,1:46.960,NULL,NULL,historical
7006,962,836,209,94,20,1:47.667,NULL,NULL,historical
7007,962,839,209,31,21,1:48.296,NULL,NULL,historical
7008,962,20,6,5,22,1:49.116,NULL,NULL,historical
7009,963,1,131,44,1,1:34.444,1:33.046,1:32.850,historical
7010,963,3,131,6,2,1:34.460,1:33.609,1:33.264,historical
7011,963,830,9,33,3,1:35.443,1:33.775,1:33.420,historical
7012,963,817,9,3,4,1:35.079,1:33.888,1:33.467,historical
7013,963,20,6,5,5,1:34.557,1:33.972,1:33.584,historical
7014,963,8,6,7,6,1:34.556,1:33.903,1:33.632,historical
7015,963,815,10,11,7,1:35.068,1:34.538,1:34.319,historical
7016,963,807,10,27,8,1:34.827,1:34.441,1:34.489,historical
7017,963,18,1,22,9,1:35.267,1:34.431,1:34.518,historical
7018,963,13,3,19,10,1:35.267,1:34.422,1:34.671,historical
7019,963,822,3,77,11,1:35.166,1:34.577,NULL,historical
7020,963,154,210,8,12,1:35.400,1:35.001,NULL,historical
7021,963,821,210,21,13,1:35.658,1:35.097,NULL,historical
7022,963,825,4,20,14,1:35.593,1:35.277,NULL,historical
7023,963,826,5,26,15,1:35.695,1:35.369,NULL,historical
7024,963,832,5,55,16,1:35.605,1:35.374,NULL,historical
7025,963,828,15,9,17,1:35.816,NULL,NULL,historical
7026,963,831,15,12,18,1:35.949,NULL,NULL,historical
7027,963,835,4,30,19,1:35.999,NULL,NULL,historical
7028,963,839,209,31,20,1:36.451,NULL,NULL,historical
7029,963,836,209,94,21,1:36.587,NULL,NULL,historical
7030,963,4,1,14,22,1:37.155,NULL,NULL,historical
7031,964,3,131,6,1,1:31.858,1:30.714,1:30.647,historical
7032,964,1,131,44,2,1:32.218,1:31.129,1:30.660,historical
7033,964,8,6,7,3,1:31.674,1:31.406,1:30.949,historical
7034,964,20,6,5,4,1:31.659,1:31.227,1:31.028,historical
7035,964,830,9,33,5,1:32.487,1:31.489,1:31.178,historical
7036,964,817,9,3,6,1:32.538,1:31.719,1:31.240,historical
7037,964,815,10,11,7,1:32.682,1:32.237,1:31.961,historical
7038,964,154,210,8,8,1:32.458,1:32.176,1:31.961,historical
7039,964,807,10,27,9,1:32.448,1:32.200,1:32.142,historical
7040,964,821,210,21,10,1:32.620,1:32.155,1:32.547,historical
7041,964,822,3,77,11,1:32.383,1:32.315,NULL,historical
7042,964,13,3,19,12,1:32.562,1:32.380,NULL,historical
7043,964,826,5,26,13,1:32.645,1:32.623,NULL,historical
7044,964,832,5,55,14,1:32.789,1:32.685,NULL,historical
7045,964,4,1,14,15,1:32.819,1:32.689,NULL,historical
7046,964,835,4,30,16,1:32.796,1:32.807,NULL,historical
7047,964,18,1,22,17,1:32.851,NULL,NULL,historical
7048,964,825,4,20,18,1:33.023,NULL,NULL,historical
7049,964,828,15,9,19,1:33.222,NULL,NULL,historical
7050,964,831,15,12,20,1:33.332,NULL,NULL,historical
7051,964,839,209,31,21,1:33.353,NULL,NULL,historical
7052,964,836,209,94,22,1:33.561,NULL,NULL,historical
7053,965,1,131,44,1,1:36.296,1:36.450,1:34.999,historical
7054,965,3,131,6,2,1:36.397,1:36.351,1:35.215,historical
7055,965,817,9,3,3,1:36.759,1:36.255,1:35.509,historical
7056,965,830,9,33,4,1:36.613,1:36.857,1:35.747,historical
7057,965,8,6,7,5,1:36.985,1:36.584,1:36.131,historical
7058,965,20,6,5,6,1:37.151,1:36.462,1:36.358,historical
7059,965,807,10,27,7,1:36.950,1:36.626,1:36.628,historical
7060,965,822,3,77,8,1:37.456,1:37.202,1:37.116,historical
7061,965,13,3,19,9,1:37.402,1:37.214,1:37.269,historical
7062,965,832,5,55,10,1:37.744,1:37.175,1:37.326,historical
7063,965,815,10,11,11,1:37.345,1:37.353,NULL,historical
7064,965,4,1,14,12,1:37.913,1:37.417,NULL,historical
7065,965,826,5,26,13,1:37.844,1:37.480,NULL,historical
7066,965,821,210,21,14,1:38.053,1:37.773,NULL,historical
7067,965,835,4,30,15,1:38.084,1:37.935,NULL,historical
7068,965,828,15,9,16,1:38.040,1:39.356,NULL,historical
7069,965,154,210,8,17,1:38.308,NULL,NULL,historical
7070,965,825,4,20,18,1:38.317,NULL,NULL,historical
7071,965,18,1,22,19,1:38.327,NULL,NULL,historical
7072,965,836,209,94,20,1:38.548,NULL,NULL,historical
7073,965,831,15,12,21,1:38.583,NULL,NULL,historical
7074,965,839,209,31,22,1:38.806,NULL,NULL,historical
7075,966,1,131,44,1,1:19.447,1:19.137,1:18.704,historical
7076,966,3,131,6,2,1:19.996,1:19.761,1:18.958,historical
7077,966,830,9,33,3,1:19.874,1:18.972,1:19.054,historical
7078,966,817,9,3,4,1:19.713,1:19.553,1:19.133,historical
7079,966,807,10,27,5,1:20.599,1:19.769,1:19.330,historical
7080,966,8,6,7,6,1:19.554,1:19.936,1:19.376,historical
7081,966,20,6,5,7,1:19.865,1:19.385,1:19.381,historical
7082,966,822,3,77,8,1:20.338,1:19.958,1:19.551,historical
7083,966,13,3,19,9,1:20.423,1:20.151,1:20.032,historical
7084,966,832,5,55,10,1:20.457,1:20.169,1:20.378,historical
7085,966,4,1,14,11,1:20.552,1:20.282,NULL,historical
7086,966,815,10,11,12,1:20.308,1:20.287,NULL,historical
7087,966,18,1,22,13,1:21.333,1:20.673,NULL,historical
7088,966,825,4,20,14,1:21.254,1:21.131,NULL,historical
7089,966,828,15,9,15,1:21.062,1:21.536,NULL,historical
7090,966,836,209,94,16,1:21.363,1:21.785,NULL,historical
7091,966,821,210,21,17,1:21.401,NULL,NULL,historical
7092,966,826,5,26,18,1:21.454,NULL,NULL,historical
7093,966,831,15,12,19,1:21.692,NULL,NULL,historical
7094,966,839,209,31,20,1:21.881,NULL,NULL,historical
7095,966,154,210,8,21,1:21.916,NULL,NULL,historical
7096,967,1,131,44,1,1:11.511,1:11.238,1:10.736,historical
7097,967,3,131,6,2,1:11.815,1:11.373,1:10.838,historical
7098,967,8,6,7,3,1:12.100,1:12.301,1:11.404,historical
7099,967,830,9,33,4,1:11.957,1:11.834,1:11.485,historical
7100,967,20,6,5,5,1:12.159,1:12.010,1:11.495,historical
7101,967,817,9,3,6,1:12.409,1:12.047,1:11.540,historical
7102,967,154,210,8,7,1:12.893,1:12.343,1:11.937,historical
7103,967,807,10,27,8,1:12.428,1:12.360,1:12.104,historical
7104,967,815,10,11,9,1:12.684,1:12.331,1:12.165,historical
7105,967,4,1,14,10,1:12.700,1:12.312,1:12.266,historical
7106,967,822,3,77,11,1:12.680,1:12.420,NULL,historical
7107,967,821,210,21,12,1:13.052,1:12.431,NULL,historical
7108,967,13,3,19,13,1:12.432,1:12.521,NULL,historical
7109,967,826,5,26,14,1:13.071,1:12.726,NULL,historical
7110,967,832,5,55,15,1:12.950,1:12.920,NULL,historical
7111,967,835,4,30,16,1:13.259,1:13.258,NULL,historical
7112,967,18,1,22,17,1:13.276,NULL,NULL,historical
7113,967,825,4,20,18,1:13.410,NULL,NULL,historical
7114,967,836,209,94,19,1:13.427,NULL,NULL,historical
7115,967,839,209,31,20,1:13.432,NULL,NULL,historical
7116,967,828,15,9,21,1:13.623,NULL,NULL,historical
7117,967,831,15,12,22,1:13.681,NULL,NULL,historical
7118,968,1,131,44,1,1:39.487,1:39.382,1:38.755,historical
7119,968,3,131,6,2,1:40.511,1:39.490,1:39.058,historical
7120,968,817,9,3,3,1:41.002,1:40.429,1:39.589,historical
7121,968,8,6,7,4,1:40.338,1:39.629,1:39.604,historical
7122,968,20,6,5,5,1:40.341,1:40.034,1:39.661,historical
7123,968,830,9,33,6,1:40.424,1:39.903,1:39.818,historical
7124,968,807,10,27,7,1:41.000,1:40.709,1:40.501,historical
7125,968,815,10,11,8,1:40.864,1:40.743,1:40.519,historical
7126,968,4,1,14,9,1:41.616,1:41.044,1:41.106,historical
7127,968,13,3,19,10,1:41.157,1:40.858,1:41.213,historical
7128,968,822,3,77,11,1:41.192,1:41.084,NULL,historical
7129,968,18,1,22,12,1:41.158,1:41.272,NULL,historical
7130,968,821,210,21,13,1:41.639,1:41.480,NULL,historical
7131,968,154,210,8,14,1:41.467,1:41.564,NULL,historical
7132,968,835,4,30,15,1:41.775,1:41.820,NULL,historical
7133,968,836,209,94,16,1:41.886,1:41.995,NULL,historical
7134,968,826,5,26,17,1:42.003,NULL,NULL,historical
7135,968,825,4,20,18,1:42.142,NULL,NULL,historical
7136,968,831,15,12,19,1:42.247,NULL,NULL,historical
7137,968,839,209,31,20,1:42.286,NULL,NULL,historical
7138,968,832,5,55,21,1:42.393,NULL,NULL,historical
7139,968,828,15,9,22,1:42.637,NULL,NULL,historical
7140,969,1,131,44,1,1:24.191,1:23.251,1:22.188,historical
7141,969,20,6,5,2,1:25.210,1:23.401,1:22.456,historical
7142,969,822,131,77,3,1:24.514,1:23.215,1:22.481,historical
7143,969,8,6,7,4,1:24.352,1:23.376,1:23.033,historical
7144,969,830,9,33,5,1:24.482,1:24.092,1:23.485,historical
7145,969,154,210,8,6,1:25.419,1:24.718,1:24.074,historical
7146,969,13,3,19,7,1:25.099,1:24.597,1:24.443,historical
7147,969,832,5,55,8,1:25.542,1:24.997,1:24.487,historical
7148,969,826,5,26,9,1:25.970,1:24.864,1:24.512,historical
7149,969,817,9,3,10,1:25.383,1:23.989,NULL,historical
7150,969,815,10,11,11,1:25.064,1:25.081,NULL,historical
7151,969,807,4,27,12,1:24.975,1:25.091,NULL,historical
7152,969,4,1,14,13,1:25.872,1:25.425,NULL,historical
7153,969,839,10,31,14,1:26.009,1:25.568,NULL,historical
7154,969,828,15,9,15,1:26.236,1:26.465,NULL,historical
7155,969,841,15,36,16,1:26.419,NULL,NULL,historical
7156,969,825,210,20,17,1:26.847,NULL,NULL,historical
7157,969,838,1,2,18,1:26.858,NULL,NULL,historical
7158,969,840,3,18,19,1:27.143,NULL,NULL,historical
7159,969,835,4,30,20,1:28.244,NULL,NULL,historical
7160,970,1,131,44,1,1:33.333,1:32.406,1:31.678,historical
7161,970,20,6,5,2,1:33.078,1:32.391,1:31.864,historical
7162,970,822,131,77,3,1:33.684,1:32.552,1:31.865,historical
7163,970,8,6,7,4,1:33.341,1:32.181,1:32.140,historical
7164,970,817,9,3,5,1:34.041,1:33.546,1:33.033,historical
7165,970,13,3,19,6,1:34.205,1:33.759,1:33.507,historical
7166,970,807,4,27,7,1:34.453,1:33.636,1:33.580,historical
7167,970,815,10,11,8,1:34.657,1:33.920,1:33.706,historical
7168,970,826,5,26,9,1:34.440,1:34.034,1:33.719,historical
7169,970,840,3,18,10,1:33.986,1:34.090,1:34.220,historical
7170,970,832,5,55,11,1:34.567,1:34.150,NULL,historical
7171,970,825,210,20,12,1:34.942,1:34.164,NULL,historical
7172,970,4,1,14,13,1:34.499,1:34.372,NULL,historical
7173,970,828,15,9,14,1:34.892,1:35.046,NULL,historical
7174,970,841,15,36,15,1:34.963,NULL,NULL,historical
7175,970,838,1,2,16,1:35.023,NULL,NULL,historical
7176,970,154,210,8,17,1:35.223,NULL,NULL,historical
7177,970,835,4,30,18,1:35.279,NULL,NULL,historical
7178,970,830,9,33,19,1:35.433,NULL,NULL,historical
7179,970,839,10,31,20,1:35.496,NULL,NULL,historical
7180,971,822,131,77,1,1:31.041,1:29.555,1:28.769,historical
7181,971,1,131,44,2,1:30.814,1:29.535,1:28.792,historical
7182,971,20,6,5,3,1:31.037,1:29.596,1:29.247,historical
7183,971,817,9,3,4,1:31.667,1:30.497,1:29.545,historical
7184,971,8,6,7,5,1:30.988,1:29.843,1:29.567,historical
7185,971,830,9,33,6,1:30.904,1:30.307,1:29.687,historical
7186,971,807,4,27,7,1:31.057,1:30.169,1:29.842,historical
7187,971,13,3,19,8,1:31.373,1:30.677,1:30.074,historical
7188,971,154,210,8,9,1:31.691,1:30.857,1:30.763,historical
7189,971,835,4,30,10,1:31.458,1:30.899,1:31.074,historical
7190,971,826,5,26,11,1:31.531,1:30.923,NULL,historical
7191,971,840,3,18,12,1:31.748,1:31.168,NULL,historical
7192,971,836,15,94,13,1:31.995,1:31.414,NULL,historical
7193,971,839,10,31,14,1:31.774,1:31.684,NULL,historical
7194,971,4,1,14,15,1:32.054,NULL,NULL,historical
7195,971,832,5,55,16,1:32.118,NULL,NULL,historical
7196,971,838,1,2,17,1:32.313,NULL,NULL,historical
7197,971,815,10,11,18,1:32.318,NULL,NULL,historical
7198,971,828,15,9,19,1:32.543,NULL,NULL,historical
7199,971,825,210,20,20,1:32.900,NULL,NULL,historical
7200,972,20,6,5,1,1:34.493,1:34.038,1:33.194,historical
7201,972,8,6,7,2,1:34.953,1:33.663,1:33.253,historical
7202,972,822,131,77,3,1:34.041,1:33.264,1:33.289,historical
7203,972,1,131,44,4,1:34.409,1:33.760,1:33.767,historical
7204,972,817,9,3,5,1:35.560,1:35.483,1:34.905,historical
7205,972,13,3,19,6,1:35.828,1:35.049,1:35.110,historical
7206,972,830,9,33,7,1:35.301,1:35.221,1:35.161,historical
7207,972,807,4,27,8,1:35.507,1:35.328,1:35.285,historical
7208,972,815,10,11,9,1:36.185,1:35.513,1:35.337,historical
7209,972,839,10,31,10,1:35.372,1:35.729,1:35.430,historical
7210,972,832,5,55,11,1:35.827,1:35.948,NULL,historical
7211,972,840,3,18,12,1:36.279,1:35.964,NULL,historical
7212,972,826,5,26,13,1:35.984,1:35.968,NULL,historical
7213,972,825,210,20,14,1:36.408,1:36.017,NULL,historical
7214,972,4,1,14,15,1:36.353,1:36.660,NULL,historical
7215,972,835,4,30,16,1:36.462,NULL,NULL,historical
7216,972,838,1,2,17,1:37.070,NULL,NULL,historical
7217,972,836,15,94,18,1:37.332,NULL,NULL,historical
7218,972,828,15,9,19,1:37.507,NULL,NULL,historical
7219,972,154,210,8,20,1:37.620,NULL,NULL,historical
7220,973,1,131,44,1,1:20.511,1:20.210,1:19.149,historical
7221,973,20,6,5,2,1:20.939,1:20.295,1:19.200,historical
7222,973,822,131,77,3,1:20.991,1:20.300,1:19.373,historical
7223,973,8,6,7,4,1:20.742,1:20.621,1:19.439,historical
7224,973,830,9,33,5,1:21.430,1:20.722,1:19.706,historical
7225,973,817,9,3,6,1:21.704,1:20.855,1:20.175,historical
7226,973,4,1,14,7,1:22.015,1:21.251,1:21.048,historical
7227,973,815,10,11,8,1:21.998,1:21.239,1:21.070,historical
7228,973,13,3,19,9,1:22.138,1:21.222,1:21.232,historical
7229,973,839,10,31,10,1:21.901,1:21.148,1:21.272,historical
7230,973,825,210,20,11,1:21.945,1:21.329,NULL,historical
7231,973,832,5,55,12,1:21.941,1:21.371,NULL,historical
7232,973,807,4,27,13,1:22.091,1:21.397,NULL,historical
7233,973,154,210,8,14,1:21.822,1:21.517,NULL,historical
7234,973,836,15,94,15,1:22.327,1:21.803,NULL,historical
7235,973,828,15,9,16,1:22.332,NULL,NULL,historical
7236,973,835,4,30,17,1:22.401,NULL,NULL,historical
7237,973,840,3,18,18,1:22.411,NULL,NULL,historical
7238,973,838,1,2,19,1:22.532,NULL,NULL,historical
7239,973,826,5,26,20,1:22.746,NULL,NULL,historical
7240,974,8,6,7,1,1:13.117,1:12.231,1:12.178,historical
7241,974,20,6,5,2,1:13.090,1:12.449,1:12.221,historical
7242,974,822,131,77,3,1:13.325,1:12.901,1:12.223,historical
7243,974,830,9,33,4,1:13.078,1:12.697,1:12.496,historical
7244,974,817,9,3,5,1:13.219,1:13.011,1:12.998,historical
7245,974,832,5,55,6,1:13.526,1:13.397,1:13.162,historical
7246,974,815,10,11,7,1:13.530,1:13.430,1:13.329,historical
7247,974,154,210,8,8,1:13.786,1:13.203,1:13.349,historical
7248,974,18,1,22,9,1:13.723,1:13.453,1:13.613,historical
7249,974,838,1,2,10,1:13.476,1:13.249,NULL,historical
7250,974,826,5,26,11,1:13.899,1:13.516,NULL,historical
7251,974,807,4,27,12,1:13.787,1:13.628,NULL,historical
7252,974,825,210,20,13,1:13.531,1:13.959,NULL,historical
7253,974,1,131,44,14,1:13.640,1:14.106,NULL,historical
7254,974,13,3,19,15,1:13.796,1:20.529,NULL,historical
7255,974,839,10,31,16,1:14.101,NULL,NULL,historical
7256,974,835,4,30,17,1:14.696,NULL,NULL,historical
7257,974,840,3,18,18,1:14.893,NULL,NULL,historical
7258,974,836,15,94,19,1:15.159,NULL,NULL,historical
7259,974,828,15,9,20,1:15.276,NULL,NULL,historical
7260,975,1,131,44,1,1:12.692,1:12.496,1:11.459,historical
7261,975,20,6,5,2,1:13.046,1:12.749,1:11.789,historical
7262,975,822,131,77,3,1:12.685,1:12.563,1:12.177,historical
7263,975,8,6,7,4,1:13.548,1:12.580,1:12.252,historical
7264,975,830,9,33,5,1:13.177,1:12.751,1:12.403,historical
7265,975,817,9,3,6,1:13.543,1:12.810,1:12.557,historical
7266,975,13,3,19,7,1:13.435,1:13.012,1:12.858,historical
7267,975,815,10,11,8,1:13.470,1:13.262,1:13.018,historical
7268,975,839,10,31,9,1:13.520,1:13.320,1:13.135,historical
7269,975,807,4,27,10,1:13.804,1:13.406,1:13.271,historical
7270,975,826,5,26,11,1:13.802,1:13.690,NULL,historical
7271,975,4,1,14,12,1:13.669,1:13.693,NULL,historical
7272,975,832,5,55,13,1:14.051,1:13.756,NULL,historical
7273,975,154,210,8,14,1:13.780,1:13.839,NULL,historical
7274,975,835,4,30,15,1:13.990,1:14.293,NULL,historical
7275,975,838,1,2,16,1:14.182,NULL,NULL,historical
7276,975,840,3,18,17,1:14.209,NULL,NULL,historical
7277,975,825,210,20,18,1:14.318,NULL,NULL,historical
7278,975,828,15,9,19,1:14.495,NULL,NULL,historical
7279,975,836,15,94,20,1:14.810,NULL,NULL,historical
7280,976,1,131,44,1,1:41.983,1:41.275,1:40.593,historical
7281,976,822,131,77,2,1:43.026,1:41.502,1:41.027,historical
7282,976,8,6,7,3,1:42.678,1:42.090,1:41.693,historical
7283,976,20,6,5,4,1:42.952,1:41.911,1:41.841,historical
7284,976,830,9,33,5,1:42.544,1:41.961,1:41.879,historical
7285,976,815,10,11,6,1:43.162,1:42.467,1:42.111,historical
7286,976,839,10,31,7,1:43.051,1:42.751,1:42.186,historical
7287,976,840,3,18,8,1:43.613,1:42.284,1:42.753,historical
7288,976,13,3,19,9,1:43.165,1:42.735,1:42.798,historical
7289,976,817,9,3,10,1:42.857,1:42.215,1:43.414,historical
7290,976,826,5,26,11,1:42.927,1:43.186,NULL,historical
7291,976,832,5,55,12,1:43.489,1:43.347,NULL,historical
7292,976,825,210,20,13,1:44.029,1:43.796,NULL,historical
7293,976,807,4,27,14,1:43.930,1:44.267,NULL,historical
7294,976,836,15,94,15,1:44.317,1:44.603,NULL,historical
7295,976,4,1,14,16,1:44.334,NULL,NULL,historical
7296,976,154,210,8,17,1:44.468,NULL,NULL,historical
7297,976,828,15,9,18,1:44.795,NULL,NULL,historical
7298,976,838,1,2,19,1:45.030,NULL,NULL,historical
7299,114,18,16,17,20,NULL,NULL,NULL,historical
7300,977,822,131,77,1,1:05.760,1:04.316,1:04.251,historical
7301,977,20,6,5,2,1:05.585,1:04.772,1:04.293,historical
7302,977,1,131,44,3,1:05.064,1:04.800,1:04.424,historical
7303,977,8,6,7,4,1:05.148,1:05.004,1:04.779,historical
7304,977,817,9,3,5,1:05.854,1:05.161,1:04.896,historical
7305,977,830,9,33,6,1:05.779,1:04.948,1:04.983,historical
7306,977,154,210,8,7,1:05.902,1:05.319,1:05.480,historical
7307,977,815,10,11,8,1:05.975,1:05.435,1:05.605,historical
7308,977,839,10,31,9,1:06.033,1:05.550,1:05.674,historical
7309,977,832,5,55,10,1:05.675,1:05.544,1:05.726,historical
7310,977,807,4,27,11,1:06.174,1:05.597,NULL,historical
7311,977,4,1,14,12,1:06.158,1:05.602,NULL,historical
7312,977,838,1,2,13,1:06.316,1:05.741,NULL,historical
7313,977,826,5,26,14,1:05.990,1:05.884,NULL,historical
7314,977,825,210,20,15,1:06.143,NULL,NULL,historical
7315,977,835,4,30,16,1:06.345,NULL,NULL,historical
7316,977,13,3,19,17,1:06.534,NULL,NULL,historical
7317,977,840,3,18,18,1:06.608,NULL,NULL,historical
7318,977,828,15,9,19,1:06.857,NULL,NULL,historical
7319,977,836,15,94,20,1:07.011,NULL,NULL,historical
7320,978,1,131,44,1,1:39.069,1:27.893,1:26.600,historical
7321,978,8,6,7,2,1:40.455,1:28.992,1:27.147,historical
7322,978,20,6,5,3,1:39.962,1:28.978,1:27.356,historical
7323,978,822,131,77,4,1:39.698,1:28.732,1:27.376,historical
7324,978,830,9,33,5,1:38.912,1:29.431,1:28.130,historical
7325,978,807,4,27,6,1:39.201,1:29.340,1:28.856,historical
7326,978,815,10,11,7,1:42.009,1:29.824,1:28.902,historical
7327,978,839,10,31,8,1:39.738,1:29.701,1:29.074,historical
7328,978,838,1,2,9,1:40.011,1:30.105,1:29.418,historical
7329,978,154,210,8,10,1:42.042,1:29.966,1:29.549,historical
7330,978,835,4,30,11,1:41.404,1:30.193,NULL,historical
7331,978,826,5,26,12,1:41.726,1:30.355,NULL,historical
7332,978,4,1,14,13,1:37.598,1:30.600,NULL,historical
7333,978,832,5,55,14,1:41.114,1:31.368,NULL,historical
7334,978,13,3,19,15,1:41.874,1:31.482,NULL,historical
7335,978,840,3,18,16,1:42.573,NULL,NULL,historical
7336,978,825,210,20,17,1:42.577,NULL,NULL,historical
7337,978,836,15,94,18,1:42.593,NULL,NULL,historical
7338,978,828,15,9,19,1:42.633,NULL,NULL,historical
7339,978,817,9,3,20,1:42.966,NULL,NULL,historical
7340,979,20,6,5,1,1:17.244,1:16.802,1:16.276,historical
7341,979,8,6,7,2,1:17.364,1:17.207,1:16.444,historical
7342,979,822,131,77,3,1:18.058,1:17.362,1:16.530,historical
7343,979,1,131,44,4,1:17.492,1:16.693,1:16.707,historical
7344,979,830,9,33,5,1:17.266,1:17.028,1:16.797,historical
7345,979,817,9,3,6,1:17.702,1:17.698,1:16.818,historical
7346,979,807,4,27,7,1:18.137,1:17.655,1:17.468,historical
7347,979,4,1,14,8,1:18.395,1:17.919,1:17.549,historical
7348,979,838,1,2,9,1:18.479,1:18.000,1:17.894,historical
7349,979,832,5,55,10,1:18.948,1:18.311,1:18.912,historical
7350,979,835,4,30,11,1:18.699,1:18.415,NULL,historical
7351,979,839,10,31,12,1:18.843,1:18.495,NULL,historical
7352,979,826,5,26,13,1:18.702,1:18.538,NULL,historical
7353,979,815,10,11,14,1:19.095,1:18.639,NULL,historical
7354,979,154,210,8,15,1:19.085,1:18.771,NULL,historical
7355,979,825,210,20,16,1:19.095,NULL,NULL,historical
7356,979,840,3,18,17,1:19.102,NULL,NULL,historical
7357,979,836,15,94,18,1:19.839,NULL,NULL,historical
7358,979,814,3,40,19,1:19.868,NULL,NULL,historical
7359,979,828,15,9,20,1:19.972,NULL,NULL,historical
7360,980,1,131,44,1,1:44.184,1:42.927,1:42.553,historical
7361,980,20,6,5,2,1:44.275,1:43.987,1:42.795,historical
7362,980,822,131,77,3,1:44.773,1:43.249,1:43.094,historical
7363,980,8,6,7,4,1:44.729,1:43.700,1:43.270,historical
7364,980,830,9,33,5,1:44.535,1:43.940,1:43.380,historical
7365,980,817,9,3,6,1:45.114,1:44.224,1:43.863,historical
7366,980,807,4,27,7,1:45.280,1:44.988,1:44.982,historical
7367,980,815,10,11,8,1:45.591,1:44.894,1:45.244,historical
7368,980,839,10,31,9,1:45.277,1:45.006,1:45.369,historical
7369,980,835,4,30,10,1:45.447,1:44.685,NULL,historical
7370,980,4,1,14,11,1:45.668,1:45.090,NULL,historical
7371,980,154,210,8,12,1:45.728,1:45.133,NULL,historical
7372,980,825,210,20,13,1:45.535,1:45.400,NULL,historical
7373,980,832,5,55,14,1:45.374,1:45.439,NULL,historical
7374,980,838,1,2,15,1:45.441,NULL,NULL,historical
7375,980,13,3,19,16,1:45.823,NULL,NULL,historical
7376,980,826,5,26,17,1:46.028,NULL,NULL,historical
7377,980,840,3,18,18,1:46.915,NULL,NULL,historical
7378,980,828,15,9,19,1:47.214,NULL,NULL,historical
7379,980,836,15,94,20,1:47.679,NULL,NULL,historical
7380,981,1,131,44,1,1:36.009,1:34.660,1:35.554,historical
7381,981,830,9,33,2,1:37.344,1:36.113,1:36.702,historical
7382,981,817,9,3,3,1:38.304,1:37.313,1:36.841,historical
7383,981,840,3,18,4,1:37.653,1:37.002,1:37.032,historical
7384,981,839,10,31,5,1:38.775,1:37.580,1:37.719,historical
7385,981,822,131,77,6,1:35.716,1:35.396,1:37.833,historical
7386,981,8,6,7,7,1:38.235,1:37.031,1:37.987,historical
7387,981,20,6,5,8,1:37.198,1:36.223,1:38.064,historical
7388,981,13,3,19,9,1:38.338,1:37.456,1:38.251,historical
7389,981,838,1,2,10,1:38.767,1:37.471,1:39.157,historical
7390,981,815,10,11,11,1:38.511,1:37.582,NULL,historical
7391,981,807,4,27,12,1:39.242,1:38.059,NULL,historical
7392,981,4,1,14,13,1:39.134,1:38.202,NULL,historical
7393,981,826,5,26,14,1:39.183,1:38.245,NULL,historical
7394,981,832,5,55,15,1:39.788,1:38.526,NULL,historical
7395,981,825,210,20,16,1:40.489,NULL,NULL,historical
7396,981,835,4,30,17,1:40.646,NULL,NULL,historical
7397,981,828,15,9,18,1:41.732,NULL,NULL,historical
7398,981,836,15,94,19,1:41.875,NULL,NULL,historical
7399,981,154,210,8,20,1:43.355,NULL,NULL,historical
7400,982,20,6,5,1,1:43.336,1:40.529,1:39.491,historical
7401,982,830,9,33,2,1:42.010,1:40.332,1:39.814,historical
7402,982,817,9,3,3,1:42.063,1:40.385,1:39.840,historical
7403,982,8,6,7,4,1:43.328,1:40.525,1:40.069,historical
7404,982,1,131,44,5,1:42.455,1:40.577,1:40.126,historical
7405,982,822,131,77,6,1:43.137,1:41.409,1:40.810,historical
7406,982,807,4,27,7,1:42.586,1:41.277,1:41.013,historical
7407,982,4,1,14,8,1:42.086,1:41.442,1:41.179,historical
7408,982,838,1,2,9,1:42.222,1:41.227,1:41.398,historical
7409,982,832,5,55,10,1:42.176,1:41.826,1:42.056,historical
7410,982,835,4,30,11,1:42.472,1:42.107,NULL,historical
7411,982,815,10,11,12,1:43.594,1:42.246,NULL,historical
7412,982,826,5,26,13,1:42.544,1:42.338,NULL,historical
7413,982,839,10,31,14,1:43.626,1:42.760,NULL,historical
7414,982,154,210,8,15,1:43.627,1:43.883,NULL,historical
7415,982,825,210,20,16,1:43.756,NULL,NULL,historical
7416,982,13,3,19,17,1:44.014,NULL,NULL,historical
7417,982,840,3,18,18,1:44.728,NULL,NULL,historical
7418,982,836,15,94,19,1:45.059,NULL,NULL,historical
7419,982,828,15,9,20,1:45.570,NULL,NULL,historical
7420,983,1,131,44,1,1:31.605,1:30.977,1:30.076,historical
7421,983,8,6,7,2,1:32.259,1:30.926,1:30.121,historical
7422,983,830,9,33,3,1:31.920,1:30.931,1:30.541,historical
7423,983,817,9,3,4,1:32.416,1:31.061,1:30.595,historical
7424,983,20,6,5,20,NULL,NULL,NULL,historical
7425,983,839,10,31,6,1:32.527,1:31.651,1:31.478,historical
7426,983,838,1,2,7,1:32.838,1:31.848,1:31.582,historical
7427,983,807,4,27,8,1:32.586,1:31.778,1:31.607,historical
7428,983,815,10,11,9,1:32.768,1:31.484,1:31.658,historical
7429,983,4,1,14,10,1:33.049,1:32.010,1:31.704,historical
7430,983,13,3,19,11,1:32.267,1:32.034,NULL,historical
7431,983,835,4,30,12,1:32.576,1:32.100,NULL,historical
7432,983,840,3,18,13,1:33.000,1:32.307,NULL,historical
7433,983,832,5,55,14,1:32.650,1:32.402,NULL,historical
7434,983,842,5,10,15,1:32.547,1:32.558,NULL,historical
7435,983,154,210,8,16,1:33.308,NULL,NULL,historical
7436,983,825,210,20,17,1:33.434,NULL,NULL,historical
7437,983,836,15,94,18,1:33.483,NULL,NULL,historical
7438,983,828,15,9,19,1:33.970,NULL,NULL,historical
7439,983,822,131,77,5,1:32.254,1:30.803,1:30.758,historical
7440,984,1,131,44,1,1:29.047,1:27.819,1:27.319,historical
7441,984,822,131,77,2,1:29.332,1:28.543,1:27.651,historical
7442,984,20,6,5,3,1:29.352,1:28.225,1:27.791,historical
7443,984,817,9,3,4,1:29.475,1:28.935,1:28.306,historical
7444,984,830,9,33,5,1:29.181,1:28.747,1:28.332,historical
7445,984,8,6,7,6,1:29.163,1:29.079,1:28.498,historical
7446,984,839,10,31,7,1:30.115,1:29.199,1:29.111,historical
7447,984,815,10,11,8,1:29.696,1:29.343,1:29.260,historical
7448,984,13,3,19,9,1:30.352,1:29.687,1:29.480,historical
7449,984,4,1,14,10,1:30.525,1:29.749,1:30.687,historical
7450,984,838,1,2,11,1:30.654,1:29.778,NULL,historical
7451,984,807,4,27,12,1:30.252,1:29.879,NULL,historical
7452,984,825,210,20,13,1:30.774,1:29.972,NULL,historical
7453,984,835,4,30,14,1:30.516,1:30.022,NULL,historical
7454,984,832,5,55,15,1:30.565,1:30.413,NULL,historical
7455,984,154,210,8,16,1:30.849,NULL,NULL,historical
7456,984,842,5,10,17,1:31.317,NULL,NULL,historical
7457,984,840,3,18,18,1:31.409,NULL,NULL,historical
7458,984,828,15,9,19,1:31.597,NULL,NULL,historical
7459,984,836,15,94,20,1:31.885,NULL,NULL,historical
7460,985,1,131,44,1,1:34.822,1:33.437,1:33.108,historical
7461,985,20,6,5,2,1:35.420,1:34.103,1:33.347,historical
7462,985,822,131,77,3,1:35.309,1:33.769,1:33.568,historical
7463,985,817,9,3,4,1:35.991,1:34.495,1:33.577,historical
7464,985,8,6,7,5,1:35.649,1:33.840,1:33.577,historical
7465,985,830,9,33,6,1:34.899,1:34.716,1:33.658,historical
7466,985,839,10,31,7,1:35.849,1:35.113,1:34.647,historical
7467,985,832,4,55,8,1:35.517,1:34.899,1:34.852,historical
7468,985,4,1,14,9,1:35.712,1:35.046,1:35.007,historical
7469,985,815,10,11,10,1:36.358,1:34.789,1:35.148,historical
7470,985,13,3,19,11,1:35.603,1:35.155,NULL,historical
7471,985,826,5,26,12,1:36.073,1:35.529,NULL,historical
7472,985,838,1,2,13,1:36.286,1:35.641,NULL,historical
7473,985,154,210,8,14,1:36.835,1:35.870,NULL,historical
7474,985,807,4,27,15,1:35.740,NULL,NULL,historical
7475,985,828,15,9,16,1:36.842,NULL,NULL,historical
7476,985,840,3,18,17,1:36.868,NULL,NULL,historical
7477,985,843,5,39,18,1:36.889,NULL,NULL,historical
7478,985,836,15,94,19,1:37.179,NULL,NULL,historical
7479,985,825,210,20,20,1:37.394,NULL,NULL,historical
7480,986,20,6,5,1,1:17.665,1:16.870,1:16.488,historical
7481,986,830,9,33,2,1:17.630,1:16.524,1:16.574,historical
7482,986,1,131,44,3,1:17.518,1:17.035,1:16.934,historical
7483,986,822,131,77,4,1:17.578,1:17.161,1:16.958,historical
7484,986,8,6,7,5,1:18.148,1:17.534,1:17.238,historical
7485,986,839,10,31,6,1:18.336,1:17.827,1:17.437,historical
7486,986,817,9,3,7,1:18.208,1:17.631,1:17.447,historical
7487,986,807,4,27,8,1:18.322,1:17.792,1:17.466,historical
7488,986,832,4,55,9,1:18.405,1:17.753,1:17.794,historical
7489,986,815,10,11,10,1:18.020,1:17.868,1:17.807,historical
7490,986,13,3,19,11,1:18.570,1:18.099,NULL,historical
7491,986,840,3,18,12,1:18.902,1:19.159,NULL,historical
7492,986,843,5,28,13,1:18.683,NULL,NULL,historical
7493,986,4,1,14,14,1:17.710,NULL,NULL,historical
7494,986,838,1,2,15,1:18.578,NULL,NULL,historical
7495,986,828,15,9,16,1:19.176,NULL,NULL,historical
7496,986,836,15,94,17,1:19.333,NULL,NULL,historical
7497,986,825,210,20,18,1:19.443,NULL,NULL,historical
7498,986,154,210,8,19,1:19.473,NULL,NULL,historical
7499,987,822,131,77,1,1:09.452,1:08.638,1:08.322,historical
7500,987,20,6,5,2,1:09.643,1:08.494,1:08.360,historical
7501,987,8,6,7,3,1:09.405,1:09.116,1:08.538,historical
7502,987,830,9,33,4,1:09.820,1:09.050,1:08.925,historical
7503,987,817,9,3,5,1:09.828,1:09.533,1:09.330,historical
7504,987,815,10,11,6,1:10.145,1:09.760,1:09.598,historical
7505,987,4,1,14,7,1:10.172,1:09.593,1:09.617,historical
7506,987,807,4,27,8,1:10.078,1:09.726,1:09.703,historical
7507,987,832,4,55,9,1:10.227,1:09.768,1:09.805,historical
7508,987,13,3,19,10,1:09.789,1:09.612,1:09.841,historical
7509,987,839,10,31,11,1:10.168,1:09.830,NULL,historical
7510,987,154,210,8,12,1:10.148,1:09.879,NULL,historical
7511,987,838,1,2,13,1:10.286,1:10.116,NULL,historical
7512,987,825,210,20,14,1:10.521,1:10.154,NULL,historical
7513,987,843,5,28,15,1:10.625,NULL,NULL,historical
7514,987,836,15,94,16,1:10.678,NULL,NULL,historical
7515,987,842,5,10,17,1:10.686,NULL,NULL,historical
7516,987,840,3,18,18,1:10.776,NULL,NULL,historical
7517,987,828,15,9,19,1:10.875,NULL,NULL,historical
7520,988,822,131,77,1,1:37.356,1:36.822,1:36.231,historical
7519,987,1,131,44,20,NULL,NULL,NULL,historical
7521,988,1,131,44,2,1:37.391,1:36.742,1:36.403,historical
7522,988,20,6,5,3,1:37.817,1:37.023,1:36.777,historical
7523,988,817,9,3,4,1:38.016,1:37.583,1:36.959,historical
7524,988,8,6,7,5,1:37.453,1:37.302,1:36.985,historical
7525,988,830,9,33,6,1:38.021,1:37.777,1:37.328,historical
7526,988,807,4,27,7,1:38.781,1:38.138,1:38.282,historical
7527,988,815,10,11,8,1:38.601,1:38.359,1:38.374,historical
7528,988,839,10,31,9,1:38.896,1:38.392,1:38.397,historical
7529,988,13,3,19,10,1:38.629,1:38.565,1:38.550,historical
7530,988,4,1,14,11,1:38.820,1:38.636,NULL,historical
7531,988,832,4,55,12,1:38.810,1:38.725,NULL,historical
7532,988,838,1,2,13,1:38.777,1:38.808,NULL,historical
7533,988,825,210,20,14,1:39.395,1:39.298,NULL,historical
7534,988,840,3,18,15,1:39.503,1:39.646,NULL,historical
7535,988,154,210,8,16,1:39.516,NULL,NULL,historical
7536,988,842,5,10,17,1:39.724,NULL,NULL,historical
7537,988,836,15,94,18,1:39.930,NULL,NULL,historical
7538,988,828,15,9,19,1:39.994,NULL,NULL,historical
7539,988,843,5,28,20,1:40.471,NULL,NULL,historical
7540,989,1,131,44,1,1:22.824,1:22.051,1:21.164,historical
7541,989,8,6,7,2,1:23.096,1:22.507,1:21.828,historical
7542,989,20,6,5,3,1:23.348,1:21.944,1:21.838,historical
7543,989,830,9,33,4,1:23.483,1:22.416,1:21.879,historical
7544,989,817,9,3,5,1:23.494,1:22.897,1:22.152,historical
7545,989,825,210,20,6,1:23.909,1:23.300,1:23.187,historical
7546,989,154,210,8,7,1:23.671,1:23.468,1:23.339,historical
7547,989,807,4,27,8,1:23.782,1:23.544,1:23.532,historical
7548,989,832,4,55,9,1:23.529,1:23.061,1:23.577,historical
7549,989,822,131,77,10,1:23.686,1:22.089,NULL,historical
7550,989,4,1,14,11,1:23.597,1:23.692,NULL,historical
7551,989,838,1,2,12,1:24.073,1:23.853,NULL,historical
7552,989,815,10,11,13,1:24.344,1:24.005,NULL,historical
7553,989,840,3,18,14,1:24.464,1:24.230,NULL,historical
7554,989,839,10,31,15,1:24.503,1:24.786,NULL,historical
7555,989,843,5,28,16,1:24.532,NULL,NULL,historical
7556,989,828,15,9,17,1:24.556,NULL,NULL,historical
7557,989,844,15,16,18,1:24.636,NULL,NULL,historical
7558,989,845,3,35,19,1:24.922,NULL,NULL,historical
7559,989,842,5,10,20,1:25.295,NULL,NULL,historical
7560,990,20,6,5,1,1:29.060,1:28.341,1:27.958,historical
7561,990,8,6,7,2,1:28.951,1:28.515,1:28.101,historical
7562,990,822,131,77,3,1:29.275,1:28.794,1:28.124,historical
7563,990,1,131,44,4,1:29.396,1:28.458,1:28.220,historical
7564,990,817,9,3,5,1:29.552,1:28.962,1:28.398,historical
7565,990,842,5,10,6,1:30.121,1:29.836,1:29.329,historical
7566,990,825,210,20,7,1:29.594,1:29.623,1:29.358,historical
7567,990,807,4,27,8,1:30.260,1:29.187,1:29.570,historical
7568,990,839,10,31,9,1:30.338,1:30.009,1:29.874,historical
7569,990,832,4,55,10,1:29.893,1:29.802,1:29.986,historical
7570,990,843,5,28,11,1:30.412,1:30.105,NULL,historical
7571,990,815,10,11,12,1:30.218,1:30.156,NULL,historical
7572,990,4,1,14,13,1:30.530,1:30.212,NULL,historical
7573,990,838,1,2,14,1:30.479,1:30.525,NULL,historical
7574,990,830,9,33,15,1:29.374,NULL,NULL,historical
7575,990,154,210,8,16,1:30.530,NULL,NULL,historical
7576,990,828,15,9,17,1:31.063,NULL,NULL,historical
7577,990,845,3,35,18,1:31.414,NULL,NULL,historical
7578,990,844,15,16,19,1:31.420,NULL,NULL,historical
7579,990,840,3,18,20,1:31.503,NULL,NULL,historical
7580,991,20,6,5,1,1:32.171,1:32.385,1:31.095,historical
7581,991,8,6,7,2,1:32.474,1:32.286,1:31.182,historical
7582,991,822,131,77,3,1:32.921,1:32.063,1:31.625,historical
7583,991,1,131,44,4,1:33.283,1:31.914,1:31.675,historical
7584,991,830,9,33,5,1:32.932,1:32.809,1:31.796,historical
7585,991,817,9,3,6,1:33.877,1:32.688,1:31.948,historical
7586,991,807,4,27,7,1:33.545,1:32.494,1:32.532,historical
7587,991,815,10,11,8,1:33.464,1:32.931,1:32.758,historical
7588,991,832,4,55,9,1:33.315,1:32.970,1:32.819,historical
7589,991,154,210,8,10,1:33.238,1:32.524,1:32.855,historical
7590,991,825,210,20,11,1:33.359,1:32.986,NULL,historical
7591,991,839,10,31,12,1:33.585,1:33.057,NULL,historical
7592,991,4,1,14,13,1:33.428,1:33.232,NULL,historical
7593,991,838,1,2,14,1:33.824,1:33.505,NULL,historical
7594,991,843,5,28,15,1:34.013,1:33.795,NULL,historical
7595,991,845,3,35,16,1:34.062,NULL,NULL,historical
7596,991,842,5,10,17,1:34.101,NULL,NULL,historical
7597,991,840,3,18,18,1:34.285,NULL,NULL,historical
7598,991,844,15,16,19,1:34.454,NULL,NULL,historical
7599,991,828,15,9,20,1:34.914,NULL,NULL,historical
7600,992,20,6,5,1,1:42.762,1:43.015,1:41.498,historical
7601,992,1,131,44,2,1:42.693,1:42.676,1:41.677,historical
7602,992,822,131,77,3,1:43.355,1:42.679,1:41.837,historical
7603,992,817,9,3,4,1:42.857,1:43.482,1:41.911,historical
7604,992,830,9,33,5,1:42.642,1:42.901,1:41.994,historical
7605,992,8,6,7,6,1:42.538,1:42.510,1:42.490,historical
7606,992,839,10,31,7,1:43.021,1:42.967,1:42.523,historical
7607,992,815,10,11,8,1:43.992,1:43.366,1:42.547,historical
7608,992,807,4,27,9,1:43.746,1:43.232,1:43.066,historical
7609,992,832,4,55,10,1:43.426,1:43.464,1:43.351,historical
7610,992,840,3,18,11,1:44.359,1:43.585,NULL,historical
7611,992,845,3,35,12,1:44.261,1:43.886,NULL,historical
7612,992,4,1,14,13,1:44.010,1:44.019,NULL,historical
7613,992,844,15,16,14,1:43.752,1:44.074,NULL,historical
7614,992,825,210,20,15,1:43.674,1:44.759,NULL,historical
7615,992,838,1,2,16,1:44.489,NULL,NULL,historical
7616,992,842,5,10,17,1:44.496,NULL,NULL,historical
7617,992,828,15,9,18,1:45.541,NULL,NULL,historical
7618,992,843,5,28,19,1:57.354,NULL,NULL,historical
7619,992,154,210,8,20,NULL,NULL,NULL,historical
7620,993,1,131,44,1,1:17.633,1:17.166,1:16.173,historical
7621,993,822,131,77,2,1:17.674,1:17.111,1:16.213,historical
7622,993,20,6,5,3,1:17.031,1:16.802,1:16.305,historical
7623,993,8,6,7,4,1:17.483,1:17.071,1:16.612,historical
7624,993,830,9,33,5,1:17.411,1:17.266,1:16.816,historical
7625,993,817,9,3,6,1:17.623,1:17.638,1:16.818,historical
7626,993,825,210,20,7,1:18.169,1:17.618,1:17.676,historical
7627,993,4,1,14,8,1:18.276,1:18.100,1:17.721,historical
7628,993,832,4,55,9,1:18.480,1:17.803,1:17.790,historical
7629,993,154,210,8,10,1:18.305,1:17.699,1:17.835,historical
7630,993,838,1,2,11,1:18.885,1:18.323,NULL,historical
7631,993,842,5,10,12,1:18.550,1:18.463,NULL,historical
7632,993,839,10,31,13,1:18.813,1:18.696,NULL,historical
7633,993,844,15,16,14,1:18.661,1:18.910,NULL,historical
7634,993,815,10,11,15,1:18.740,1:19.098,NULL,historical
7635,993,807,4,27,16,1:18.923,NULL,NULL,historical
7636,993,828,15,9,17,1:19.493,NULL,NULL,historical
7637,993,845,3,35,18,1:19.695,NULL,NULL,historical
7638,993,840,3,18,19,1:20.225,NULL,NULL,historical
7639,993,843,5,28,20,NULL,NULL,NULL,historical
7640,994,817,9,3,1,1:12.013,1:11.278,1:10.810,historical
7641,994,20,6,5,2,1:12.415,1:11.518,1:11.039,historical
7642,994,1,131,44,3,1:12.460,1:11.584,1:11.232,historical
7643,994,8,6,7,4,1:12.639,1:11.391,1:11.266,historical
7644,994,4,1,14,7,1:12.657,1:12.269,1:12.110,historical
7645,994,832,4,55,8,1:12.950,1:12.286,1:12.130,historical
7646,994,815,10,11,9,1:12.848,1:12.194,1:12.154,historical
7647,994,842,5,10,10,1:12.941,1:12.313,1:12.221,historical
7648,994,838,1,2,12,1:12.463,1:12.440,NULL,historical
7649,994,845,3,35,13,1:12.706,1:12.521,NULL,historical
7650,994,844,15,16,14,1:12.829,1:12.714,NULL,historical
7651,994,154,210,8,15,1:12.930,1:12.728,NULL,historical
7652,994,843,5,28,16,1:13.179,NULL,NULL,historical
7653,994,828,15,9,17,1:13.265,NULL,NULL,historical
7654,994,840,3,18,18,1:13.323,NULL,NULL,historical
7655,994,825,210,20,19,1:13.393,NULL,NULL,historical
7656,994,830,9,33,20,NULL,NULL,NULL,historical
7657,994,822,131,77,5,1:12.434,1:12.002,1:11.441,historical
7658,994,839,10,31,6,1:13.028,1:12.188,1:12.061,historical
7659,994,807,4,27,11,1:13.065,1:12.411,NULL,historical
7660,995,20,6,5,1,1:11.710,1:11.524,1:10.764,historical
7661,995,822,131,77,2,1:11.950,1:11.514,1:10.857,historical
7662,995,830,9,33,3,1:12.008,1:11.472,1:10.937,historical
7663,995,1,131,44,4,1:11.835,1:11.740,1:10.996,historical
7664,995,8,6,7,5,1:11.725,1:11.620,1:11.095,historical
7665,995,817,9,3,6,1:12.459,1:11.434,1:11.116,historical
7666,995,807,4,27,7,1:12.795,1:11.916,1:11.973,historical
7667,995,839,10,31,8,1:12.577,1:12.141,1:12.084,historical
7668,995,832,4,55,9,1:12.689,1:12.097,1:12.168,historical
7669,995,815,10,11,10,1:12.702,1:12.395,1:12.671,historical
7670,995,843,5,28,12,1:12.587,1:12.635,NULL,historical
7671,995,4,1,14,14,1:12.979,1:12.856,NULL,historical
7672,995,838,1,2,15,1:12.998,1:12.865,NULL,historical
7673,995,842,5,10,16,1:13.047,NULL,NULL,historical
7674,995,840,3,18,17,1:13.590,NULL,NULL,historical
7675,995,845,3,35,18,1:13.643,NULL,NULL,historical
7676,995,828,15,9,19,1:14.593,NULL,NULL,historical
7677,995,154,210,8,20,NULL,NULL,NULL,historical
7678,995,825,210,20,11,1:12.680,1:12.606,NULL,historical
7679,995,844,15,16,13,1:12.945,1:12.661,NULL,historical
7680,996,1,131,44,1,1:31.271,1:30.645,1:30.029,historical
7681,996,822,131,77,2,1:31.776,1:31.227,1:30.147,historical
7682,996,20,6,5,3,1:31.820,1:30.751,1:30.400,historical
7683,996,830,9,33,4,1:31.531,1:30.818,1:30.705,historical
7684,996,817,9,3,5,1:31.910,1:31.538,1:30.895,historical
7685,996,8,6,7,6,1:31.567,1:30.772,1:31.057,historical
7686,996,832,4,55,7,1:32.394,1:32.016,1:32.126,historical
7687,996,844,15,16,8,1:32.538,1:32.055,1:32.635,historical
7688,996,825,210,20,9,1:32.169,1:31.510,1:32.930,historical
7689,996,154,210,8,10,1:32.083,1:31.472,NULL,historical
7690,996,839,10,31,11,1:32.786,1:32.075,NULL,historical
7691,996,807,4,27,12,1:32.949,1:32.115,NULL,historical
7692,996,815,10,11,13,1:32.692,1:32.454,NULL,historical
7693,996,842,5,10,14,1:32.447,1:32.460,NULL,historical
7694,996,828,15,9,15,1:32.804,1:32.820,NULL,historical
7695,996,4,1,14,16,1:32.976,NULL,NULL,historical
7696,996,843,5,28,17,1:33.025,NULL,NULL,historical
7697,996,838,1,2,18,1:33.162,NULL,NULL,historical
7698,996,845,3,35,19,1:33.636,NULL,NULL,historical
7699,996,840,3,18,20,1:33.729,NULL,NULL,historical
7700,997,822,131,77,1,1:04.175,1:03.756,1:03.130,historical
7701,997,1,131,44,2,1:04.080,1:03.577,1:03.149,historical
7702,997,20,6,5,3,1:04.347,1:03.544,1:03.464,historical
7703,997,8,6,7,4,1:04.234,1:03.975,1:03.660,historical
7704,997,830,9,33,5,1:04.273,1:04.001,1:03.840,historical
7705,997,154,210,8,6,1:04.242,1:04.059,1:03.892,historical
7706,997,817,9,3,7,1:04.723,1:04.403,1:03.996,historical
7707,997,825,210,20,8,1:04.460,1:04.291,1:04.051,historical
7708,997,832,4,55,9,1:04.948,1:04.561,1:04.725,historical
7709,997,807,4,27,10,1:04.864,1:04.676,1:05.019,historical
7710,997,839,10,31,11,1:05.148,1:04.845,NULL,historical
7711,997,842,5,10,12,1:05.011,1:04.874,NULL,historical
7712,997,844,15,16,13,1:04.967,1:04.979,NULL,historical
7713,997,4,1,14,14,1:04.965,1:05.058,NULL,historical
7714,997,840,3,18,15,1:05.264,1:05.286,NULL,historical
7715,997,838,1,2,16,1:05.271,NULL,NULL,historical
7716,997,815,10,11,17,1:05.279,NULL,NULL,historical
7717,997,845,3,35,18,1:05.322,NULL,NULL,historical
7718,997,843,5,28,19,1:05.366,NULL,NULL,historical
7719,997,828,15,9,20,1:05.479,NULL,NULL,historical
7720,998,1,131,44,1,1:26.818,1:26.256,1:25.892,historical
7721,998,20,6,5,2,1:26.585,1:26.372,1:25.936,historical
7722,998,8,6,7,3,1:27.549,1:26.483,1:25.990,historical
7723,998,822,131,77,4,1:27.025,1:26.413,1:26.217,historical
7724,998,830,9,33,5,1:27.309,1:27.013,1:26.602,historical
7725,998,817,9,3,6,1:27.979,1:27.369,1:27.099,historical
7726,998,825,210,20,7,1:28.143,1:27.730,1:27.244,historical
7727,998,154,210,8,8,1:28.086,1:27.522,1:27.455,historical
7728,998,844,15,16,9,1:27.962,1:27.790,1:27.879,historical
7729,998,839,10,31,10,1:28.279,1:27.843,1:28.194,historical
7730,998,807,4,27,11,1:28.017,1:27.901,NULL,historical
7731,998,815,10,11,12,1:28.210,1:27.928,NULL,historical
7732,998,4,1,14,13,1:28.187,1:28.139,NULL,historical
7733,998,842,5,10,14,1:28.399,1:28.343,NULL,historical
7734,998,828,15,9,15,1:28.249,1:28.391,NULL,historical
7735,998,832,4,55,16,1:28.456,NULL,NULL,historical
7736,998,838,1,2,17,1:29.096,NULL,NULL,historical
7737,998,845,3,35,18,1:29.252,NULL,NULL,historical
7738,998,840,3,18,19,NULL,NULL,NULL,historical
7739,998,843,5,28,20,NULL,NULL,NULL,historical
7740,999,20,6,5,1,1:12.538,1:12.505,1:11.212,historical
7741,999,822,131,77,2,1:12.962,1:12.152,1:11.416,historical
7742,999,8,6,7,3,1:12.505,1:12.336,1:11.547,historical
7743,999,830,9,33,4,1:13.127,1:12.188,1:11.822,historical
7744,999,825,210,20,5,1:13.105,1:12.523,1:12.200,historical
7745,999,154,210,8,6,1:12.986,1:12.722,1:12.544,historical
7746,999,807,4,27,7,1:13.479,1:12.946,1:12.560,historical
7747,999,832,4,55,8,1:13.324,1:13.032,1:12.692,historical
7748,999,844,15,16,9,1:13.077,1:12.995,1:12.717,historical
7749,999,815,10,11,10,1:13.427,1:13.072,1:12.774,historical
7750,999,4,1,14,11,1:13.614,1:13.657,NULL,historical
7751,999,845,3,35,12,1:13.708,1:13.702,NULL,historical
7752,999,828,15,9,13,1:13.562,1:13.736,NULL,historical
7753,999,1,131,44,14,1:13.012,NULL,NULL,historical
7754,999,817,9,3,15,1:13.318,NULL,NULL,historical
7755,999,839,10,31,16,1:13.720,NULL,NULL,historical
7756,999,842,5,10,17,1:13.749,NULL,NULL,historical
7757,999,843,5,28,18,1:14.045,NULL,NULL,historical
7758,999,840,3,18,19,1:14.206,NULL,NULL,historical
7759,999,838,1,2,20,1:14.401,NULL,NULL,historical
7760,1000,8,6,7,3,1:17.526,1:32.762,1:36.186,historical
7761,1000,20,6,5,4,1:16.666,1:28.636,1:36.210,historical
7762,1000,832,4,55,5,1:17.829,1:30.771,1:36.743,historical
7763,1000,842,5,10,6,1:18.577,1:31.286,1:37.591,historical
7764,1000,830,9,33,7,1:16.940,1:31.178,1:38.032,historical
7765,1000,843,5,28,8,1:18.429,1:32.590,1:38.128,historical
7766,1000,825,210,20,9,1:18.314,1:32.968,1:39.858,historical
7767,1000,154,210,8,10,1:17.901,1:33.650,1:40.593,historical
7768,1000,4,1,14,11,1:18.208,1:35.214,NULL,historical
7769,1000,817,9,3,12,1:18.540,1:36.442,NULL,historical
7770,1000,807,4,27,13,1:17.905,1:36.506,NULL,historical
7771,1000,828,15,9,14,1:18.641,1:37.075,NULL,historical
7772,1000,840,3,18,15,1:18.560,NULL,NULL,historical
7773,1000,838,1,2,16,1:18.782,NULL,NULL,historical
7774,1000,844,15,16,17,1:18.817,NULL,NULL,historical
7775,1000,839,10,31,18,1:19.142,NULL,NULL,historical
7776,1000,815,10,11,19,1:19.200,NULL,NULL,historical
7777,1000,845,3,35,20,1:19.301,NULL,NULL,historical
7778,1000,1,131,44,1,1:17.419,1:31.242,1:35.658,historical
7779,1000,822,131,77,2,1:17.123,1:32.081,1:35.918,historical
7780,1001,1,131,44,1,1:42.977,1:41.553,1:58.179,historical
7781,1001,20,6,5,2,1:43.035,1:41.501,1:58.905,historical
7782,1001,839,10,31,3,1:44.003,1:43.302,2:01.851,historical
7783,1001,815,10,11,4,1:44.004,1:43.014,2:01.894,historical
7784,1001,154,210,8,5,1:43.597,1:43.042,2:02.122,historical
7785,1001,8,6,7,6,1:42.585,1:41.533,2:02.671,historical
7786,1001,830,9,33,7,1:43.199,1:42.554,2:02.769,historical
7787,1001,817,9,3,8,1:43.604,1:43.126,2:02.939,historical
7788,1001,825,210,20,9,1:43.834,1:43.320,2:04.933,historical
7789,1001,822,131,77,10,1:42.805,1:42.191,NULL,historical
7790,1001,842,5,10,11,1:44.221,1:43.844,NULL,historical
7791,1001,843,5,28,12,1:44.153,1:43.865,NULL,historical
7792,1001,844,15,16,13,1:43.654,1:44.062,NULL,historical
7793,1001,828,15,9,14,1:43.846,1:44.301,NULL,historical
7794,1001,807,4,27,15,1:44.145,NULL,NULL,historical
7795,1001,832,4,55,16,1:44.489,NULL,NULL,historical
7796,1001,4,1,14,17,1:44.917,NULL,NULL,historical
7797,1001,845,3,35,18,1:44.998,NULL,NULL,historical
7798,1001,840,3,18,19,1:45.134,NULL,NULL,historical
7799,1001,838,1,2,20,1:45.307,NULL,NULL,historical
7800,1002,8,6,7,1,1:20.722,1:19.846,1:19.119,historical
7801,1002,20,6,5,2,1:20.542,1:19.629,1:19.280,historical
7802,1002,1,131,44,3,1:20.810,1:19.798,1:19.294,historical
7803,1002,822,131,77,4,1:21.381,1:20.427,1:19.656,historical
7804,1002,830,9,33,5,1:21.381,1:20.333,1:20.615,historical
7805,1002,154,210,8,6,1:21.887,1:21.239,1:20.936,historical
7806,1002,832,4,55,7,1:21.732,1:21.552,1:21.041,historical
7807,1002,839,10,31,8,1:21.570,1:21.315,1:21.099,historical
7808,1002,842,5,10,9,1:21.834,1:21.667,1:21.350,historical
7809,1002,840,3,18,10,1:21.838,1:21.494,1:21.627,historical
7810,1002,825,210,20,11,1:21.783,1:21.669,NULL,historical
7811,1002,845,3,35,12,1:21.813,1:21.732,NULL,historical
7812,1002,4,1,14,13,1:21.850,1:22.568,NULL,historical
7813,1002,807,4,27,14,1:21.801,NULL,NULL,historical
7814,1002,817,9,3,15,1:21.280,NULL,NULL,historical
7815,1002,815,10,11,16,1:21.888,NULL,NULL,historical
7816,1002,844,15,16,17,1:21.889,NULL,NULL,historical
7817,1002,843,5,28,18,1:21.934,NULL,NULL,historical
7818,1002,828,15,9,19,1:22.048,NULL,NULL,historical
7819,1002,838,1,2,20,1:22.085,NULL,NULL,historical
7820,1003,1,131,44,1,1:39.403,1:37.344,1:36.015,historical
7821,1003,830,9,33,2,1:38.751,1:37.214,1:36.334,historical
7822,1003,20,6,5,3,1:38.218,1:37.876,1:36.628,historical
7823,1003,822,131,77,4,1:39.291,1:37.254,1:36.702,historical
7824,1003,8,6,7,5,1:38.534,1:37.194,1:36.794,historical
7825,1003,817,9,3,6,1:38.153,1:37.406,1:36.996,historical
7826,1003,815,10,11,7,1:38.814,1:38.342,1:37.985,historical
7827,1003,154,210,8,8,1:38.685,1:38.367,1:38.320,historical
7828,1003,839,10,31,9,1:38.912,1:38.534,1:38.365,historical
7829,1003,807,4,27,10,1:38.932,1:38.450,1:38.588,historical
7830,1003,4,1,14,11,1:39.022,1:38.641,NULL,historical
7831,1003,832,4,55,12,1:39.103,1:38.716,NULL,historical
7832,1003,844,15,16,13,1:39.206,1:38.747,NULL,historical
7833,1003,828,15,9,14,1:39.366,1:39.453,NULL,historical
7834,1003,842,5,10,15,1:39.614,1:39.691,NULL,historical
7835,1003,825,210,20,16,1:39.644,NULL,NULL,historical
7836,1003,843,5,28,17,1:39.809,NULL,NULL,historical
7837,1003,838,1,2,18,1:39.864,NULL,NULL,historical
7838,1003,845,3,35,19,1:41.263,NULL,NULL,historical
7839,1003,840,3,18,20,1:41.334,NULL,NULL,historical
7840,1004,822,131,77,1,1:32.964,1:32.744,1:31.387,historical
7841,1004,1,131,44,2,1:32.410,1:32.595,1:31.532,historical
7842,1004,20,6,5,3,1:33.476,1:33.045,1:31.943,historical
7843,1004,8,6,7,4,1:33.341,1:33.065,1:32.237,historical
7844,1004,825,210,20,5,1:34.078,1:33.747,1:33.181,historical
7845,1004,839,10,31,6,1:34.290,1:33.596,1:33.413,historical
7846,1004,844,15,16,7,1:33.924,1:33.488,1:33.419,historical
7847,1004,815,10,11,8,1:34.084,1:33.923,1:33.563,historical
7848,1004,154,210,8,9,1:34.022,1:33.517,1:33.704,historical
7849,1004,828,15,9,10,1:34.170,1:33.995,1:35.196,historical
7850,1004,830,9,33,11,1:33.048,NULL,NULL,historical
7851,1004,817,9,3,12,1:33.247,NULL,NULL,historical
7852,1004,842,5,10,13,1:34.383,NULL,NULL,historical
7853,1004,832,4,55,14,1:34.626,NULL,NULL,historical
7854,1004,807,4,27,15,1:34.655,NULL,NULL,historical
7855,1004,843,5,28,16,1:35.037,NULL,NULL,historical
7856,1004,4,1,14,17,1:35.504,NULL,NULL,historical
7857,1004,845,3,35,18,1:35.612,NULL,NULL,historical
7858,1004,838,1,2,19,1:35.977,NULL,NULL,historical
7859,1004,840,3,18,20,1:36.437,NULL,NULL,historical
7860,1005,1,131,44,1,1:28.702,1:28.017,1:27.760,historical
7861,1005,822,131,77,2,1:29.297,1:27.987,1:28.059,historical
7862,1005,830,9,33,3,1:29.480,1:28.849,1:29.057,historical
7863,1005,8,6,7,4,1:29.631,1:28.595,1:29.521,historical
7864,1005,154,210,8,5,1:29.724,1:29.678,1:29.761,historical
7865,1005,843,5,28,6,1:30.248,1:29.848,1:30.023,historical
7866,1005,842,5,10,7,1:30.137,1:29.810,1:30.093,historical
7867,1005,839,10,31,8,1:29.899,1:29.538,1:30.126,historical
7868,1005,20,6,5,9,1:29.049,1:28.279,1:32.192,historical
7869,1005,815,10,11,10,1:30.247,1:29.567,1:37.229,historical
7870,1005,844,15,16,11,1:29.706,1:29.864,NULL,historical
7871,1005,825,210,20,12,1:30.219,1:30.226,NULL,historical
7872,1005,832,4,55,13,1:30.236,1:30.490,NULL,historical
7873,1005,840,3,18,14,1:30.317,1:30.714,NULL,historical
7874,1005,817,9,3,15,1:29.806,NULL,NULL,historical
7875,1005,807,4,27,16,1:30.361,NULL,NULL,historical
7876,1005,845,3,35,17,1:30.372,NULL,NULL,historical
7877,1005,4,1,14,18,1:30.573,NULL,NULL,historical
7878,1005,838,1,2,19,1:31.041,NULL,NULL,historical
7879,1005,828,15,9,20,1:31.213,NULL,NULL,historical
7880,1006,1,131,44,1,1:34.130,1:33.480,1:32.237,historical
7881,1006,20,6,5,2,1:34.569,1:33.079,1:32.298,historical
7882,1006,8,6,7,3,1:34.703,1:32.884,1:32.307,historical
7883,1006,822,131,77,4,1:34.518,1:33.702,1:32.616,historical
7884,1006,817,9,3,5,1:34.755,1:34.185,1:33.494,historical
7885,1006,839,10,31,6,1:34.876,1:34.522,1:34.145,historical
7886,1006,807,4,27,7,1:34.932,1:34.564,1:34.215,historical
7887,1006,154,210,8,8,1:34.892,1:34.419,1:34.250,historical
7888,1006,844,15,16,9,1:35.069,1:34.255,1:34.420,historical
7889,1006,815,10,11,10,1:35.193,1:34.525,1:34.594,historical
7890,1006,832,4,55,11,1:34.891,1:34.566,NULL,historical
7891,1006,825,210,20,12,1:34.972,1:34.732,NULL,historical
7892,1006,842,5,10,13,1:34.850,NULL,NULL,historical
7893,1006,843,5,28,14,1:35.206,NULL,NULL,historical
7894,1006,830,9,33,15,1:34.766,NULL,NULL,historical
7895,1006,4,1,14,16,1:35.294,NULL,NULL,historical
7896,1006,845,3,35,17,1:35.362,NULL,NULL,historical
7897,1006,840,3,18,18,1:35.480,NULL,NULL,historical
7898,1006,828,15,9,19,1:35.536,NULL,NULL,historical
7899,1006,838,1,2,20,1:35.735,NULL,NULL,historical
7900,1007,817,9,3,1,1:15.866,1:15.845,1:14.759,historical
7901,1007,830,9,33,2,1:15.756,1:15.640,1:14.785,historical
7902,1007,1,131,44,3,1:15.673,1:15.644,1:14.894,historical
7903,1007,20,6,5,4,1:16.089,1:15.715,1:14.970,historical
7904,1007,822,131,77,5,1:15.580,1:15.923,1:15.160,historical
7905,1007,8,6,7,6,1:16.446,1:15.996,1:15.330,historical
7906,1007,807,4,27,7,1:16.498,1:16.126,1:15.827,historical
7907,1007,832,4,55,8,1:16.813,1:16.188,1:16.084,historical
7908,1007,844,15,16,9,1:16.862,1:16.320,1:16.189,historical
7909,1007,828,15,9,10,1:16.701,1:16.633,1:16.513,historical
7910,1007,839,10,31,11,1:16.252,1:16.844,NULL,historical
7911,1007,815,10,11,13,1:16.242,1:17.167,NULL,historical
7912,1007,843,5,28,14,1:16.682,1:17.184,NULL,historical
7913,1007,842,5,10,15,1:16.828,NULL,NULL,historical
7914,1007,154,210,8,16,1:16.911,NULL,NULL,historical
7915,1007,838,1,2,17,1:16.966,NULL,NULL,historical
7916,1007,825,210,20,18,1:17.599,NULL,NULL,historical
7917,1007,840,3,18,19,1:17.689,NULL,NULL,historical
7918,1007,845,3,35,20,1:17.886,NULL,NULL,historical
7919,1007,4,1,14,12,1:16.857,1:16.871,NULL,historical
7920,1008,1,131,44,1,1:08.464,1:07.795,1:07.281,historical
7921,1008,20,6,5,2,1:08.452,1:07.776,1:07.374,historical
7922,1008,822,131,77,3,1:08.492,1:07.727,1:07.441,historical
7923,1008,8,6,7,4,1:08.452,1:08.028,1:07.456,historical
7924,1008,830,9,33,5,1:08.205,1:08.017,1:07.778,historical
7925,1008,817,9,3,6,1:08.544,1:08.055,1:07.780,historical
7926,1008,828,15,9,7,1:08.754,1:08.579,1:08.296,historical
7927,1008,844,15,16,8,1:08.667,1:08.335,1:08.492,historical
7928,1008,154,210,8,9,1:08.735,1:08.239,1:08.517,historical
7929,1008,842,5,10,10,1:09.046,1:08.616,1:09.029,historical
7930,1008,825,210,20,11,1:08.474,1:08.659,NULL,historical
7931,1008,815,10,11,12,1:09.217,1:08.741,NULL,historical
7932,1008,839,10,31,13,1:09.264,1:08.770,NULL,historical
7933,1008,807,4,27,14,1:09.009,1:08.834,NULL,historical
7934,1008,845,3,35,15,1:09.259,1:10.381,NULL,historical
7935,1008,832,4,55,16,1:09.269,NULL,NULL,historical
7936,1008,843,5,28,17,1:09.280,NULL,NULL,historical
7937,1008,4,1,14,18,1:09.402,NULL,NULL,historical
7938,1008,840,3,18,19,1:09.441,NULL,NULL,historical
7939,1008,838,1,2,20,1:09.601,NULL,NULL,historical
7940,1009,1,131,44,1,1:36.828,1:35.693,1:34.794,historical
7941,1009,822,131,77,2,1:36.789,1:36.392,1:34.956,historical
7942,1009,20,6,5,3,1:36.775,1:36.345,1:35.125,historical
7943,1009,8,6,7,4,1:37.010,1:36.735,1:35.365,historical
7944,1009,817,9,3,5,1:37.117,1:36.964,1:35.401,historical
7945,1009,830,9,33,6,1:37.195,1:36.144,1:35.589,historical
7946,1009,154,210,8,7,1:37.575,1:36.732,1:36.192,historical
7947,1009,844,15,16,8,1:37.124,1:36.580,1:36.237,historical
7948,1009,839,10,31,9,1:36.936,1:36.814,1:36.540,historical
7949,1009,807,4,27,10,1:37.569,1:36.630,1:36.542,historical
7950,1009,832,4,55,11,1:37.757,1:36.982,NULL,historical
7951,1009,828,15,9,12,1:37.619,1:37.132,NULL,historical
7952,1009,825,210,20,13,1:37.934,1:37.309,NULL,historical
7953,1009,815,10,11,14,1:37.255,1:37.541,NULL,historical
7954,1009,4,1,14,15,1:37.890,1:37.743,NULL,historical
7955,1009,843,5,28,16,1:37.994,NULL,NULL,historical
7956,1009,842,5,10,17,1:38.166,NULL,NULL,historical
7957,1009,838,1,2,18,1:38.577,NULL,NULL,historical
7958,1009,845,3,35,19,1:38.635,NULL,NULL,historical
7959,1009,840,3,18,20,1:38.682,NULL,NULL,historical
7960,1010,1,131,44,1,1:22.043,1:21.014,1:20.486,historical
7961,1010,822,131,77,2,1:22.367,1:21.193,1:20.598,historical
7962,1010,20,6,5,3,1:22.885,1:21.912,1:21.190,historical
7963,1010,830,9,33,4,1:22.876,1:21.678,1:21.320,historical
7964,1010,844,6,16,5,1:22.017,1:21.739,1:21.442,historical
7965,1010,154,210,8,6,1:22.959,1:21.870,1:21.826,historical
7966,1010,825,210,20,7,1:22.519,1:22.221,1:22.099,historical
7967,1010,846,1,4,8,1:22.702,1:22.423,1:22.304,historical
7968,1010,8,51,7,9,1:22.966,1:22.349,1:22.314,historical
7969,1010,815,211,11,10,1:22.908,1:22.532,1:22.781,historical
7970,1010,807,4,27,11,1:22.540,1:22.562,NULL,historical
7971,1010,817,4,3,12,1:22.921,1:22.570,NULL,historical
7972,1010,848,5,23,13,1:22.757,1:22.636,NULL,historical
7973,1010,841,51,99,14,1:22.431,1:22.714,NULL,historical
7974,1010,826,5,26,15,1:22.511,1:22.774,NULL,historical
7975,1010,840,211,18,16,1:23.017,NULL,NULL,historical
7976,1010,842,9,10,17,1:23.020,NULL,NULL,historical
7977,1010,832,1,55,18,1:23.084,NULL,NULL,historical
7978,1010,847,3,63,19,1:24.360,NULL,NULL,historical
7979,1010,9,3,88,20,1:26.067,NULL,NULL,historical
7980,1011,844,6,16,1,1:28.495,1:28.046,1:27.866,historical
7981,1011,20,6,5,2,1:28.733,1:28.356,1:28.160,historical
7982,1011,1,131,44,3,1:29.262,1:28.578,1:28.190,historical
7983,1011,822,131,77,4,1:29.498,1:28.830,1:28.256,historical
7984,1011,830,9,33,5,1:29.579,1:29.109,1:28.752,historical
7985,1011,825,210,20,6,1:29.532,1:29.017,1:28.757,historical
7986,1011,832,1,55,7,1:29.528,1:29.055,1:28.813,historical
7987,1011,154,210,8,8,1:29.688,1:29.249,1:29.015,historical
7988,1011,8,51,7,9,1:29.959,1:29.471,1:29.022,historical
7989,1011,846,1,4,10,1:29.381,1:29.258,1:29.043,historical
7990,1011,817,4,3,11,1:29.859,1:29.488,NULL,historical
7991,1011,848,5,23,12,1:29.514,1:29.513,NULL,historical
7992,1011,842,9,10,13,1:29.900,1:29.526,NULL,historical
7993,1011,815,211,11,14,1:29.893,1:29.756,NULL,historical
7994,1011,826,5,26,15,1:29.876,1:29.854,NULL,historical
7995,1011,841,51,99,16,1:30.026,NULL,NULL,historical
7996,1011,807,4,27,17,1:30.034,NULL,NULL,historical
7997,1011,840,211,18,18,1:30.217,NULL,NULL,historical
7998,1011,847,3,63,19,1:31.759,NULL,NULL,historical
7999,1011,9,3,88,20,1:31.799,NULL,NULL,historical
8000,1012,822,131,77,1,1:32.658,1:31.728,1:31.547,historical
8001,1012,1,131,44,2,1:33.115,1:31.637,1:31.570,historical
8002,1012,20,6,5,3,1:33.557,1:32.232,1:31.848,historical
8003,1012,844,6,16,4,1:32.712,1:32.324,1:31.865,historical
8004,1012,830,9,33,5,1:33.274,1:32.369,1:32.089,historical
8005,1012,842,9,10,6,1:33.863,1:32.948,1:32.930,historical
8006,1012,817,4,3,7,1:33.709,1:33.214,1:32.958,historical
8007,1012,807,4,27,8,1:33.644,1:33.968,1:32.962,historical
8008,1012,825,210,20,9,1:34.036,1:33.150,NULL,historical
8009,1012,154,210,8,10,1:33.752,1:33.156,NULL,historical
8010,1012,826,5,26,11,1:33.783,1:33.236,NULL,historical
8011,1012,815,211,11,12,1:34.026,1:33.299,NULL,historical
8012,1012,8,51,7,13,1:34.125,1:33.419,NULL,historical
8013,1012,832,1,55,14,1:33.686,1:33.523,NULL,historical
8014,1012,846,1,4,15,1:34.148,1:33.967,NULL,historical
8015,1012,840,211,18,16,1:34.292,NULL,NULL,historical
8016,1012,847,3,63,17,1:35.253,NULL,NULL,historical
8017,1012,9,3,88,18,1:35.281,NULL,NULL,historical
8018,1013,822,131,77,1,1:42.026,1:41.500,1:40.495,historical
8019,1013,1,131,44,2,1:41.614,1:41.580,1:40.554,historical
8020,1013,20,6,5,3,1:42.042,1:41.889,1:40.797,historical
8021,1013,830,9,33,4,1:41.727,1:41.388,1:41.069,historical
8022,1013,815,211,11,5,1:42.249,1:41.870,1:41.593,historical
8023,1013,826,5,26,6,1:42.324,1:42.221,1:41.681,historical
8024,1013,846,1,4,7,1:42.371,1:42.084,1:41.886,historical
8025,1013,841,51,99,8,1:42.140,1:42.381,1:42.424,historical
8026,1013,844,6,16,9,1:41.426,1:41.995,NULL,historical
8027,1013,832,1,55,10,1:41.936,1:42.398,NULL,historical
8028,1013,817,4,3,11,1:42.486,1:42.477,NULL,historical
8029,1013,848,5,23,12,1:42.154,1:42.494,NULL,historical
8030,1013,825,210,20,13,1:42.382,1:42.699,NULL,historical
8031,1013,840,211,18,14,1:42.630,NULL,NULL,historical
8032,1013,154,210,8,15,1:43.407,NULL,NULL,historical
8033,1013,807,4,27,16,1:43.427,NULL,NULL,historical
8034,1013,847,3,63,17,1:45.062,NULL,NULL,historical
8035,1013,9,3,88,18,1:45.455,NULL,NULL,historical
8036,1013,8,51,7,19,NULL,NULL,NULL,historical
8037,1013,842,9,10,20,NULL,NULL,NULL,historical
8038,1014,822,131,77,1,1:16.979,1:15.924,1:15.406,historical
8039,1014,1,131,44,2,1:17.292,1:16.038,1:16.040,historical
8040,1014,20,6,5,3,1:17.425,1:16.667,1:16.272,historical
8041,1014,830,9,33,4,1:17.244,1:16.726,1:16.357,historical
8042,1014,844,6,16,5,1:17.388,1:16.714,1:16.588,historical
8043,1014,842,9,10,6,1:17.862,1:16.932,1:16.708,historical
8044,1014,154,210,8,7,1:18.042,1:17.066,1:16.911,historical
8045,1014,825,210,20,8,1:17.669,1:17.272,1:16.922,historical
8046,1014,826,5,26,9,1:17.914,1:17.243,1:17.573,historical
8047,1014,817,4,3,10,1:18.385,1:17.299,1:18.106,historical
8048,1014,846,1,4,11,1:17.611,1:17.338,NULL,historical
8049,1014,848,5,23,12,1:17.796,1:17.445,NULL,historical
8050,1014,832,1,55,13,1:17.760,1:17.599,NULL,historical
8051,1014,8,51,7,14,1:18.132,1:17.788,NULL,historical
8052,1014,815,211,11,15,1:18.286,1:17.886,NULL,historical
8053,1014,807,4,27,16,1:18.404,NULL,NULL,historical
8054,1014,840,211,18,17,1:18.471,NULL,NULL,historical
8055,1014,841,51,99,18,1:18.664,NULL,NULL,historical
8056,1014,847,3,63,19,1:19.072,NULL,NULL,historical
8057,1014,9,3,88,20,1:20.254,NULL,NULL,historical
8058,1015,1,131,44,1,1:11.542,1:10.835,1:10.166,historical
8059,1015,822,131,77,2,1:11.562,1:10.701,1:10.252,historical
8060,1015,830,9,33,3,1:11.597,1:10.618,1:10.641,historical
8061,1015,20,6,5,4,1:11.434,1:11.227,1:10.947,historical
8062,1015,842,9,10,5,1:11.740,1:11.457,1:11.041,historical
8063,1015,825,210,20,6,1:11.865,1:11.363,1:11.109,historical
8064,1015,817,4,3,7,1:11.767,1:11.543,1:11.218,historical
8065,1015,826,5,26,8,1:11.602,1:11.412,1:11.271,historical
8066,1015,832,1,55,9,1:11.872,1:11.608,1:11.417,historical
8067,1015,848,5,23,10,1:12.007,1:11.429,1:11.653,historical
8068,1015,807,4,27,11,1:12.097,1:11.670,NULL,historical
8069,1015,846,1,4,12,1:11.845,1:11.724,NULL,historical
8070,1015,154,210,8,13,1:11.837,1:12.027,NULL,historical
8071,1015,8,51,7,14,1:11.993,1:12.115,NULL,historical
8072,1015,841,51,99,15,1:11.976,1:12.185,NULL,historical
8073,1015,844,6,16,16,1:12.149,NULL,NULL,historical
8074,1015,815,211,11,17,1:12.233,NULL,NULL,historical
8075,1015,840,211,18,18,1:12.846,NULL,NULL,historical
8076,1015,847,3,63,19,1:13.477,NULL,NULL,historical
8077,1015,9,3,88,20,1:13.751,NULL,NULL,historical
8078,1016,20,6,5,1,1:11.200,1:11.142,1:10.240,historical
8079,1016,1,131,44,2,1:11.518,1:11.010,1:10.446,historical
8080,1016,844,6,16,3,1:11.214,1:11.205,1:10.920,historical
8081,1016,817,4,3,4,1:11.837,1:11.532,1:11.071,historical
8082,1016,842,9,10,5,1:12.023,1:11.196,1:11.079,historical
8083,1016,822,131,77,6,1:11.229,1:11.095,1:11.101,historical
8084,1016,807,4,27,7,1:11.720,1:11.553,1:11.324,historical
8085,1016,846,1,4,8,1:11.780,1:11.735,1:11.863,historical
8086,1016,832,1,55,9,1:11.750,1:11.572,1:13.981,historical
8087,1016,825,210,20,10,1:12.107,1:11.786,NULL,historical
8088,1016,830,9,33,11,1:11.619,1:11.800,NULL,historical
8089,1016,826,5,26,12,1:11.965,1:11.921,NULL,historical
8090,1016,841,51,99,13,1:12.122,1:12.136,NULL,historical
8091,1016,848,5,23,14,1:12.020,1:12.193,NULL,historical
8092,1016,154,210,8,15,1:12.109,NULL,NULL,historical
8093,1016,815,211,11,16,1:12.197,NULL,NULL,historical
8094,1016,8,51,7,17,1:12.230,NULL,NULL,historical
8095,1016,840,211,18,18,1:12.266,NULL,NULL,historical
8096,1016,847,3,63,19,1:13.617,NULL,NULL,historical
8097,1016,9,3,88,20,1:14.393,NULL,NULL,historical
8098,1017,1,131,44,1,1:30.609,1:29.520,1:28.319,historical
8099,1017,822,131,77,2,1:30.550,1:29.437,1:28.605,historical
8100,1017,844,6,16,3,1:30.647,1:29.699,1:28.965,historical
8101,1017,830,9,33,4,1:31.327,1:30.099,1:29.409,historical
8102,1017,846,1,4,5,1:30.989,1:30.019,1:29.418,historical
8103,1017,832,1,55,6,1:31.073,1:30.319,1:29.522,historical
8104,1017,20,6,5,7,1:31.075,1:29.506,1:29.799,historical
8105,1017,817,4,3,8,1:30.954,1:30.369,1:29.918,historical
8106,1017,842,9,10,9,1:31.152,1:30.421,1:30.184,historical
8107,1017,841,51,99,10,1:31.180,1:30.408,1:33.420,historical
8108,1017,848,5,23,11,1:31.445,1:30.461,NULL,historical
8109,1017,8,51,7,12,1:30.972,1:30.533,NULL,historical
8110,1017,807,4,27,13,1:30.865,1:30.544,NULL,historical
8111,1017,815,211,11,14,1:30.964,1:30.738,NULL,historical
8112,1017,825,210,20,15,1:31.166,1:31.440,NULL,historical
8113,1017,826,5,26,16,1:31.564,NULL,NULL,historical
8114,1017,154,210,8,17,1:31.626,NULL,NULL,historical
8115,1017,840,211,18,18,1:31.726,NULL,NULL,historical
8116,1017,847,3,63,19,1:32.789,NULL,NULL,historical
8117,1017,9,3,88,20,1:33.205,NULL,NULL,historical
8118,1018,844,6,16,1,1:04.138,1:03.378,1:03.003,historical
8119,1018,1,131,44,2,1:03.818,1:03.803,1:03.262,historical
8120,1018,830,9,33,3,1:03.807,1:03.835,1:03.439,historical
8121,1018,822,131,77,4,1:04.084,1:03.863,1:03.537,historical
8122,1018,825,210,20,5,1:04.778,1:04.466,1:04.072,historical
8123,1018,846,1,4,6,1:04.361,1:04.211,1:04.099,historical
8124,1018,8,51,7,7,1:04.615,1:04.056,1:04.166,historical
8125,1018,841,51,99,8,1:04.450,1:04.194,1:04.179,historical
8126,1018,842,9,10,9,1:04.412,1:03.988,1:04.199,historical
8127,1018,20,6,5,10,1:04.430,1:03.667,NULL,historical
8128,1018,154,210,8,11,1:04.552,1:04.490,NULL,historical
8129,1018,807,4,27,12,1:04.733,1:04.516,NULL,historical
8130,1018,848,5,23,13,1:04.708,1:04.665,NULL,historical
8131,1018,817,4,3,14,1:04.647,1:04.790,NULL,historical
8132,1018,832,1,55,15,1:04.453,1:13.601,NULL,historical
8133,1018,815,211,11,16,1:04.789,NULL,NULL,historical
8134,1018,840,211,18,17,1:04.832,NULL,NULL,historical
8135,1018,826,5,26,18,1:05.324,NULL,NULL,historical
8136,1018,847,3,63,19,1:05.904,NULL,NULL,historical
8137,1018,9,3,88,20,1:06.206,NULL,NULL,historical
8138,1019,822,131,77,1,1:25.750,1:25.672,1:25.093,historical
8139,1019,1,131,44,2,1:25.513,1:25.840,1:25.099,historical
8140,1019,844,6,16,3,1:25.533,1:25.546,1:25.172,historical
8141,1019,830,9,33,4,1:25.700,1:25.848,1:25.276,historical
8142,1019,842,9,10,5,1:26.273,1:26.038,1:25.590,historical
8143,1019,20,6,5,6,1:25.898,1:26.023,1:25.787,historical
8144,1019,817,4,3,7,1:26.428,1:26.283,1:26.182,historical
8145,1019,846,1,4,8,1:26.079,1:26.385,1:26.224,historical
8146,1019,848,5,23,9,1:26.482,1:26.403,1:26.345,historical
8147,1019,807,4,27,10,1:26.568,1:26.397,1:26.386,historical
8148,1019,841,51,99,11,1:26.449,1:26.519,NULL,historical
8149,1019,8,51,7,12,1:26.558,1:26.546,NULL,historical
8150,1019,832,1,55,13,1:26.203,1:26.578,NULL,historical
8151,1019,154,210,8,14,1:26.347,1:26.757,NULL,historical
8152,1019,815,211,11,15,1:26.649,1:26.928,NULL,historical
8153,1019,825,210,20,16,1:26.662,NULL,NULL,historical
8154,1019,826,5,26,17,1:26.721,NULL,NULL,historical
8155,1019,840,211,18,18,1:26.762,NULL,NULL,historical
8156,1019,847,3,63,19,1:27.789,NULL,NULL,historical
8157,1019,9,3,88,20,1:28.257,NULL,NULL,historical
8158,1020,1,131,44,1,1:12.852,1:12.149,1:11.767,historical
8159,1020,830,9,33,2,1:12.593,1:12.427,1:12.113,historical
8160,1020,822,131,77,3,1:13.075,1:12.424,1:12.129,historical
8161,1020,842,9,10,4,1:12.991,1:12.385,1:12.522,historical
8162,1020,8,51,7,5,1:13.066,1:12.519,1:12.538,historical
8163,1020,154,210,8,6,1:13.146,1:12.769,1:12.851,historical
8164,1020,832,1,55,7,1:13.221,1:12.632,1:12.897,historical
8165,1020,815,211,11,8,1:13.194,1:12.776,1:13.065,historical
8166,1020,807,4,27,9,1:13.186,1:12.766,1:13.126,historical
8167,1020,844,6,16,10,1:12.229,1:12.344,NULL,historical
8168,1020,841,51,99,11,1:13.170,1:12.786,NULL,historical
8169,1020,825,210,20,12,1:13.103,1:12.789,NULL,historical
8170,1020,817,4,3,13,1:13.131,1:12.799,NULL,historical
8171,1020,826,5,26,14,1:13.278,1:13.135,NULL,historical
8172,1020,840,211,18,15,1:13.256,1:13.450,NULL,historical
8173,1020,846,1,4,16,1:13.333,NULL,NULL,historical
8174,1020,848,5,23,17,1:13.461,NULL,NULL,historical
8175,1020,847,3,63,18,1:14.721,NULL,NULL,historical
8176,1020,9,3,88,19,1:14.839,NULL,NULL,historical
8177,1020,20,6,5,20,NULL,NULL,NULL,historical
8178,1021,830,9,33,1,1:15.817,1:15.573,1:14.572,historical
8179,1021,822,131,77,2,1:16.078,1:15.669,1:14.590,historical
8180,1021,1,131,44,3,1:16.068,1:15.548,1:14.769,historical
8181,1021,844,6,16,4,1:16.337,1:15.792,1:15.043,historical
8182,1021,20,6,5,5,1:16.452,1:15.885,1:15.071,historical
8183,1021,842,9,10,6,1:16.716,1:16.393,1:15.450,historical
8184,1021,846,1,4,7,1:16.697,1:16.060,1:15.800,historical
8185,1021,832,1,55,8,1:16.493,1:16.308,1:15.852,historical
8186,1021,154,210,8,9,1:16.978,1:16.319,1:16.013,historical
8187,1021,8,51,7,10,1:16.506,1:16.518,1:16.041,historical
8188,1021,807,4,27,11,1:16.790,1:16.565,NULL,historical
8189,1021,848,5,23,12,1:16.912,1:16.687,NULL,historical
8190,1021,826,5,26,13,1:16.750,1:16.692,NULL,historical
8191,1021,841,51,99,14,1:16.894,1:16.804,NULL,historical
8192,1021,825,210,20,15,1:16.122,1:17.081,NULL,historical
8193,1021,847,3,63,16,1:17.031,NULL,NULL,historical
8194,1021,815,211,11,17,1:17.109,NULL,NULL,historical
8195,1021,817,4,3,18,1:17.257,NULL,NULL,historical
8196,1021,840,211,18,19,1:17.542,NULL,NULL,historical
8197,1021,9,3,88,20,1:18.324,NULL,NULL,historical
8198,1022,844,6,16,1,1:43.587,1:42.938,1:42.519,historical
8199,1022,20,6,5,2,1:44.109,1:43.037,1:43.267,historical
8200,1022,1,131,44,3,1:45.260,1:43.592,1:43.282,historical
8201,1022,822,131,77,4,1:45.141,1:43.980,1:43.415,historical
8202,1022,830,9,33,5,1:44.622,1:44.132,1:43.690,historical
8203,1022,817,4,3,6,1:45.560,1:44.103,1:44.257,historical
8204,1022,807,4,27,7,1:45.899,1:44.549,1:44.542,historical
8205,1022,8,51,7,8,1:45.842,1:44.140,1:44.557,historical
8206,1022,815,211,11,9,1:45.732,1:44.707,1:44.706,historical
8207,1022,825,210,20,10,1:45.839,1:44.738,1:45.086,historical
8208,1022,154,210,8,11,1:45.694,1:44.797,NULL,historical
8209,1022,846,1,4,12,1:46.154,1:44.847,NULL,historical
8210,1022,840,211,18,13,1:46.000,1:45.047,NULL,historical
8211,1022,848,9,23,14,1:45.528,1:45.799,NULL,historical
8212,1022,841,51,99,15,1:45.637,NULL,NULL,historical
8213,1022,842,5,10,16,1:46.435,NULL,NULL,historical
8214,1022,832,1,55,17,1:46.507,NULL,NULL,historical
8215,1022,826,5,26,18,1:46.518,NULL,NULL,historical
8216,1022,847,3,63,19,1:47.548,NULL,NULL,historical
8217,1022,9,3,88,20,NULL,NULL,NULL,historical
8218,1023,844,6,16,1,1:20.126,1:19.553,1:19.307,historical
8219,1023,1,131,44,2,1:20.272,1:19.464,1:19.346,historical
8220,1023,822,131,77,3,1:20.156,1:20.018,1:19.354,historical
8221,1023,20,6,5,4,1:20.378,1:19.715,1:19.457,historical
8222,1023,817,4,3,5,1:20.374,1:19.833,1:19.839,historical
8223,1023,807,4,27,6,1:20.155,1:20.275,1:20.049,historical
8224,1023,832,1,55,7,1:20.413,1:20.202,1:20.455,historical
8225,1023,848,9,23,8,1:20.382,1:20.021,NULL,historical
8226,1023,840,211,18,9,1:20.643,1:20.498,NULL,historical
8227,1023,8,51,7,10,1:20.634,1:20.515,NULL,historical
8228,1023,841,51,99,11,1:20.657,1:20.517,NULL,historical
8229,1023,825,210,20,12,1:20.616,1:20.615,NULL,historical
8230,1023,826,5,26,13,1:20.723,1:20.630,NULL,historical
8231,1023,846,1,4,14,1:20.646,1:21.068,NULL,historical
8232,1023,842,5,10,15,1:20.508,1:21.125,NULL,historical
8233,1023,154,210,8,16,1:20.784,NULL,NULL,historical
8234,1023,815,211,11,17,1:21.291,NULL,NULL,historical
8235,1023,847,3,63,18,1:21.800,NULL,NULL,historical
8236,1023,9,3,88,19,1:22.356,NULL,NULL,historical
8237,1023,830,9,33,20,NULL,NULL,NULL,historical
8238,1024,844,6,16,1,1:38.014,1:36.650,1:36.217,historical
8239,1024,1,131,44,2,1:37.565,1:36.933,1:36.408,historical
8240,1024,20,6,5,3,1:38.374,1:36.720,1:36.437,historical
8241,1024,830,9,33,4,1:38.540,1:37.089,1:36.813,historical
8242,1024,822,131,77,5,1:37.317,1:37.142,1:37.146,historical
8243,1024,848,9,23,6,1:39.106,1:37.865,1:37.411,historical
8244,1024,832,1,55,7,1:38.882,1:37.982,1:37.818,historical
8245,1024,807,4,27,8,1:39.001,1:38.580,1:38.264,historical
8246,1024,846,1,4,9,1:38.606,1:37.572,1:38.329,historical
8247,1024,815,211,11,10,1:39.909,1:38.520,NULL,historical
8248,1024,841,51,99,11,1:39.272,1:38.697,NULL,historical
8249,1024,842,5,10,12,1:39.085,1:38.699,NULL,historical
8250,1024,8,51,7,13,1:39.454,1:38.858,NULL,historical
8251,1024,825,210,20,14,1:39.942,1:39.650,NULL,historical
8252,1024,826,5,26,15,1:39.957,NULL,NULL,historical
8253,1024,840,211,18,16,1:39.979,NULL,NULL,historical
8254,1024,154,210,8,17,1:40.277,NULL,NULL,historical
8255,1024,847,3,63,18,1:40.867,NULL,NULL,historical
8256,1024,9,3,88,19,1:41.186,NULL,NULL,historical
8257,1024,817,4,3,20,NULL,NULL,NULL,historical
8258,1025,844,6,16,1,1:33.613,1:32.434,1:31.628,historical
8259,1025,1,131,44,2,1:33.230,1:33.134,1:32.030,historical
8260,1025,20,6,5,3,1:33.032,1:32.536,1:32.053,historical
8261,1025,830,9,33,4,1:33.368,1:32.634,1:32.310,historical
8262,1025,822,131,77,5,1:33.413,1:33.281,1:32.632,historical
8263,1025,832,1,55,6,1:34.184,1:33.807,1:33.222,historical
8264,1025,807,4,27,7,1:34.236,1:33.898,1:33.289,historical
8265,1025,846,1,4,8,1:34.201,1:33.725,1:33.301,historical
8266,1025,154,210,8,9,1:34.283,1:33.643,1:33.517,historical
8267,1025,817,4,3,10,1:34.138,1:33.862,1:33.661,historical
8268,1025,842,5,10,11,1:34.456,1:33.950,NULL,historical
8269,1025,815,211,11,12,1:34.336,1:33.958,NULL,historical
8270,1025,841,51,99,13,1:34.755,1:34.037,NULL,historical
8271,1025,825,210,20,14,1:33.889,1:34.082,NULL,historical
8272,1025,840,211,18,15,1:34.287,1:34.233,NULL,historical
8273,1025,8,51,7,16,1:34.840,NULL,NULL,historical
8274,1025,847,3,63,17,1:35.356,NULL,NULL,historical
8275,1025,9,3,88,18,1:36.474,NULL,NULL,historical
8276,1025,848,9,23,19,1:39.197,NULL,NULL,historical
8277,1025,826,5,26,20,1:39.544,NULL,NULL,historical
8278,1026,20,6,5,1,1:28.988,1:28.174,1:27.064,historical
8279,1026,844,6,16,2,1:28.405,1:28.179,1:27.253,historical
8280,1026,822,131,77,3,1:28.896,1:27.688,1:27.293,historical
8281,1026,1,131,44,4,1:28.735,1:27.826,1:27.302,historical
8282,1026,830,9,33,5,1:28.754,1:28.499,1:27.851,historical
8283,1026,848,9,23,6,1:29.351,1:28.156,1:27.851,historical
8284,1026,832,1,55,7,1:29.018,1:28.577,1:28.304,historical
8285,1026,846,1,4,8,1:28.873,1:28.571,1:28.464,historical
8286,1026,842,5,10,9,1:29.411,1:28.779,1:28.836,historical
8287,1026,154,210,8,10,1:29.572,1:29.144,1:29.341,historical
8288,1026,841,51,99,11,1:29.604,1:29.254,NULL,historical
8289,1026,840,211,18,12,1:29.594,1:29.345,NULL,historical
8290,1026,8,51,7,13,1:29.636,1:29.358,NULL,historical
8291,1026,826,5,26,14,1:29.723,1:29.563,NULL,historical
8292,1026,807,4,27,15,1:29.619,1:30.112,NULL,historical
8293,1026,817,4,3,16,1:29.822,NULL,NULL,historical
8294,1026,815,211,11,17,1:30.344,NULL,NULL,historical
8295,1026,847,3,63,18,1:30.364,NULL,NULL,historical
8296,1026,825,210,20,19,NULL,NULL,NULL,historical
8297,1026,9,3,88,20,NULL,NULL,NULL,historical
8298,1027,830,9,33,1,1:15.949,1:16.136,1:14.758,historical
8299,1027,844,6,16,2,1:16.364,1:16.219,1:15.024,historical
8300,1027,20,6,5,3,1:16.696,1:15.914,1:15.170,historical
8301,1027,1,131,44,4,1:16.424,1:15.721,1:15.262,historical
8302,1027,848,9,23,5,1:16.175,1:16.574,1:15.336,historical
8303,1027,822,131,77,6,1:17.062,1:15.852,1:15.338,historical
8304,1027,832,1,55,7,1:17.044,1:16.267,1:16.014,historical
8305,1027,846,1,4,8,1:17.092,1:16.447,1:16.322,historical
8306,1027,826,5,26,9,1:17.041,1:16.657,1:16.469,historical
8307,1027,842,5,10,10,1:17.065,1:16.679,1:16.586,historical
8308,1027,815,211,11,11,1:17.465,1:16.687,NULL,historical
8309,1027,807,4,27,12,1:17.608,1:16.885,NULL,historical
8310,1027,817,4,3,13,1:17.270,1:16.933,NULL,historical
8311,1027,8,51,7,14,1:17.225,1:16.967,NULL,historical
8312,1027,841,51,99,15,1:17.794,1:17.269,NULL,historical
8313,1027,840,211,18,16,1:18.065,NULL,NULL,historical
8314,1027,825,210,20,17,1:18.436,NULL,NULL,historical
8315,1027,154,210,8,18,1:18.599,NULL,NULL,historical
8316,1027,847,3,63,19,1:18.823,NULL,NULL,historical
8317,1027,9,3,88,20,1:20.179,NULL,NULL,historical
8318,1028,822,131,77,1,1:33.750,1:33.160,1:32.029,historical
8319,1028,20,6,5,2,1:33.766,1:33.782,1:32.041,historical
8320,1028,830,9,33,3,1:33.549,1:33.120,1:32.096,historical
8321,1028,844,6,16,4,1:33.988,1:32.760,1:32.137,historical
8322,1028,1,131,44,5,1:33.454,1:33.045,1:32.321,historical
8323,1028,848,9,23,6,1:33.984,1:32.898,1:32.548,historical
8324,1028,832,1,55,7,1:33.916,1:33.422,1:32.847,historical
8325,1028,846,1,4,8,1:33.353,1:33.316,1:33.175,historical
8326,1028,817,4,3,9,1:33.835,1:33.608,1:33.488,historical
8327,1028,842,5,10,10,1:33.556,1:33.715,1:33.601,historical
8328,1028,807,4,27,11,1:34.092,1:33.815,NULL,historical
8329,1028,825,210,20,12,1:33.812,1:33.979,NULL,historical
8330,1028,826,5,26,13,1:34.138,1:33.989,NULL,historical
8331,1028,840,211,18,14,1:33.921,1:34.100,NULL,historical
8332,1028,154,210,8,15,1:34.161,1:34.158,NULL,historical
8333,1028,841,51,99,16,1:34.226,NULL,NULL,historical
8334,1028,8,51,7,17,1:34.369,NULL,NULL,historical
8335,1028,847,3,63,18,1:35.372,NULL,NULL,historical
8336,1028,815,211,11,19,1:35.808,NULL,NULL,historical
8337,1028,9,3,88,20,1:35.889,NULL,NULL,historical
8338,1029,830,9,33,1,1:08.242,1:07.503,1:07.508,historical
8339,1029,20,6,5,2,1:08.556,1:08.050,1:07.631,historical
8340,1029,1,131,44,3,1:08.614,1:08.088,1:07.699,historical
8341,1029,844,6,16,4,1:08.496,1:07.888,1:07.728,historical
8342,1029,822,131,77,5,1:08.545,1:08.232,1:07.874,historical
8343,1029,848,9,23,6,1:08.503,1:08.117,1:07.935,historical
8344,1029,842,5,10,7,1:08.909,1:08.770,1:08.837,historical
8345,1029,154,210,8,8,1:09.197,1:08.705,1:08.854,historical
8346,1029,8,51,7,9,1:09.276,1:08.858,1:08.984,historical
8347,1029,825,210,20,10,1:08.875,1:08.803,1:09.037,historical
8348,1029,846,1,4,11,1:08.891,1:08.868,NULL,historical
8349,1029,817,4,3,12,1:09.086,1:08.903,NULL,historical
8350,1029,841,51,99,13,1:09.175,1:08.919,NULL,historical
8351,1029,807,4,27,14,1:09.050,1:08.921,NULL,historical
8352,1029,815,211,11,15,1:09.288,1:09.035,NULL,historical
8353,1029,826,5,26,16,1:09.320,NULL,NULL,historical
8354,1029,840,211,18,17,1:09.536,NULL,NULL,historical
8355,1029,847,3,63,18,1:10.126,NULL,NULL,historical
8356,1029,9,3,88,19,1:10.614,NULL,NULL,historical
8357,1029,832,1,55,20,NULL,NULL,NULL,historical
8358,1030,1,131,44,1,1:35.851,1:35.634,1:34.779,historical
8359,1030,822,131,77,2,1:36.200,1:35.674,1:34.973,historical
8360,1030,830,9,33,3,1:36.390,1:36.275,1:35.139,historical
8361,1030,844,6,16,4,1:36.478,1:35.543,1:35.219,historical
8362,1030,20,6,5,5,1:36.963,1:35.786,1:35.339,historical
8363,1030,848,9,23,6,1:36.102,1:36.718,1:35.682,historical
8364,1030,846,1,4,7,1:37.545,1:36.764,1:36.436,historical
8365,1030,817,4,3,8,1:37.106,1:36.785,1:36.456,historical
8366,1030,832,1,55,9,1:37.358,1:36.308,1:36.459,historical
8367,1030,807,4,27,10,1:37.506,1:36.859,1:36.710,historical
8368,1030,815,211,11,11,1:36.961,1:37.055,NULL,historical
8369,1030,842,5,10,12,1:37.198,1:37.089,NULL,historical
8370,1030,840,211,18,13,1:37.528,1:37.103,NULL,historical
8371,1030,826,5,26,14,1:37.683,1:37.141,NULL,historical
8372,1030,825,210,20,15,1:37.710,1:37.254,NULL,historical
8373,1030,154,210,8,16,1:38.051,NULL,NULL,historical
8374,1030,841,51,99,17,1:38.114,NULL,NULL,historical
8375,1030,8,51,7,18,1:38.383,NULL,NULL,historical
8376,1030,847,3,63,19,1:38.717,NULL,NULL,historical
8377,1030,9,3,88,20,1:39.236,NULL,NULL,historical
8378,1031,822,131,77,1,1:04.111,1:03.015,1:02.939,historical
8379,1031,1,131,44,2,1:04.198,1:03.096,1:02.951,historical
8380,1031,830,9,33,3,1:04.024,1:04.000,1:03.477,historical
8381,1031,846,1,4,4,1:04.606,1:03.819,1:03.626,historical
8382,1031,848,9,23,5,1:04.661,1:03.746,1:03.868,historical
8383,1031,815,211,11,6,1:04.543,1:03.860,1:03.868,historical
8384,1031,844,6,16,7,1:04.500,1:04.041,1:03.923,historical
8385,1031,832,1,55,8,1:04.537,1:03.971,1:03.971,historical
8386,1031,840,211,18,9,1:04.309,1:03.955,1:04.029,historical
8387,1031,817,4,3,10,1:04.556,1:04.023,1:04.239,historical
8388,1031,20,6,5,11,1:04.554,1:04.206,NULL,historical
8389,1031,842,213,10,12,1:04.603,1:04.305,NULL,historical
8390,1031,826,213,26,13,1:05.031,1:04.431,NULL,historical
8391,1031,839,4,31,14,1:04.933,1:04.643,NULL,historical
8392,1031,154,210,8,15,1:05.094,1:04.691,NULL,historical
8393,1031,825,210,20,16,1:05.164,NULL,NULL,historical
8394,1031,847,3,63,17,1:05.167,NULL,NULL,historical
8395,1031,841,51,99,18,1:05.175,NULL,NULL,historical
8396,1031,8,51,7,19,1:05.224,NULL,NULL,historical
8397,1031,849,3,6,20,1:05.757,NULL,NULL,historical
8398,1032,1,131,44,1,1:18.188,1:17.825,1:19.273,historical
8399,1032,830,9,33,2,1:18.297,1:17.938,1:20.489,historical
8400,1032,832,1,55,3,1:18.590,1:18.836,1:20.671,historical
8401,1032,822,131,77,4,1:18.791,1:18.657,1:20.701,historical
8402,1032,839,4,31,5,1:19.687,1:18.764,1:20.922,historical
8403,1032,846,1,4,6,1:18.504,1:18.448,1:20.925,historical
8404,1032,848,9,23,7,1:20.882,1:19.014,1:21.011,historical
8405,1032,842,213,10,8,1:20.192,1:18.744,1:21.028,historical
8406,1032,817,4,3,9,1:19.662,1:19.229,1:21.192,historical
8407,1032,20,6,5,10,1:20.243,1:19.545,1:21.651,historical
8408,1032,844,6,16,11,1:20.871,1:19.628,NULL,historical
8409,1032,847,3,63,12,1:20.382,1:19.636,NULL,historical
8410,1032,840,211,18,13,1:19.697,1:19.645,NULL,historical
8411,1032,826,213,26,14,1:19.824,1:19.717,NULL,historical
8412,1032,825,210,20,15,1:21.140,1:20.211,NULL,historical
8413,1032,8,51,7,16,1:21.140,NULL,NULL,historical
8414,1032,815,211,11,17,1:21.607,NULL,NULL,historical
8415,1032,849,3,6,18,1:21.759,NULL,NULL,historical
8416,1032,841,51,99,19,1:21.831,NULL,NULL,historical
8417,1032,154,210,8,20,NULL,NULL,NULL,historical
8418,1033,822,131,77,2,1:15.474,1:14.530,1:13.554,historical
8419,1033,840,211,18,3,1:14.895,1:15.176,1:14.377,historical
8420,1033,815,211,11,4,1:14.681,1:15.394,1:14.545,historical
8421,1033,20,6,5,5,1:15.455,1:15.131,1:14.774,historical
8422,1033,844,6,16,6,1:15.793,1:15.006,1:14.817,historical
8423,1033,830,9,33,7,1:15.495,1:14.976,1:14.849,historical
8424,1033,846,1,4,8,1:15.444,1:15.085,1:14.966,historical
8425,1033,832,1,55,9,1:15.281,1:15.267,1:15.027,historical
8426,1033,842,213,10,10,1:15.767,1:15.508,NULL,historical
8427,1033,817,4,3,11,1:15.848,1:15.661,NULL,historical
8428,1033,847,3,63,12,1:15.585,1:15.698,NULL,historical
8429,1033,848,9,23,13,1:15.722,1:15.715,NULL,historical
8430,1033,839,4,31,14,1:15.719,1:15.742,NULL,historical
8431,1033,849,3,6,15,1:16.105,1:16.544,NULL,historical
8432,1033,825,210,20,16,1:16.152,NULL,NULL,historical
8433,1033,826,213,26,17,1:16.204,NULL,NULL,historical
8434,1033,154,210,8,18,1:16.407,NULL,NULL,historical
8435,1033,841,51,99,19,1:16.506,NULL,NULL,historical
8436,1033,8,51,7,20,1:16.614,NULL,NULL,historical
8437,1033,1,131,44,1,1:14.907,1:14.261,1:13.447,historical
8438,1034,1,131,44,1,1:25.900,1:25.347,1:24.303,historical
8439,1034,822,131,77,2,1:25.801,1:25.015,1:24.616,historical
8440,1034,830,9,33,3,1:26.115,1:26.144,1:25.325,historical
8441,1034,844,6,16,4,1:26.550,1:26.203,1:25.427,historical
8442,1034,846,1,4,5,1:26.855,1:26.420,1:25.782,historical
8443,1034,840,211,18,6,1:26.243,1:26.501,1:25.839,historical
8444,1034,832,1,55,7,1:26.715,1:26.149,1:25.965,historical
8445,1034,817,4,3,8,1:26.677,1:26.339,1:26.009,historical
8446,1034,839,4,31,9,1:26.396,1:26.252,1:26.209,historical
8447,1034,20,6,5,10,1:26.469,1:26.455,1:26.339,historical
8448,1034,842,213,10,11,1:26.343,1:26.501,NULL,historical
8449,1034,848,9,23,12,1:26.565,1:26.545,NULL,historical
8450,1034,807,211,27,13,1:26.327,1:26.566,NULL,historical
8451,1034,826,213,26,14,1:26.774,1:26.744,NULL,historical
8452,1034,847,3,63,15,1:26.732,1:27.092,NULL,historical
8453,1034,825,210,20,16,1:27.158,NULL,NULL,historical
8454,1034,841,51,99,17,1:27.164,NULL,NULL,historical
8455,1034,8,51,7,18,1:27.366,NULL,NULL,historical
8456,1034,154,210,8,19,1:27.643,NULL,NULL,historical
8457,1034,849,3,6,20,1:27.705,NULL,NULL,historical
8458,1035,822,131,77,1,1:26.738,1:25.785,1:25.154,historical
8459,1035,1,131,44,2,1:26.818,1:26.266,1:25.217,historical
8460,1035,807,211,27,3,1:27.279,1:26.261,1:26.082,historical
8461,1035,830,9,33,4,1:27.154,1:26.779,1:26.176,historical
8462,1035,817,4,3,5,1:27.442,1:26.636,1:26.297,historical
8463,1035,840,211,18,6,1:27.187,1:26.674,1:26.428,historical
8464,1035,842,213,10,7,1:27.154,1:26.523,1:26.534,historical
8465,1035,844,6,16,8,1:27.427,1:26.709,1:26.614,historical
8466,1035,848,9,23,9,1:27.153,1:26.642,1:26.669,historical
8467,1035,846,1,4,10,1:27.217,1:26.885,1:26.778,historical
8468,1035,839,4,31,11,1:27.278,1:27.011,NULL,historical
8469,1035,20,6,5,12,1:27.612,1:27.078,NULL,historical
8470,1035,832,1,55,13,1:27.450,1:27.083,NULL,historical
8471,1035,154,210,8,14,1:27.519,1:27.254,NULL,historical
8472,1035,847,3,63,15,1:27.757,1:27.455,NULL,historical
8473,1035,826,213,26,16,1:27.882,NULL,NULL,historical
8474,1035,825,210,20,17,1:28.236,NULL,NULL,historical
8475,1035,849,3,6,18,1:28.430,NULL,NULL,historical
8476,1035,841,51,99,19,1:28.433,NULL,NULL,historical
8477,1035,8,51,7,20,1:28.493,NULL,NULL,historical
8478,1036,1,131,44,1,1:16.872,1:16.013,1:15.584,historical
8479,1036,822,131,77,2,1:17.243,1:16.152,1:15.643,historical
8480,1036,830,9,33,3,1:17.213,1:16.518,1:16.292,historical
8481,1036,815,211,11,4,1:17.117,1:16.936,1:16.482,historical
8482,1036,840,211,18,5,1:17.316,1:16.666,1:16.589,historical
8483,1036,848,9,23,6,1:17.419,1:17.163,1:17.029,historical
8484,1036,832,1,55,7,1:17.438,1:16.876,1:17.044,historical
8485,1036,846,1,4,8,1:17.577,1:17.166,1:17.084,historical
8486,1036,844,6,16,9,1:17.256,1:16.953,1:17.087,historical
8487,1036,842,213,10,10,1:17.356,1:16.800,1:17.136,historical
8488,1036,20,6,5,11,1:17.573,1:17.168,NULL,historical
8489,1036,826,213,26,12,1:17.676,1:17.192,NULL,historical
8490,1036,817,4,3,13,1:17.667,1:17.198,NULL,historical
8491,1036,8,51,7,14,1:17.797,1:17.386,NULL,historical
8492,1036,839,4,31,15,1:17.765,1:17.567,NULL,historical
8493,1036,825,210,20,16,1:17.908,NULL,NULL,historical
8494,1036,154,210,8,17,1:18.089,NULL,NULL,historical
8495,1036,847,3,63,18,1:18.099,NULL,NULL,historical
8496,1036,849,3,6,19,1:18.532,NULL,NULL,historical
8497,1036,841,51,99,20,1:18.697,NULL,NULL,historical
8498,1037,1,131,44,1,1:42.323,1:42.014,1:41.252,historical
8499,1037,822,131,77,2,1:42.534,1:42.126,1:41.763,historical
8500,1037,830,9,33,3,1:43.197,1:42.473,1:41.778,historical
8501,1037,817,4,3,4,1:43.309,1:42.487,1:42.061,historical
8502,1037,848,9,23,5,1:43.418,1:42.193,1:42.264,historical
8503,1037,839,4,31,6,1:43.505,1:42.534,1:42.396,historical
8504,1037,832,1,55,7,1:43.322,1:42.478,1:42.438,historical
8505,1037,815,211,11,8,1:43.349,1:42.670,1:42.532,historical
8506,1037,840,211,18,9,1:43.265,1:42.491,1:42.603,historical
8507,1037,846,1,4,10,1:43.514,1:42.722,1:42.657,historical
8508,1037,826,213,26,11,1:43.267,1:42.730,NULL,historical
8509,1037,842,213,10,12,1:43.262,1:42.745,NULL,historical
8510,1037,844,6,16,13,1:43.656,1:42.996,NULL,historical
8511,1037,20,6,5,14,1:43.567,1:43.261,NULL,historical
8512,1037,847,3,63,15,1:43.630,1:43.468,NULL,historical
8513,1037,8,51,7,16,1:43.743,NULL,NULL,historical
8514,1037,154,210,8,17,1:43.838,NULL,NULL,historical
8515,1037,841,51,99,18,1:43.950,NULL,NULL,historical
8516,1037,849,3,6,19,1:44.138,NULL,NULL,historical
8517,1037,825,210,20,20,1:44.314,NULL,NULL,historical
8518,1038,1,131,44,1,1:19.514,1:19.092,1:18.887,historical
8519,1038,822,131,77,2,1:19.786,1:18.952,1:18.956,historical
8520,1038,832,1,55,3,1:20.099,1:19.705,1:19.695,historical
8521,1038,815,211,11,4,1:20.048,1:19.718,1:19.720,historical
8522,1038,830,9,33,5,1:20.193,1:19.780,1:19.795,historical
8523,1038,846,1,4,6,1:20.344,1:19.962,1:19.820,historical
8524,1038,817,4,3,7,1:20.548,1:20.031,1:19.864,historical
8525,1038,840,211,18,8,1:20.400,1:19.924,1:20.049,historical
8526,1038,848,9,23,9,1:21.104,1:20.064,1:20.090,historical
8527,1038,842,213,10,10,1:20.145,1:19.909,1:20.177,historical
8528,1038,826,213,26,11,1:20.307,1:20.169,NULL,historical
8529,1038,839,4,31,12,1:20.747,1:20.234,NULL,historical
8530,1038,844,6,16,13,1:20.443,1:20.273,NULL,historical
8531,1038,8,51,7,14,1:21.010,1:20.926,NULL,historical
8532,1038,825,210,20,15,1:20.869,1:21.573,NULL,historical
8533,1038,154,210,8,16,1:21.139,NULL,NULL,historical
8534,1038,20,6,5,17,1:21.151,NULL,NULL,historical
8535,1038,841,51,99,18,1:21.206,NULL,NULL,historical
8536,1038,847,3,63,19,1:21.587,NULL,NULL,historical
8537,1038,849,3,6,20,1:21.717,NULL,NULL,historical
8538,1039,1,131,44,1,1:15.778,1:15.309,1:15.144,historical
8539,1039,822,131,77,2,1:15.749,1:15.322,1:15.203,historical
8540,1039,830,9,33,3,1:16.335,1:15.471,1:15.509,historical
8541,1039,848,9,23,4,1:16.527,1:15.914,1:15.954,historical
8542,1039,844,6,16,5,1:16.698,1:16.324,1:16.270,historical
8543,1039,815,211,11,6,1:16.596,1:16.489,1:16.311,historical
8544,1039,840,211,18,7,1:16.701,1:16.271,1:16.356,historical
8545,1039,817,4,3,8,1:16.981,1:16.243,1:16.543,historical
8546,1039,832,1,55,9,1:16.993,1:16.522,1:17.870,historical
8547,1039,839,4,31,10,1:16.825,1:16.297,NULL,historical
8548,1039,846,1,4,11,1:16.895,1:16.640,NULL,historical
8549,1039,826,213,26,12,1:16.928,1:16.854,NULL,historical
8550,1039,8,51,7,13,1:17.059,1:16.854,NULL,historical
8551,1039,20,6,5,14,1:17.072,1:16.858,NULL,historical
8552,1039,154,210,8,15,1:17.069,1:17.254,NULL,historical
8553,1039,842,213,10,16,1:17.125,NULL,NULL,historical
8554,1039,841,51,99,17,1:17.220,NULL,NULL,historical
8555,1039,847,3,63,18,1:17.232,NULL,NULL,historical
8556,1039,849,3,6,19,1:17.320,NULL,NULL,historical
8557,1039,825,210,20,20,1:17.348,NULL,NULL,historical
8558,1040,1,131,44,1,1:32.983,1:32.835,1:31.304,historical
8559,1040,830,9,33,2,1:33.630,1:33.157,1:31.867,historical
8560,1040,822,131,77,3,1:32.656,1:32.405,1:31.956,historical
8561,1040,815,211,11,4,1:33.704,1:33.038,1:32.317,historical
8562,1040,817,4,3,5,1:33.650,1:32.218,1:32.364,historical
8563,1040,832,1,55,6,1:33.967,1:32.757,1:32.550,historical
8564,1040,839,4,31,7,1:33.557,1:33.196,1:32.624,historical
8565,1040,846,1,4,8,1:33.804,1:33.081,1:32.847,historical
8566,1040,842,213,10,9,1:33.734,1:33.139,1:33.000,historical
8567,1040,848,9,23,10,1:33.919,1:33.153,1:33.008,historical
8568,1040,844,6,16,11,1:34.071,1:33.239,NULL,historical
8569,1040,826,213,26,12,1:33.511,1:33.249,NULL,historical
8570,1040,840,211,18,13,1:33.852,1:33.364,NULL,historical
8571,1040,847,3,63,14,1:34.020,1:33.583,NULL,historical
8572,1040,20,6,5,15,1:34.134,1:33.609,NULL,historical
8573,1040,154,210,8,16,1:34.592,NULL,NULL,historical
8574,1040,841,51,99,17,1:34.594,NULL,NULL,historical
8575,1040,825,210,20,18,1:34.681,NULL,NULL,historical
8576,1040,849,3,6,19,1:35.066,NULL,NULL,historical
8577,1040,8,51,7,20,1:35.267,NULL,NULL,historical
8578,1041,822,131,77,1,1:26.573,1:25.971,1:25.269,historical
8579,1041,1,131,44,2,1:26.620,1:25.390,1:25.525,historical
8580,1041,830,9,33,3,1:26.319,1:25.467,1:25.562,historical
8581,1041,844,6,16,4,1:26.857,1:26.240,1:26.035,historical
8582,1041,848,9,23,5,1:27.126,1:26.285,1:26.047,historical
8583,1041,817,4,3,6,1:26.836,1:26.096,1:26.223,historical
8584,1041,839,4,31,7,1:27.086,1:26.364,1:26.242,historical
8585,1041,846,1,4,8,1:26.829,1:26.316,1:26.458,historical
8586,1041,815,211,11,9,1:27.120,1:26.330,1:26.704,historical
8587,1041,832,1,55,10,1:27.378,1:26.361,1:26.709,historical
8588,1041,20,6,5,11,1:27.107,1:26.738,NULL,historical
8589,1041,842,213,10,12,1:27.072,1:26.776,NULL,historical
8590,1041,826,213,26,13,1:27.285,1:26.848,NULL,historical
8591,1041,841,51,99,14,1:27.532,1:26.936,NULL,historical
8592,1041,825,210,20,15,1:27.231,1:27.125,NULL,historical
8593,1041,154,210,8,16,1:27.552,NULL,NULL,historical
8594,1041,847,3,63,17,1:27.564,NULL,NULL,historical
8595,1041,849,3,6,18,1:27.812,NULL,NULL,historical
8596,1041,8,51,7,19,1:27.817,NULL,NULL,historical
8597,1041,807,211,27,20,1:28.021,NULL,NULL,historical
8626,1042,840,211,18,12,1:17.667,1:17.626,NULL,historical
8625,1042,839,4,31,11,1:17.775,1:17.614,NULL,historical
8624,1042,817,4,3,10,1:17.621,1:17.481,NULL,historical
8623,1042,842,213,10,9,1:17.209,1:17.367,1:17.803,historical
8622,1042,846,1,4,8,1:17.547,1:17.321,1:17.525,historical
8621,1042,832,1,55,7,1:17.627,1:17.183,1:17.520,historical
8620,1042,848,9,23,6,1:17.435,1:17.411,1:17.437,historical
8619,1042,815,211,11,5,1:17.370,1:17.129,1:17.223,historical
8618,1042,844,6,16,4,1:17.421,1:17.367,1:17.090,historical
8617,1042,830,9,33,3,1:16.879,1:17.038,1:16.904,historical
8616,1042,822,131,77,2,1:16.945,1:16.466,1:16.754,historical
8615,1042,1,131,44,1,1:16.828,1:16.824,1:16.652,historical
8627,1042,826,213,26,13,1:17.841,1:17.728,NULL,historical
8628,1042,847,3,63,14,1:17.931,1:17.788,NULL,historical
8629,1042,20,6,5,15,1:17.446,1:17.919,NULL,historical
8630,1042,8,51,7,16,1:18.201,NULL,NULL,historical
8631,1042,841,51,99,17,1:18.323,NULL,NULL,historical
8632,1042,154,210,8,18,1:18.364,NULL,NULL,historical
8633,1042,825,210,20,19,1:18.508,NULL,NULL,historical
8634,1042,849,3,6,20,1:18.777,NULL,NULL,historical
8635,1043,822,131,77,1,1:14.221,1:14.585,1:13.609,historical
8636,1043,1,131,44,2,1:14.229,1:14.643,1:13.706,historical
8637,1043,830,9,33,3,1:15.034,1:14.974,1:14.176,historical
8638,1043,842,213,10,4,1:15.183,1:14.681,1:14.502,historical
8639,1043,817,4,3,5,1:15.474,1:14.953,1:14.520,historical
8640,1043,848,9,23,6,1:15.402,1:14.745,1:14.572,historical
8641,1043,844,6,16,7,1:15.123,1:15.017,1:14.616,historical
8642,1043,826,213,26,8,1:15.412,1:15.022,1:14.696,historical
8643,1043,846,1,4,9,1:15.274,1:15.051,1:14.814,historical
8644,1043,832,1,55,10,1:15.528,1:15.027,1:14.911,historical
8645,1043,815,211,11,11,1:15.407,1:15.061,NULL,historical
8646,1043,839,4,31,12,1:15.352,1:15.201,NULL,historical
8647,1043,847,3,63,13,1:15.760,1:15.323,NULL,historical
8648,1043,20,6,5,14,1:15.571,1:15.385,NULL,historical
8649,1043,840,211,18,15,1:15.822,1:15.494,NULL,historical
8650,1043,154,210,8,16,1:15.918,NULL,NULL,historical
8651,1043,825,210,20,17,1:15.939,NULL,NULL,historical
8652,1043,8,51,7,18,1:15.953,NULL,NULL,historical
8653,1043,849,3,6,19,1:15.987,NULL,NULL,historical
8654,1043,841,51,99,20,1:16.208,NULL,NULL,historical
8655,1044,840,211,18,1,2:07.467,1:53.372,1:47.765,historical
8656,1044,830,9,33,2,1:57.485,1:50.293,1:48.055,historical
8657,1044,815,211,11,3,2:07.614,1:54.097,1:49.321,historical
8658,1044,848,9,23,4,1:59.431,1:52.282,1:50.448,historical
8659,1044,817,4,3,5,2:05.598,1:54.278,1:51.595,historical
8660,1044,1,131,44,6,2:07.599,1:52.709,1:52.560,historical
8661,1044,839,4,31,7,2:06.115,1:53.657,1:52.622,historical
8662,1044,8,51,7,8,2:01.249,1:53.793,1:52.745,historical
8663,1044,822,131,77,9,2:07.001,1:53.767,1:53.258,historical
8664,1044,841,51,99,10,2:07.341,1:53.431,1:57.226,historical
8665,1044,846,1,4,11,2:07.167,1:54.945,NULL,historical
8666,1044,20,6,5,12,2:03.356,1:55.169,NULL,historical
8667,1044,832,1,55,13,2:07.489,1:55.410,NULL,historical
8668,1044,844,6,16,14,2:04.464,1:56.696,NULL,historical
8669,1044,842,213,10,15,2:05.579,1:58.556,NULL,historical
8670,1044,825,210,20,16,2:08.007,NULL,NULL,historical
8671,1044,826,213,26,17,2:09.070,NULL,NULL,historical
8672,1044,847,3,63,18,2:10.017,NULL,NULL,historical
8673,1044,154,210,8,19,2:12.909,NULL,NULL,historical
8674,1044,849,3,6,20,2:21.611,NULL,NULL,historical
8675,1045,1,131,44,1,1:28.343,1:27.586,1:27.264,historical
8676,1045,822,131,77,2,1:28.767,1:28.063,1:27.553,historical
8677,1045,830,9,33,3,1:28.885,1:28.025,1:27.678,historical
8678,1045,848,9,23,4,1:28.732,1:28.749,1:28.274,historical
8679,1045,815,211,11,5,1:29.178,1:28.894,1:28.322,historical
8680,1045,817,4,3,6,1:29.005,1:28.648,1:28.417,historical
8681,1045,839,4,31,7,1:29.203,1:28.937,1:28.419,historical
8682,1045,842,213,10,8,1:28.971,1:29.008,1:28.448,historical
8683,1045,846,1,4,9,1:29.464,1:28.877,1:28.542,historical
8684,1045,826,213,26,10,1:29.158,1:28.944,1:28.618,historical
8685,1045,20,6,5,11,1:29.142,1:29.149,NULL,historical
8686,1045,844,6,16,12,1:29.137,1:29.165,NULL,historical
8687,1045,840,211,18,13,1:28.679,1:29.557,NULL,historical
8688,1045,847,3,63,14,1:29.294,1:31.218,NULL,historical
8689,1045,832,1,55,15,1:28.975,NULL,NULL,historical
8690,1045,841,51,99,16,1:29.491,NULL,NULL,historical
8691,1045,8,51,7,17,1:29.810,NULL,NULL,historical
8692,1045,825,210,20,18,1:30.111,NULL,NULL,historical
8693,1045,154,210,8,19,1:30.138,NULL,NULL,historical
8694,1045,849,3,6,20,1:30.182,NULL,NULL,historical
8695,1046,822,131,77,1,0:53.904,0:53.803,0:53.377,historical
8696,1046,847,131,63,2,0:54.160,0:53.819,0:53.403,historical
8697,1046,830,9,33,3,0:54.037,0:53.647,0:53.433,historical
8698,1046,844,6,16,4,0:54.249,0:53.825,0:53.613,historical
8699,1046,815,211,11,5,0:54.236,0:53.787,0:53.790,historical
8700,1046,826,213,26,6,0:54.346,0:53.856,0:53.906,historical
8701,1046,817,4,3,7,0:54.388,0:53.871,0:53.957,historical
8702,1046,832,1,55,8,0:54.450,0:53.818,0:54.010,historical
8703,1046,842,213,10,9,0:54.207,0:53.941,0:54.154,historical
8704,1046,840,211,18,10,0:54.595,0:53.840,0:54.200,historical
8705,1046,839,4,31,11,0:54.309,0:53.995,NULL,historical
8706,1046,848,9,23,12,0:54.620,0:54.026,NULL,historical
8707,1046,20,6,5,13,0:54.301,0:54.175,NULL,historical
8708,1046,841,51,99,14,0:54.523,0:54.377,NULL,historical
8709,1046,846,1,4,15,0:54.194,0:54.693,NULL,historical
8710,1046,825,210,20,16,0:54.705,NULL,NULL,historical
8711,1046,849,3,6,17,0:54.796,NULL,NULL,historical
8712,1046,851,3,89,18,0:54.892,NULL,NULL,historical
8713,1046,8,51,7,19,0:54.963,NULL,NULL,historical
8714,1046,850,210,51,20,0:55.426,NULL,NULL,historical
8715,1047,830,9,33,1,1:35.993,1:35.641,1:35.246,historical
8716,1047,822,131,77,2,1:35.699,1:35.527,1:35.271,historical
8717,1047,1,131,44,3,1:35.528,1:35.466,1:35.332,historical
8718,1047,846,1,4,4,1:36.016,1:35.849,1:35.497,historical
8719,1047,848,9,23,5,1:36.106,1:35.654,1:35.571,historical
8720,1047,832,1,55,6,1:36.517,1:36.192,1:35.815,historical
8721,1047,826,213,26,7,1:36.459,1:36.214,1:35.963,historical
8722,1047,840,211,18,8,1:36.502,1:36.143,1:36.046,historical
8723,1047,844,6,16,9,1:35.881,1:35.932,1:36.065,historical
8724,1047,842,213,10,10,1:36.545,1:36.282,1:36.242,historical
8725,1047,839,4,31,11,1:36.783,1:36.359,NULL,historical
8726,1047,817,4,3,12,1:36.704,1:36.406,NULL,historical
8727,1047,20,6,5,13,1:36.655,1:36.631,NULL,historical
8728,1047,841,51,99,14,1:37.075,1:38.248,NULL,historical
8729,1047,815,211,11,15,1:36.034,NULL,NULL,historical
8730,1047,8,51,7,16,1:37.555,NULL,NULL,historical
8731,1047,825,210,20,17,1:37.863,NULL,NULL,historical
8732,1047,847,3,63,18,1:38.045,NULL,NULL,historical
8733,1047,850,210,51,19,1:38.173,NULL,NULL,historical
8734,1047,849,3,6,20,1:38.443,NULL,NULL,historical
8735,1052,830,9,33,1,1:30.499,1:30.318,1:28.997,historical
8736,1052,1,131,44,2,1:30.617,1:30.085,1:29.385,historical
8737,1052,822,131,77,3,1:31.200,1:30.186,1:29.586,historical
8738,1052,844,6,16,4,1:30.691,1:30.010,1:29.678,historical
8739,1052,842,213,10,5,1:30.848,1:30.513,1:29.809,historical
8740,1052,817,1,3,6,1:30.795,1:30.222,1:29.927,historical
8741,1052,846,1,4,7,1:30.902,1:30.099,1:29.974,historical
8742,1052,832,6,55,8,1:31.653,1:30.009,1:30.215,historical
8743,1052,4,214,14,9,1:30.863,1:30.595,1:30.249,historical
8744,1052,840,117,18,10,1:31.261,1:30.624,1:30.601,historical
8745,1052,815,9,11,11,1:31.165,1:30.659,NULL,historical
8746,1052,841,51,99,12,1:30.998,1:30.708,NULL,historical
8747,1052,852,213,22,13,1:30.607,1:31.203,NULL,historical
8748,1052,8,51,7,14,1:31.547,1:31.238,NULL,historical
8749,1052,847,3,63,15,1:31.316,1:33.430,NULL,historical
8750,1052,839,214,31,16,1:31.724,NULL,NULL,historical
8751,1052,849,3,6,17,1:31.936,NULL,NULL,historical
8752,1052,20,117,5,18,1:32.056,NULL,NULL,historical
8753,1052,854,210,47,19,1:32.449,NULL,NULL,historical
8754,1052,853,210,9,20,1:33.273,NULL,NULL,historical
8755,1053,1,131,44,1,1:14.823,1:14.817,1:14.411,historical
8756,1053,815,9,11,2,1:15.395,1:14.716,1:14.446,historical
8757,1053,830,9,33,3,1:15.109,1:14.884,1:14.498,historical
8758,1053,844,6,16,4,1:15.413,1:14.808,1:14.740,historical
8759,1053,842,213,10,5,1:15.548,1:14.927,1:14.790,historical
8760,1053,817,1,3,6,1:15.669,1:15.033,1:14.826,historical
8761,1053,846,1,4,7,1:15.009,1:14.718,1:14.875,historical
8762,1053,822,131,77,8,1:14.672,1:14.905,1:14.898,historical
8763,1053,839,214,31,9,1:15.385,1:15.117,1:15.210,historical
8764,1053,840,117,18,10,1:15.522,1:15.138,NULL,historical
8765,1053,832,6,55,11,1:15.406,1:15.199,NULL,historical
8766,1053,847,3,63,12,1:15.826,1:15.261,NULL,historical
8767,1053,20,117,5,13,1:15.459,1:15.394,NULL,historical
8768,1053,849,3,6,14,1:15.653,1:15.593,NULL,historical
8769,1053,4,214,14,15,1:15.832,1:15.593,NULL,historical
8770,1053,8,51,7,16,1:15.974,NULL,NULL,historical
8771,1053,841,51,99,17,1:16.122,NULL,NULL,historical
8772,1053,854,210,47,18,1:16.279,NULL,NULL,historical
8773,1053,853,210,9,19,1:16.797,NULL,NULL,historical
8774,1053,852,213,22,20,NULL,NULL,NULL,historical
8775,1054,822,131,77,1,1:18.722,1:18.458,1:18.348,historical
8776,1054,1,131,44,2,1:18.857,1:17.968,1:18.355,historical
8777,1054,830,9,33,3,1:19.485,1:18.650,1:18.746,historical
8778,1054,815,9,11,4,1:19.337,1:18.845,1:18.890,historical
8779,1054,832,6,55,5,1:19.309,1:18.813,1:19.039,historical
8780,1054,839,214,31,6,1:19.092,1:18.586,1:19.042,historical
8781,1054,846,1,4,7,1:18.794,1:18.481,1:19.116,historical
8782,1054,844,6,16,8,1:19.373,1:18.769,1:19.306,historical
8783,1054,842,213,10,9,1:19.464,1:19.052,1:19.475,historical
8784,1054,20,117,5,10,1:19.403,1:18.970,1:19.659,historical
8785,1054,847,3,63,11,1:19.797,1:19.109,NULL,historical
8786,1054,841,51,99,12,1:19.410,1:19.216,NULL,historical
8787,1054,4,214,14,13,1:19.728,1:19.456,NULL,historical
8788,1054,852,213,22,14,1:19.684,1:19.463,NULL,historical
8789,1054,8,51,7,15,1:19.748,1:19.812,NULL,historical
8790,1054,817,1,3,16,1:19.839,NULL,NULL,historical
8791,1054,840,117,18,17,1:19.913,NULL,NULL,historical
8792,1054,849,3,6,18,1:20.285,NULL,NULL,historical
8793,1054,854,210,47,19,1:20.452,NULL,NULL,historical
8794,1054,853,210,9,20,1:20.912,NULL,NULL,historical
8795,1055,1,131,44,1,1:18.245,1:17.166,1:16.741,historical
8796,1055,830,9,33,2,1:18.090,1:16.922,1:16.777,historical
8797,1055,822,131,77,3,1:18.005,1:17.142,1:16.873,historical
8798,1055,844,6,16,4,1:18.041,1:17.717,1:17.510,historical
8799,1055,839,214,31,5,1:18.281,1:17.743,1:17.580,historical
8800,1055,832,6,55,6,1:18.205,1:17.656,1:17.620,historical
8801,1055,817,1,3,7,1:18.264,1:17.719,1:17.622,historical
8802,1055,815,9,11,8,1:18.203,1:17.669,1:17.701,historical
8803,1055,846,1,4,9,1:17.821,1:17.696,1:18.010,historical
8804,1055,4,214,14,10,1:18.281,1:17.966,1:18.147,historical
8805,1055,840,117,18,11,1:18.241,1:17.974,NULL,historical
8806,1055,842,213,10,12,1:18.190,1:17.982,NULL,historical
8807,1055,20,117,5,13,1:18.289,1:18.079,NULL,historical
8808,1055,841,51,99,14,1:18.549,1:18.356,NULL,historical
8809,1055,847,3,63,15,1:18.445,1:19.154,NULL,historical
8810,1055,852,213,22,16,1:18.556,NULL,NULL,historical
8811,1055,8,51,7,17,1:18.917,NULL,NULL,historical
8812,1055,854,210,47,18,1:19.117,NULL,NULL,historical
8813,1055,849,3,6,19,1:19.219,NULL,NULL,historical
8814,1055,853,210,9,20,1:19.807,NULL,NULL,historical
8815,1056,844,6,16,1,1:11.113,1:10.597,1:10.346,historical
8816,1056,830,9,33,2,1:11.124,1:10.650,1:10.576,historical
8817,1056,822,131,77,3,1:10.938,1:10.695,1:10.601,historical
8818,1056,832,6,55,4,1:11.324,1:10.806,1:10.611,historical
8819,1056,846,1,4,5,1:11.321,1:11.031,1:10.620,historical
8820,1056,842,213,10,6,1:11.560,1:11.179,1:10.900,historical
8821,1056,1,131,44,7,1:11.622,1:11.116,1:11.095,historical
8822,1056,20,117,5,8,1:12.078,1:11.309,1:11.419,historical
8823,1056,815,9,11,9,1:11.644,1:11.019,1:11.573,historical
8824,1056,841,51,99,10,1:11.658,1:11.409,1:11.779,historical
8825,1056,839,214,31,11,1:11.740,1:11.486,NULL,historical
8826,1056,817,1,3,12,1:11.747,1:11.598,NULL,historical
8827,1056,840,117,18,13,1:11.979,1:11.600,NULL,historical
8828,1056,8,51,7,14,1:11.899,1:11.642,NULL,historical
8829,1056,847,3,63,15,1:12.016,1:11.830,NULL,historical
8830,1056,852,213,22,16,1:12.096,NULL,NULL,historical
8831,1056,4,214,14,17,1:12.205,NULL,NULL,historical
8832,1056,849,3,6,18,1:12.366,NULL,NULL,historical
8833,1056,853,210,9,19,1:12.958,NULL,NULL,historical
8834,1057,844,6,16,1,1:42.241,1:41.659,1:41.218,historical
8835,1057,1,131,44,2,1:41.545,1:41.634,1:41.450,historical
8836,1057,830,9,33,3,1:41.760,1:41.625,1:41.563,historical
8837,1057,842,213,10,4,1:42.288,1:41.932,1:41.565,historical
8838,1057,832,6,55,5,1:42.121,1:41.740,1:41.576,historical
8839,1057,846,1,4,6,1:42.167,1:41.813,1:41.747,historical
8840,1057,815,9,11,7,1:41.968,1:41.630,1:41.917,historical
8841,1057,852,213,22,8,1:42.521,1:41.654,1:42.211,historical
8842,1057,4,214,14,9,1:42.934,1:42.195,1:42.327,historical
8843,1057,822,131,77,10,1:42.701,1:42.106,1:42.659,historical
8844,1057,20,117,5,11,1:42.460,1:42.224,NULL,historical
8845,1057,839,214,31,12,1:42.426,1:42.273,NULL,historical
8846,1057,817,1,3,13,1:42.304,1:42.558,NULL,historical
8847,1057,8,51,7,14,1:42.923,1:42.587,NULL,historical
8848,1057,847,3,63,15,1:42.728,1:42.758,NULL,historical
8849,1057,849,3,6,16,1:43.128,NULL,NULL,historical
8850,1057,854,210,47,17,1:44.158,NULL,NULL,historical
8851,1057,853,210,9,18,1:44.238,NULL,NULL,historical
8852,1057,840,117,18,19,NULL,NULL,NULL,historical
8853,1057,841,51,99,20,NULL,NULL,NULL,historical
8854,1059,830,9,33,1,1:31.001,1:31.080,1:29.990,historical
8855,1059,1,131,44,2,1:31.237,1:30.788,1:30.248,historical
8856,1059,822,131,77,3,1:31.669,1:30.735,1:30.376,historical
8857,1059,815,9,11,4,1:31.560,1:30.971,1:30.445,historical
8858,1059,832,6,55,5,1:32.079,1:31.146,1:30.840,historical
8859,1059,842,213,10,6,1:31.898,1:31.353,1:30.868,historical
8860,1059,844,6,16,7,1:32.209,1:31.567,1:30.987,historical
8861,1059,846,1,4,8,1:31.733,1:31.542,1:31.252,historical
8862,1059,4,214,14,9,1:32.158,1:31.549,1:31.340,historical
8863,1059,817,1,3,10,1:32.181,1:31.615,1:31.382,historical
8864,1059,839,214,31,11,1:32.139,1:31.736,NULL,historical
8865,1059,20,117,5,12,1:32.132,1:31.767,NULL,historical
8866,1059,841,51,99,13,1:32.722,1:31.813,NULL,historical
8867,1059,847,3,63,14,1:33.060,1:32.065,NULL,historical
8868,1059,854,210,47,15,1:32.942,NULL,NULL,historical
8869,1059,849,3,6,16,1:33.062,NULL,NULL,historical
8870,1059,8,51,7,17,1:33.354,NULL,NULL,historical
8871,1059,853,210,9,18,1:33.554,NULL,NULL,historical
8872,1059,840,117,18,19,NULL,NULL,NULL,historical
8873,1059,852,213,22,20,NULL,NULL,NULL,historical
8874,1058,830,9,33,1,1:04.489,1:04.433,1:03.841,historical
8875,1058,822,131,77,2,1:04.537,1:04.443,1:04.035,historical
8876,1058,1,131,44,3,1:04.672,1:04.512,1:04.067,historical
8877,1058,846,1,4,4,1:04.584,1:04.298,1:04.120,historical
8878,1058,815,9,11,5,1:04.638,1:04.197,1:04.168,historical
8879,1058,842,213,10,6,1:04.765,1:04.429,1:04.236,historical
8880,1058,844,6,16,7,1:04.745,1:04.646,1:04.472,historical
8881,1058,852,213,22,8,1:04.608,1:04.631,1:04.514,historical
8882,1058,4,214,14,9,1:04.971,1:04.582,1:04.574,historical
8883,1058,840,117,18,10,1:04.821,1:04.663,1:04.708,historical
8884,1058,847,3,63,11,1:05.033,1:04.671,NULL,historical
8885,1058,832,6,55,12,1:04.859,1:04.800,NULL,historical
8886,1058,817,1,3,13,1:05.142,1:04.808,NULL,historical
8887,1058,20,117,5,14,1:05.051,1:04.875,NULL,historical
8888,1058,841,51,99,15,1:05.092,1:04.913,NULL,historical
8889,1058,849,3,6,16,1:05.175,NULL,NULL,historical
8890,1058,839,214,31,17,1:05.217,NULL,NULL,historical
8891,1058,8,51,7,18,1:05.429,NULL,NULL,historical
8892,1058,854,210,47,19,1:06.041,NULL,NULL,historical
8893,1058,853,210,9,20,1:06.192,NULL,NULL,historical
8894,1060,830,9,33,1,1:04.249,1:03.927,1:03.720,historical
8895,1060,846,1,4,2,1:04.345,1:04.415,1:03.768,historical
8896,1060,815,9,11,3,1:04.833,1:04.483,1:03.990,historical
8897,1060,1,131,44,4,1:04.506,1:04.258,1:04.014,historical
8898,1060,822,131,77,5,1:04.563,1:04.376,1:04.049,historical
8899,1060,842,213,10,6,1:04.841,1:04.412,1:04.107,historical
8900,1060,852,213,22,7,1:04.967,1:04.518,1:04.273,historical
8901,1060,20,117,5,8,1:04.846,1:04.493,1:04.570,historical
8902,1060,847,3,63,9,1:04.907,1:04.553,1:04.591,historical
8903,1060,840,117,18,10,1:04.927,1:04.547,1:04.618,historical
8904,1060,832,6,55,11,1:04.596,1:04.559,NULL,historical
8905,1060,844,6,16,12,1:04.906,1:04.600,NULL,historical
8906,1060,817,1,3,13,1:04.977,1:04.719,NULL,historical
8907,1060,4,214,14,14,1:04.472,1:04.856,NULL,historical
8908,1060,841,51,99,15,1:04.782,1:05.083,NULL,historical
8909,1060,8,51,7,16,1:05.009,NULL,NULL,historical
8910,1060,839,214,31,17,1:05.051,NULL,NULL,historical
8911,1060,849,3,6,18,1:05.195,NULL,NULL,historical
8912,1060,854,210,47,19,1:05.427,NULL,NULL,historical
8913,1060,853,210,9,20,1:05.951,NULL,NULL,historical
8914,1061,1,131,44,1,1:26.786,1:26.023,1:26.134,historical
8915,1061,830,9,33,2,1:26.751,1:26.315,1:26.209,historical
8916,1061,822,131,77,3,1:27.487,1:26.764,1:26.328,historical
8917,1061,844,6,16,4,1:27.051,1:26.919,1:26.828,historical
8918,1061,815,9,11,5,1:27.121,1:27.073,1:26.844,historical
8919,1061,846,1,4,6,1:27.444,1:27.220,1:26.897,historical
8920,1061,817,1,3,7,1:27.323,1:27.125,1:26.899,historical
8921,1061,847,3,63,8,1:27.671,1:27.080,1:26.971,historical
8922,1061,832,6,55,9,1:27.337,1:26.848,1:27.007,historical
8923,1061,20,117,5,10,1:27.493,1:27.103,1:27.179,historical
8924,1061,4,214,14,11,1:27.580,1:27.245,NULL,historical
8925,1061,842,213,10,12,1:27.600,1:27.273,NULL,historical
8926,1061,839,214,31,13,1:27.415,1:27.340,NULL,historical
8927,1061,841,51,99,14,1:27.595,1:27.617,NULL,historical
8928,1061,840,117,18,15,1:28.017,1:27.665,NULL,historical
8929,1061,852,213,22,16,1:28.043,NULL,NULL,historical
8930,1061,8,51,7,17,1:28.062,NULL,NULL,historical
8931,1061,849,3,6,18,1:28.254,NULL,NULL,historical
8932,1061,854,210,47,19,1:28.738,NULL,NULL,historical
8933,1061,853,210,9,20,1:29.051,NULL,NULL,historical
8934,1062,1,131,44,1,1:16.424,1:16.553,1:15.419,historical
8935,1062,822,131,77,2,1:16.569,1:16.702,1:15.734,historical
8936,1062,830,9,33,3,1:16.214,1:15.650,1:15.840,historical
8937,1062,815,9,11,4,1:17.233,1:16.443,1:16.421,historical
8938,1062,842,213,10,5,1:16.874,1:16.394,1:16.483,historical
8939,1062,846,1,4,6,1:17.081,1:16.385,1:16.489,historical
8940,1062,844,6,16,7,1:17.084,1:16.574,1:16.496,historical
8941,1062,839,214,31,8,1:17.367,1:16.766,1:16.653,historical
8942,1062,4,214,14,9,1:17.123,1:16.541,1:16.715,historical
8943,1062,20,117,5,10,1:17.105,1:16.794,1:16.750,historical
8944,1062,817,1,3,11,1:17.664,1:16.871,NULL,historical
8945,1062,840,117,18,12,1:17.038,1:16.893,NULL,historical
8946,1062,8,51,7,13,1:17.553,1:17.564,NULL,historical
8947,1062,841,51,99,14,1:17.776,1:17.583,NULL,historical
8948,1062,832,6,55,15,1:16.649,NULL,NULL,historical
8949,1062,852,213,22,16,1:17.919,NULL,NULL,historical
8950,1062,847,3,63,17,1:17.944,NULL,NULL,historical
8951,1062,849,3,6,18,1:18.036,NULL,NULL,historical
8952,1062,853,210,9,19,1:18.922,NULL,NULL,historical
8953,1062,854,210,47,20,NULL,NULL,NULL,historical
8954,1063,830,9,33,1,1:58.717,1:56.559,1:59.765,historical
8955,1063,847,3,63,2,1:59.864,1:56.950,2:00.086,historical
8956,1063,1,131,44,3,1:59.218,1:56.229,2:00.099,historical
8957,1063,817,1,3,4,2:01.583,1:57.127,2:00.864,historical
8958,1063,20,117,5,5,2:00.175,1:56.814,2:00.935,historical
8959,1063,842,213,10,6,2:00.387,1:56.440,2:01.164,historical
8960,1063,815,9,11,7,1:59.334,1:56.886,2:02.112,historical
8961,1063,822,131,77,8,1:59.870,1:56.295,2:02.502,historical
8962,1063,839,214,31,9,2:01.824,1:57.354,2:03.513,historical
8963,1063,846,1,4,10,1:58.301,1:56.025,NULL,historical
8964,1063,844,6,16,11,2:00.728,1:57.721,NULL,historical
8965,1063,849,3,6,12,2:00.966,1:58.056,NULL,historical
8966,1063,832,6,55,13,2:01.184,1:58.137,NULL,historical
8967,1063,4,214,14,14,2:01.653,1:58.205,NULL,historical
8968,1063,840,117,18,15,2:01.597,1:58.231,NULL,historical
8969,1063,841,51,99,16,2:02.306,NULL,NULL,historical
8970,1063,852,213,22,17,2:02.413,NULL,NULL,historical
8971,1063,854,210,47,18,2:03.973,NULL,NULL,historical
8972,1063,8,51,7,19,2:04.452,NULL,NULL,historical
8973,1063,853,210,9,20,2:04.939,NULL,NULL,historical
8974,1064,830,9,33,1,1:10.036,1:09.071,1:08.885,historical
8975,1064,1,131,44,2,1:10.114,1:09.726,1:08.923,historical
8976,1064,822,131,77,3,1:10.219,1:09.769,1:09.222,historical
8977,1064,842,213,10,4,1:10.274,1:09.541,1:09.478,historical
8978,1064,844,6,16,5,1:09.829,1:09.437,1:09.527,historical
8979,1064,832,6,55,6,1:10.022,1:09.870,1:09.537,historical
8980,1064,841,51,99,7,1:10.050,1:10.033,1:09.590,historical
8981,1064,839,214,31,8,1:10.179,1:09.919,1:09.933,historical
8982,1064,4,214,14,9,1:10.435,1:10.020,1:09.956,historical
8983,1064,817,1,3,10,1:10.255,1:09.865,1:10.166,historical
8984,1064,847,3,63,11,1:10.382,1:10.332,NULL,historical
8985,1064,840,117,18,12,1:10.438,1:10.367,NULL,historical
8986,1064,846,1,4,13,1:10.489,1:10.406,NULL,historical
8987,1064,849,3,6,14,1:10.093,1:11.161,NULL,historical
8988,1064,852,213,22,15,1:10.462,1:11.314,NULL,historical
8989,1064,815,9,11,16,1:10.530,NULL,NULL,historical
8990,1064,20,117,5,17,1:10.731,NULL,NULL,historical
8991,1064,9,51,88,18,1:11.301,NULL,NULL,historical
8992,1064,854,210,47,19,1:11.387,NULL,NULL,historical
8993,1064,853,210,9,20,1:11.875,NULL,NULL,historical
8994,1065,822,131,77,1,1:20.685,1:20.032,1:19.555,historical
8995,1065,1,131,44,2,1:20.543,1:19.936,1:19.651,historical
8996,1065,830,9,33,3,1:21.035,1:20.229,1:19.966,historical
8997,1065,846,1,4,4,1:20.916,1:20.059,1:19.989,historical
8998,1065,817,1,3,5,1:21.292,1:20.435,1:19.995,historical
8999,1065,842,213,10,6,1:21.440,1:20.556,1:20.260,historical
9000,1065,832,6,55,7,1:21.118,1:20.750,1:20.462,historical
9001,1065,844,6,16,8,1:21.219,1:20.767,1:20.510,historical
9002,1065,815,9,11,9,1:21.308,1:20.882,1:20.611,historical
9003,1065,841,51,99,10,1:21.197,1:20.726,1:20.808,historical
9004,1065,20,117,5,11,1:21.394,1:20.913,NULL,historical
9005,1065,840,117,18,12,1:21.415,1:21.020,NULL,historical
9006,1065,4,214,14,13,1:21.487,1:21.069,NULL,historical
9007,1065,839,214,31,14,1:21.500,1:21.103,NULL,historical
9008,1065,847,3,63,15,1:21.890,1:21.392,NULL,historical
9009,1065,849,3,6,16,1:21.925,NULL,NULL,historical
9010,1065,852,213,22,17,1:21.973,NULL,NULL,historical
9011,1065,854,210,47,18,1:22.248,NULL,NULL,historical
9012,1065,9,51,88,19,1:22.530,NULL,NULL,historical
9013,1065,853,210,9,20,1:22.716,NULL,NULL,historical
9014,1066,846,1,4,1,1:47.238,1:45.827,1:41.993,historical
9015,1066,832,6,55,2,1:47.924,1:46.521,1:42.510,historical
9016,1066,847,3,63,3,1:48.303,1:46.435,1:42.983,historical
9017,1066,1,131,44,4,1:45.992,1:45.129,1:44.050,historical
9018,1066,817,1,3,5,1:48.345,1:46.361,1:44.156,historical
9019,1066,4,214,14,6,1:47.877,1:45.514,1:44.204,historical
9020,1066,822,131,77,7,1:46.396,1:45.306,1:44.710,historical
9021,1066,840,117,18,8,1:48.322,1:46.360,1:44.956,historical
9022,1066,815,9,11,9,1:46.455,1:45.834,1:45.337,historical
9023,1066,839,214,31,10,1:48.099,1:46.070,1:45.865,historical
9024,1066,20,117,5,11,1:47.205,1:46.573,NULL,historical
9025,1066,842,213,10,12,1:47.828,1:46.641,NULL,historical
9026,1066,852,213,22,13,1:48.854,1:46.751,NULL,historical
9027,1066,849,3,6,14,1:48.252,NULL,NULL,historical
9028,1066,844,6,16,15,1:48.470,NULL,NULL,historical
9029,1066,8,51,7,16,1:49.586,NULL,NULL,historical
9030,1066,854,210,47,17,1:49.830,NULL,NULL,historical
9031,1066,841,51,99,18,1:51.023,NULL,NULL,historical
9032,1066,853,210,9,19,1:53.764,NULL,NULL,historical
9033,1066,830,9,33,20,NULL,NULL,NULL,historical
9034,228,84,17,12,12,1:29.099,NULL,NULL,historical
9035,228,85,28,23,22,NULL,NULL,NULL,historical
9036,1067,1,131,44,1,1:24.585,1:23.082,1:22.868,historical
9037,1067,822,131,77,2,1:25.047,1:23.579,1:22.998,historical
9038,1067,830,9,33,3,1:24.592,1:23.732,1:23.196,historical
9039,1067,844,6,16,4,1:24.869,1:24.015,1:23.265,historical
9040,1067,842,213,10,5,1:24.704,1:23.817,1:23.326,historical
9041,1067,4,214,14,6,1:25.174,1:23.914,1:23.477,historical
9042,1067,815,9,11,7,1:24.963,1:23.961,1:23.706,historical
9043,1067,846,1,4,8,1:25.138,1:24.642,1:23.954,historical
9044,1067,840,117,18,9,1:25.511,1:24.601,1:24.305,historical
9045,1067,852,213,22,10,1:25.409,1:24.054,1:24.368,historical
9046,1067,20,117,5,11,1:25.787,1:24.795,NULL,historical
9047,1067,839,214,31,12,1:25.422,1:24.842,NULL,historical
9048,1067,847,3,63,13,1:25.417,1:25.007,NULL,historical
9049,1067,854,210,47,14,1:25.555,1:25.200,NULL,historical
9050,1067,832,6,55,15,1:25.177,NULL,NULL,historical
9051,1067,817,1,3,16,1:25.881,NULL,NULL,historical
9052,1067,849,3,6,17,1:26.086,NULL,NULL,historical
9053,1067,841,51,99,18,1:26.430,NULL,NULL,historical
9054,1067,8,51,7,19,1:27.525,NULL,NULL,historical
9055,1067,853,210,9,20,1:28.449,NULL,NULL,historical
9056,1069,830,9,33,1,1:34.352,1:33.464,1:32.910,historical
9057,1069,1,131,44,2,1:34.579,1:33.797,1:33.119,historical
9058,1069,815,9,11,3,1:34.369,1:34.178,1:33.134,historical
9059,1069,822,131,77,4,1:34.590,1:33.959,1:33.475,historical
9060,1069,844,6,16,5,1:34.153,1:33.928,1:33.606,historical
9061,1069,832,6,55,6,1:34.558,1:34.126,1:33.792,historical
9062,1069,817,1,3,7,1:34.407,1:34.643,1:33.808,historical
9063,1069,846,1,4,8,1:34.551,1:33.880,1:33.887,historical
9064,1069,842,213,10,9,1:34.567,1:34.583,1:34.118,historical
9065,1069,852,213,22,10,1:35.360,1:35.137,1:34.918,historical
9066,1069,839,214,31,11,1:35.747,1:35.377,NULL,historical
9067,1069,20,117,5,12,1:35.281,1:35.500,NULL,historical
9068,1069,841,51,99,13,1:35.920,1:35.794,NULL,historical
9069,1069,4,214,14,14,1:35.756,1:44.549,NULL,historical
9070,1069,847,3,63,15,1:35.746,NULL,NULL,historical
9071,1069,840,117,18,16,1:35.983,NULL,NULL,historical
9072,1069,849,3,6,17,1:35.995,NULL,NULL,historical
9073,1069,8,51,7,18,1:36.311,NULL,NULL,historical
9074,1069,854,210,47,19,1:36.499,NULL,NULL,historical
9075,1069,853,210,9,20,1:36.796,NULL,NULL,historical
9076,1070,822,131,77,1,1:16.727,1:16.864,1:15.875,historical
9077,1070,1,131,44,2,1:17.207,1:16.474,1:16.020,historical
9078,1070,830,9,33,3,1:16.788,1:16.483,1:16.225,historical
9079,1070,815,9,11,4,1:17.003,1:17.055,1:16.342,historical
9080,1070,842,213,10,5,1:16.908,1:16.955,1:16.456,historical
9081,1070,832,6,55,6,1:17.517,1:17.248,1:16.761,historical
9082,1070,817,1,3,7,1:17.719,1:17.092,1:16.763,historical
9083,1070,844,6,16,8,1:16.748,1:17.034,1:16.837,historical
9084,1070,852,213,22,9,1:17.330,1:16.701,1:17.158,historical
9085,1070,846,1,4,10,1:17.569,1:17.473,1:36.830,historical
9086,1070,20,117,5,11,1:17.502,1:17.746,NULL,historical
9087,1070,8,51,7,12,1:17.606,1:17.958,NULL,historical
9088,1070,847,3,63,13,1:17.958,1:18.172,NULL,historical
9089,1070,841,51,99,14,1:17.897,1:18.290,NULL,historical
9090,1070,839,214,31,15,1:18.126,1:18.405,NULL,historical
9091,1070,4,214,14,16,1:18.452,NULL,NULL,historical
9092,1070,849,3,6,17,1:18.756,NULL,NULL,historical
9093,1070,854,210,47,18,1:18.858,NULL,NULL,historical
9094,1070,853,210,9,19,1:19.303,NULL,NULL,historical
9095,1070,840,117,18,20,1:20.873,NULL,NULL,historical
9096,1071,1,131,44,1,1:08.733,1:08.068,1:07.934,historical
9097,1071,830,9,33,2,1:09.329,1:08.499,1:08.372,historical
9098,1071,822,131,77,3,1:09.040,1:08.426,1:08.469,historical
9099,1071,815,9,11,4,1:09.172,1:08.973,1:08.483,historical
9100,1071,842,213,10,5,1:09.347,1:08.903,1:08.777,historical
9101,1071,832,6,55,6,1:09.046,1:09.031,1:08.826,historical
9102,1071,844,6,16,7,1:09.155,1:08.859,1:08.960,historical
9103,1071,846,1,4,8,1:09.365,1:09.030,1:08.980,historical
9104,1071,817,1,3,9,1:09.374,1:09.093,1:09.039,historical
9105,1071,4,214,14,10,1:09.391,1:09.137,1:09.113,historical
9106,1071,839,214,31,11,1:09.430,1:09.189,NULL,historical
9107,1071,20,117,5,12,1:09.451,1:09.399,NULL,historical
9108,1071,852,213,22,13,1:09.350,1:09.483,NULL,historical
9109,1071,8,51,7,14,1:09.598,1:09.503,NULL,historical
9110,1071,841,51,99,15,1:09.342,1:10.227,NULL,historical
9111,1071,840,117,18,16,1:09.663,NULL,NULL,historical
9112,1071,849,3,6,17,1:09.897,NULL,NULL,historical
9113,1071,847,3,63,18,1:09.953,NULL,NULL,historical
9114,1071,854,210,47,19,1:10.329,NULL,NULL,historical
9115,1071,853,210,9,20,1:10.589,NULL,NULL,historical
9116,1051,1,131,44,1,1:21.901,1:21.682,1:20.827,historical
9117,1051,830,9,33,2,1:21.996,1:21.984,1:21.282,historical
9118,1051,822,131,77,3,1:22.016,1:21.991,1:21.478,historical
9119,1051,842,213,10,4,1:22.535,1:21.728,1:21.640,historical
9120,1051,4,214,14,5,1:22.422,1:21.894,1:21.670,historical
9121,1051,846,1,4,6,1:22.839,1:22.216,1:21.731,historical
9122,1051,832,6,55,7,1:22.304,1:22.241,1:21.840,historical
9123,1051,852,213,22,8,1:22.458,1:22.058,1:21.881,historical
9124,1051,839,214,31,9,1:22.565,1:22.012,1:22.028,historical
9125,1051,20,117,5,10,1:22.549,1:22.146,1:22.785,historical
9126,1051,815,9,11,11,1:22.398,1:22.346,NULL,historical
9127,1051,840,117,18,12,1:22.551,1:22.460,NULL,historical
9128,1051,844,6,16,13,1:22.742,1:22.463,NULL,historical
9129,1051,817,1,3,14,1:22.688,1:22.597,NULL,historical
9130,1051,847,3,63,15,1:22.863,1:22.756,NULL,historical
9131,1051,8,51,7,16,1:23.156,NULL,NULL,historical
9132,1051,849,3,6,17,1:23.213,NULL,NULL,historical
9133,1051,841,51,99,18,1:23.262,NULL,NULL,historical
9134,1051,854,210,47,19,1:23.407,NULL,NULL,historical
9135,1051,853,210,9,20,1:25.859,NULL,NULL,historical
9136,1072,1,131,44,1,1:28.466,1:27.712,1:27.511,historical
9137,1072,822,131,77,2,1:28.057,1:28.054,1:27.622,historical
9138,1072,830,9,33,3,1:28.285,1:27.953,1:27.653,historical
9139,1072,844,6,16,4,1:28.310,1:28.459,1:28.054,historical
9140,1072,815,9,11,5,1:28.021,1:27.946,1:28.123,historical
9141,1072,842,213,10,6,1:28.401,1:28.314,1:28.125,historical
9142,1072,846,1,4,7,1:28.338,1:28.344,1:28.180,historical
9143,1072,852,213,22,8,1:28.503,1:28.222,1:28.442,historical
9144,1072,839,214,31,9,1:28.752,1:28.574,1:28.647,historical
9145,1072,841,51,99,10,1:28.899,1:28.616,1:28.754,historical
9146,1072,817,1,3,11,1:28.216,1:28.668,NULL,historical
9147,1072,8,51,7,12,1:28.856,1:28.885,NULL,historical
9148,1072,4,214,14,13,1:28.944,1:28.920,NULL,historical
9149,1072,847,3,63,14,1:28.926,1:29.054,NULL,historical
9150,1072,832,6,55,15,1:28.237,1:53.652,NULL,historical
9151,1072,849,3,6,16,1:29.177,NULL,NULL,historical
9152,1072,20,117,5,17,1:29.198,NULL,NULL,historical
9153,1072,840,117,18,18,1:29.368,NULL,NULL,historical
9154,1072,854,210,47,19,1:29.464,NULL,NULL,historical
9155,1072,853,210,9,20,1:30.473,NULL,NULL,historical
9156,1073,830,9,33,1,1:23.322,1:22.800,1:22.109,historical
9157,1073,1,131,44,2,1:22.845,1:23.145,1:22.480,historical
9158,1073,846,1,4,3,1:23.553,1:23.256,1:22.931,historical
9159,1073,815,9,11,4,1:23.350,1:23.135,1:22.947,historical
9160,1073,832,6,55,5,1:23.624,1:23.174,1:22.992,historical
9161,1073,822,131,77,6,1:23.117,1:23.246,1:23.036,historical
9162,1073,844,6,16,7,1:23.467,1:23.202,1:23.122,historical
9163,1073,852,213,22,8,1:23.428,1:23.404,1:23.220,historical
9164,1073,839,214,31,9,1:23.764,1:23.420,1:23.389,historical
9165,1073,817,1,3,10,1:23.829,1:23.448,1:23.409,historical
9166,1073,4,214,14,11,1:23.846,1:23.460,NULL,historical
9167,1073,842,213,10,12,1:23.489,1:24.043,NULL,historical
9168,1073,840,117,18,13,1:24.061,1:24.066,NULL,historical
9169,1073,841,51,99,14,1:24.118,1:24.251,NULL,historical
9170,1073,20,117,5,15,1:24.225,1:24.305,NULL,historical
9171,1073,849,3,6,16,1:24.338,NULL,NULL,historical
9172,1073,847,3,63,17,1:24.423,NULL,NULL,historical
9173,1073,8,51,7,18,1:24.779,NULL,NULL,historical
9174,1073,854,210,47,19,1:24.906,NULL,NULL,historical
9175,1073,853,210,9,20,1:25.685,NULL,NULL,historical
9176,1074,844,6,16,1,1:31.471,1:30.932,1:30.558,historical
9177,1074,830,9,1,2,1:31.785,1:30.757,1:30.681,historical
9178,1074,832,6,55,3,1:31.567,1:30.787,1:30.687,historical
9179,1074,815,9,11,4,1:32.311,1:31.008,1:30.921,historical
9180,1074,1,131,44,5,1:32.285,1:31.048,1:31.238,historical
9181,1074,822,51,77,6,1:31.919,1:31.717,1:31.560,historical
9182,1074,825,210,20,7,1:31.955,1:31.461,1:31.808,historical
9183,1074,4,214,14,8,1:32.346,1:31.621,1:32.195,historical
9184,1074,847,131,63,9,1:32.269,1:31.252,1:32.216,historical
9185,1074,842,213,10,10,1:32.096,1:31.635,1:32.338,historical
9186,1074,839,214,31,11,1:32.041,1:31.782,NULL,historical
9187,1074,854,210,47,12,1:32.380,1:31.998,NULL,historical
9188,1074,846,1,4,13,1:32.239,1:32.008,NULL,historical
9189,1074,848,3,23,14,1:32.726,1:32.664,NULL,historical
9190,1074,855,51,24,15,1:32.493,1:33.543,NULL,historical
9191,1074,852,213,22,16,1:32.750,NULL,NULL,historical
9192,1074,807,117,27,17,1:32.777,NULL,NULL,historical
9193,1074,817,1,3,18,1:32.945,NULL,NULL,historical
9194,1074,840,117,18,19,1:33.032,NULL,NULL,historical
9195,1074,849,3,6,20,1:33.634,NULL,NULL,historical
9225,1075,855,51,24,13,1:29.978,1:29.819,NULL,historical
9224,1075,817,1,3,12,1:30.009,1:29.773,NULL,historical
9223,1075,846,1,4,11,1:29.957,1:29.651,NULL,historical
9222,1075,825,210,20,10,1:29.831,1:29.546,1:29.588,historical
9221,1075,842,213,10,9,1:29.891,1:29.418,1:29.254,historical
9220,1075,822,51,77,8,1:29.683,1:29.404,1:29.183,historical
9219,1075,4,214,14,7,1:29.978,1:29.295,1:29.147,historical
9218,1075,847,131,63,6,1:29.680,1:29.618,1:29.104,historical
9217,1075,839,214,31,5,1:30.093,1:29.584,1:29.068,historical
9216,1075,830,9,1,4,1:28.928,1:28.945,1:28.461,historical
9215,1075,832,6,55,3,1:28.855,1:28.686,1:28.402,historical
9214,1075,844,6,16,2,1:29.039,1:28.780,1:28.225,historical
9213,1075,815,9,11,1,1:29.705,1:28.924,1:28.200,historical
9226,1075,854,210,47,14,1:30.167,1:29.920,NULL,historical
9227,1075,840,117,18,15,1:30.256,1:31.009,NULL,historical
9228,1075,1,131,44,16,1:30.343,NULL,NULL,historical
9229,1075,848,3,23,17,1:30.492,NULL,NULL,historical
9230,1075,807,117,27,18,1:30.543,NULL,NULL,historical
9231,1075,849,3,6,19,1:31.817,NULL,NULL,historical
9232,1075,852,213,22,20,NULL,NULL,NULL,historical
9233,1076,844,6,16,1,1:18.881,1:18.606,1:17.868,historical
9234,1076,830,9,1,2,1:18.580,1:18.611,1:18.154,historical
9235,1076,815,9,11,3,1:18.834,1:18.340,1:18.240,historical
9236,1076,846,1,4,4,1:19.280,1:19.066,1:18.703,historical
9237,1076,1,131,44,5,1:19.401,1:19.106,1:18.825,historical
9238,1076,847,131,63,6,1:19.405,1:19.076,1:18.933,historical
9239,1076,817,1,3,7,1:19.665,1:19.130,1:19.032,historical
9240,1076,839,214,31,8,1:19.605,1:19.136,1:19.061,historical
9241,1076,832,6,55,9,1:18.983,1:18.469,1:19.408,historical
9242,1076,4,214,14,10,1:19.192,1:18.815,NULL,historical
9243,1076,842,213,10,11,1:19.580,1:19.226,NULL,historical
9244,1076,822,51,77,12,1:19.251,1:19.410,NULL,historical
9245,1076,852,213,22,13,1:19.742,1:19.424,NULL,historical
9246,1076,855,51,24,14,1:19.910,1:20.155,NULL,historical
9247,1076,854,210,47,15,1:20.104,1:20.465,NULL,historical
9248,1076,848,3,23,16,1:20.135,NULL,NULL,historical
9249,1076,825,210,20,17,1:20.254,NULL,NULL,historical
9250,1076,20,117,5,18,1:21.149,NULL,NULL,historical
9251,1076,849,3,6,19,1:21.372,NULL,NULL,historical
9252,1076,840,117,18,20,NULL,NULL,NULL,historical
9253,1077,830,9,1,1,1:19.295,1:18.793,1:27.999,historical
9254,1077,844,6,16,2,1:18.796,1:19.584,1:28.778,historical
9255,1077,846,1,4,3,1:20.168,1:19.294,1:29.131,historical
9256,1077,825,210,20,4,1:20.147,1:19.902,1:29.164,historical
9257,1077,4,214,14,5,1:20.198,1:19.595,1:29.202,historical
9258,1077,817,1,3,6,1:19.980,1:20.031,1:29.742,historical
9259,1077,815,9,11,7,1:19.773,1:19.296,1:29.808,historical
9260,1077,822,51,77,8,1:20.419,1:20.192,1:30.439,historical
9261,1077,20,117,5,9,1:20.364,1:19.957,1:31.062,historical
9262,1077,832,6,55,10,1:19.305,1:18.990,NULL,historical
9263,1077,847,131,63,11,1:20.383,1:20.757,NULL,historical
9264,1077,854,210,47,12,1:20.422,1:20.916,NULL,historical
9265,1077,1,131,44,13,1:20.470,1:21.138,NULL,historical
9266,1077,855,51,24,14,1:19.730,1:21.434,NULL,historical
9267,1077,840,117,18,15,1:20.342,1:28.119,NULL,historical
9268,1077,852,213,22,16,1:20.474,NULL,NULL,historical
9269,1077,842,213,10,17,1:20.732,NULL,NULL,historical
9270,1077,849,3,6,18,1:21.971,NULL,NULL,historical
9271,1077,839,214,31,19,1:22.338,NULL,NULL,historical
9272,1077,848,3,23,20,NULL,NULL,NULL,historical
9273,1078,844,6,16,1,1:29.474,1:29.130,1:28.796,historical
9274,1078,832,6,55,2,1:30.079,1:29.729,1:28.986,historical
9275,1078,830,9,1,3,1:29.836,1:29.202,1:28.991,historical
9276,1078,815,9,11,4,1:30.055,1:29.673,1:29.036,historical
9277,1078,822,51,77,5,1:30.845,1:29.751,1:29.475,historical
9278,1078,1,131,44,6,1:30.388,1:29.797,1:29.625,historical
9279,1078,842,213,10,7,1:30.779,1:30.128,1:29.690,historical
9280,1078,846,1,4,8,1:30.761,1:29.634,1:29.750,historical
9281,1078,852,213,22,9,1:30.485,1:30.031,1:29.932,historical
9282,1078,840,117,18,10,1:30.441,1:29.996,1:30.676,historical
9283,1078,4,214,14,11,1:30.407,1:30.160,NULL,historical
9284,1078,847,131,63,12,1:30.490,1:30.173,NULL,historical
9285,1078,20,117,5,13,1:30.677,1:30.214,NULL,historical
9286,1078,817,1,3,14,1:30.583,1:30.310,NULL,historical
9287,1078,854,210,47,15,1:30.645,1:30.423,NULL,historical
9288,1078,825,210,20,16,1:30.975,NULL,NULL,historical
9289,1078,855,51,24,17,1:31.020,NULL,NULL,historical
9290,1078,848,3,23,18,1:31.266,NULL,NULL,historical
9291,1078,849,3,6,19,1:31.325,NULL,NULL,historical
9292,1078,839,214,31,20,NULL,NULL,NULL,historical
9293,1079,844,6,16,1,1:19.861,1:19.969,1:18.750,historical
9294,1079,830,9,1,2,1:20.091,1:19.219,1:19.073,historical
9295,1079,832,6,55,3,1:19.892,1:19.453,1:19.166,historical
9296,1079,847,131,63,4,1:20.218,1:19.470,1:19.393,historical
9297,1079,815,9,11,5,1:20.447,1:19.830,1:19.420,historical
9298,1079,1,131,44,6,1:20.252,1:19.794,1:19.512,historical
9299,1079,822,51,77,7,1:20.355,1:20.053,1:19.608,historical
9300,1079,825,210,20,8,1:20.227,1:19.810,1:19.682,historical
9301,1079,817,1,3,9,1:20.549,1:20.287,1:20.297,historical
9302,1079,854,210,47,10,1:20.683,1:20.436,1:20.368,historical
9303,1079,846,1,4,11,1:20.838,1:20.471,NULL,historical
9304,1079,839,214,31,12,1:20.880,1:20.638,NULL,historical
9305,1079,852,213,22,13,1:20.707,1:20.639,NULL,historical
9306,1079,842,213,10,14,1:20.719,1:20.861,NULL,historical
9307,1079,855,51,24,15,1:20.476,1:21.094,NULL,historical
9308,1079,20,117,5,16,1:20.954,NULL,NULL,historical
9309,1079,4,214,14,17,1:21.043,NULL,NULL,historical
9310,1079,840,117,18,18,1:21.418,NULL,NULL,historical
9311,1079,848,3,23,19,1:21.645,NULL,NULL,historical
9312,1079,849,3,6,20,1:21.915,NULL,NULL,historical
9313,1080,844,6,16,1,1:12.569,1:11.864,1:11.376,historical
9314,1080,832,6,55,2,1:12.616,1:12.074,1:11.601,historical
9315,1080,815,9,11,3,1:13.004,1:11.954,1:11.629,historical
9316,1080,830,9,1,4,1:12.993,1:12.117,1:11.666,historical
9317,1080,846,1,4,5,1:12.927,1:12.266,1:11.849,historical
9318,1080,847,131,63,6,1:12.787,1:12.617,1:12.112,historical
9319,1080,4,214,14,7,1:13.394,1:12.688,1:12.247,historical
9320,1080,1,131,44,8,1:13.444,1:12.595,1:12.560,historical
9321,1080,20,117,5,9,1:13.313,1:12.613,1:12.732,historical
9322,1080,839,214,31,10,1:12.848,1:12.528,1:13.047,historical
9323,1080,852,213,22,11,1:13.110,1:12.797,NULL,historical
9324,1080,822,51,77,12,1:13.541,1:12.909,NULL,historical
9325,1080,825,210,20,13,1:13.069,1:12.921,NULL,historical
9326,1080,817,1,3,14,1:13.338,1:12.964,NULL,historical
9327,1080,854,210,47,15,1:13.469,1:13.081,NULL,historical
9328,1080,848,3,23,16,1:13.611,NULL,NULL,historical
9329,1080,842,213,10,17,1:13.660,NULL,NULL,historical
9330,1080,840,117,18,18,1:13.678,NULL,NULL,historical
9331,1080,849,3,6,19,1:14.403,NULL,NULL,historical
9332,1080,855,51,24,20,1:15.606,NULL,NULL,historical
9333,1081,844,6,16,1,1:42.865,1:42.046,1:41.359,historical
9334,1081,815,9,11,2,1:42.733,1:41.955,1:41.641,historical
9335,1081,830,9,1,3,1:42.722,1:42.227,1:41.706,historical
9336,1081,832,6,55,4,1:42.957,1:42.088,1:41.814,historical
9337,1081,847,131,63,5,1:43.754,1:43.281,1:42.712,historical
9338,1081,842,213,10,6,1:43.268,1:43.129,1:42.845,historical
9339,1081,1,131,44,7,1:43.939,1:43.182,1:42.924,historical
9340,1081,852,213,22,8,1:43.595,1:43.376,1:43.056,historical
9341,1081,20,117,5,9,1:43.279,1:43.268,1:43.091,historical
9342,1081,4,214,14,10,1:44.083,1:43.360,1:43.173,historical
9343,1081,846,1,4,11,1:44.237,1:43.398,NULL,historical
9344,1081,817,1,3,12,1:44.437,1:43.574,NULL,historical
9345,1081,839,214,31,13,1:43.903,1:43.585,NULL,historical
9346,1081,855,51,24,14,1:43.777,1:43.790,NULL,historical
9347,1081,822,51,77,15,1:44.478,1:44.444,NULL,historical
9348,1081,825,210,20,16,1:44.643,NULL,NULL,historical
9349,1081,848,3,23,17,1:44.719,NULL,NULL,historical
9350,1081,849,3,6,18,1:45.367,NULL,NULL,historical
9351,1081,840,117,18,19,1:45.371,NULL,NULL,historical
9352,1081,854,210,47,20,1:45.775,NULL,NULL,historical
9353,1082,830,9,1,1,1:32.219,1:23.746,1:21.299,historical
9354,1082,4,214,14,2,1:32.277,1:24.848,1:21.944,historical
9355,1082,832,6,55,3,1:32.781,1:25.197,1:22.096,historical
9356,1082,1,131,44,4,1:33.841,1:25.543,1:22.891,historical
9357,1082,825,210,20,5,1:32.957,1:26.254,1:22.960,historical
9358,1082,854,210,47,6,1:33.707,1:25.684,1:23.356,historical
9359,1082,839,214,31,7,1:33.012,1:26.135,1:23.529,historical
9360,1082,847,131,63,8,1:33.160,1:24.950,1:23.557,historical
9361,1082,817,1,3,9,1:33.636,1:26.375,1:23.749,historical
9362,1082,855,51,24,10,1:33.692,1:26.116,1:24.030,historical
9363,1082,822,51,77,11,1:33.689,1:26.788,NULL,historical
9364,1082,848,3,23,12,1:34.047,1:26.858,NULL,historical
9365,1082,815,9,11,13,1:33.929,1:33.127,NULL,historical
9366,1082,846,1,4,14,1:34.066,NULL,NULL,historical
9367,1082,844,6,16,15,1:33.008,NULL,NULL,historical
9368,1082,842,213,10,16,1:34.492,NULL,NULL,historical
9369,1082,20,117,5,17,1:34.512,NULL,NULL,historical
9370,1082,840,117,18,18,1:35.532,NULL,NULL,historical
9371,1082,849,3,6,19,1:35.660,NULL,NULL,historical
9372,1082,852,213,22,20,1:36.575,NULL,NULL,historical
9373,1083,832,6,55,1,1:40.190,1:41.602,1:40.983,historical
9374,1083,830,9,1,2,1:39.129,1:40.655,1:41.055,historical
9375,1083,844,6,16,3,1:39.846,1:41.247,1:41.298,historical
9376,1083,815,9,11,4,1:40.521,1:42.513,1:41.616,historical
9377,1083,1,131,44,5,1:40.428,1:41.062,1:41.995,historical
9378,1083,846,1,4,6,1:41.515,1:41.821,1:42.084,historical
9379,1083,4,214,14,7,1:41.598,1:42.209,1:42.116,historical
9380,1083,847,131,63,8,1:40.028,1:41.725,1:42.161,historical
9381,1083,855,51,24,9,1:40.791,1:42.640,1:42.719,historical
9382,1083,849,3,6,10,1:41.998,1:43.273,2:03.095,historical
9383,1083,842,213,10,11,1:41.680,1:43.702,NULL,historical
9384,1083,822,51,77,12,1:41.396,1:44.232,NULL,historical
9385,1083,852,213,22,13,1:41.893,1:44.311,NULL,historical
9386,1083,817,1,3,14,1:41.933,1:44.355,NULL,historical
9387,1083,839,214,31,15,1:41.730,1:45.190,NULL,historical
9388,1083,848,3,23,16,1:42.078,NULL,NULL,historical
9389,1083,825,210,20,17,1:42.159,NULL,NULL,historical
9390,1083,20,117,5,18,1:42.666,NULL,NULL,historical
9391,1083,854,210,47,19,1:42.708,NULL,NULL,historical
9392,1083,840,117,18,20,1:43.430,NULL,NULL,historical
9393,1084,830,9,1,1,1:05.852,1:05.374,1:04.984,historical
9394,1084,844,6,16,2,1:05.419,1:05.287,1:05.013,historical
9395,1084,832,6,55,3,1:05.660,1:05.576,1:05.066,historical
9396,1084,847,131,63,4,1:06.235,1:05.697,1:05.431,historical
9397,1084,839,214,31,5,1:06.468,1:05.993,1:05.726,historical
9398,1084,825,210,20,6,1:06.366,1:05.894,1:05.879,historical
9399,1084,854,210,47,7,1:06.405,1:06.151,1:06.011,historical
9400,1084,4,214,14,8,1:06.016,1:06.082,1:06.103,historical
9401,1084,1,131,44,9,1:06.079,1:05.475,1:13.151,historical
9402,1084,842,213,10,10,1:06.589,1:06.160,NULL,historical
9403,1084,848,3,23,11,1:06.516,1:06.230,NULL,historical
9404,1084,822,51,77,12,1:06.442,1:06.319,NULL,historical
9405,1084,815,9,11,13,1:06.143,1:06.458,NULL,historical
9406,1084,852,213,22,14,1:06.463,1:06.851,NULL,historical
9407,1084,846,1,4,15,1:06.330,1:25.847,NULL,historical
9408,1084,817,1,3,16,1:06.613,NULL,NULL,historical
9409,1084,840,117,18,17,1:06.847,NULL,NULL,historical
9410,1084,855,51,24,18,1:06.901,NULL,NULL,historical
9411,1084,849,3,6,19,1:07.003,NULL,NULL,historical
9412,1084,20,117,5,20,1:07.083,NULL,NULL,historical
9413,1085,844,6,16,1,1:31.727,1:31.216,1:30.872,historical
9414,1085,830,9,1,2,1:31.891,1:31.990,1:31.176,historical
9415,1085,815,9,11,3,1:32.354,1:32.120,1:31.335,historical
9416,1085,1,131,44,4,1:33.041,1:32.274,1:31.765,historical
9417,1085,846,1,4,5,1:32.672,1:32.777,1:32.032,historical
9418,1085,847,131,63,6,1:33.109,1:32.633,1:32.131,historical
9419,1085,4,214,14,7,1:32.819,1:32.631,1:32.552,historical
9420,1085,852,213,22,8,1:33.394,1:32.836,1:32.780,historical
9421,1085,832,6,55,9,1:32.297,1:31.081,NULL,historical
9422,1085,825,210,20,10,1:32.756,1:32.649,NULL,historical
9423,1085,817,1,3,11,1:33.404,1:32.922,NULL,historical
9424,1085,839,214,31,12,1:33.346,1:33.048,NULL,historical
9425,1085,822,51,77,13,1:33.034,1:33.052,NULL,historical
9426,1085,20,117,5,14,1:33.285,1:33.276,NULL,historical
9427,1085,848,3,23,15,1:33.423,1:33.307,NULL,historical
9428,1085,842,213,10,16,1:33.439,NULL,NULL,historical
9429,1085,840,117,18,17,1:33.439,NULL,NULL,historical
9430,1085,855,51,24,18,1:33.674,NULL,NULL,historical
9431,1085,854,210,47,19,1:33.701,NULL,NULL,historical
9432,1085,849,3,6,20,1:33.794,NULL,NULL,historical
9433,1086,847,131,63,1,1:18.407,1:18.154,1:17.377,historical
9434,1086,832,6,55,2,1:18.434,1:17.946,1:17.421,historical
9435,1086,844,6,16,3,1:18.806,1:17.768,1:17.567,historical
9436,1086,846,1,4,4,1:18.653,1:18.121,1:17.769,historical
9437,1086,839,214,31,5,1:18.866,1:18.216,1:18.018,historical
9438,1086,4,214,14,6,1:18.716,1:17.904,1:18.078,historical
9439,1086,1,131,44,7,1:18.374,1:18.035,1:18.142,historical
9440,1086,822,51,77,8,1:18.935,1:18.445,1:18.157,historical
9441,1086,817,1,3,9,1:18.775,1:18.198,1:18.379,historical
9442,1086,830,9,1,10,1:18.509,1:17.703,1:18.823,historical
9443,1086,815,9,11,11,1:19.118,1:18.516,NULL,historical
9444,1086,855,51,24,12,1:18.973,1:18.573,NULL,historical
9445,1086,825,210,20,13,1:18.993,1:18.825,NULL,historical
9446,1086,840,117,18,14,1:19.205,1:19.137,NULL,historical
9447,1086,854,210,47,15,1:19.164,1:19.202,NULL,historical
9448,1086,852,213,22,16,1:19.240,NULL,NULL,historical
9449,1086,848,3,23,17,1:19.256,NULL,NULL,historical
9450,1086,20,117,5,18,1:19.273,NULL,NULL,historical
9451,1086,842,213,10,19,1:19.527,NULL,NULL,historical
9452,1086,849,3,6,20,1:19.570,NULL,NULL,historical
9453,1087,830,9,1,1,1:44.581,1:44.723,1:43.665,historical
9454,1087,832,6,55,2,1:45.050,1:45.418,1:44.297,historical
9455,1087,815,9,11,3,1:45.377,1:44.794,1:44.462,historical
9456,1087,844,6,16,4,1:45.572,1:44.551,1:44.553,historical
9457,1087,839,214,31,5,1:46.039,1:45.475,1:45.180,historical
9458,1087,4,214,14,6,1:46.075,1:45.552,1:45.368,historical
9459,1087,1,131,44,7,1:45.736,1:45.420,1:45.503,historical
9460,1087,847,131,63,8,1:45.650,1:45.461,1:45.776,historical
9461,1087,848,3,23,9,1:45.672,1:45.675,1:45.837,historical
9462,1087,846,1,4,10,1:45.745,1:45.603,1:46.178,historical
9463,1087,817,1,3,11,1:46.212,1:45.767,NULL,historical
9464,1087,842,213,10,12,1:46.183,1:45.827,NULL,historical
9465,1087,855,51,24,13,1:46.178,1:46.085,NULL,historical
9466,1087,840,117,18,14,1:46.256,1:46.611,NULL,historical
9467,1087,854,210,47,15,1:46.342,1:47.718,NULL,historical
9468,1087,20,117,5,16,1:46.344,NULL,NULL,historical
9469,1087,849,3,6,17,1:46.401,NULL,NULL,historical
9470,1087,825,210,20,18,1:46.557,NULL,NULL,historical
9471,1087,852,213,22,19,1:46.692,NULL,NULL,historical
9472,1087,822,51,77,20,1:47.866,NULL,NULL,historical
9473,1088,830,9,1,1,1:11.317,1:10.927,1:10.342,historical
9474,1088,844,6,16,2,1:11.443,1:10.988,1:10.363,historical
9475,1088,832,6,55,3,1:11.767,1:10.814,1:10.434,historical
9476,1088,1,131,44,4,1:11.331,1:11.075,1:10.648,historical
9477,1088,815,9,11,5,1:11.641,1:11.314,1:11.077,historical
9478,1088,847,131,63,6,1:11.561,1:10.824,1:11.147,historical
9479,1088,846,1,4,7,1:11.556,1:11.116,1:11.174,historical
9480,1088,854,210,47,8,1:11.741,1:11.420,1:11.442,historical
9481,1088,852,213,22,9,1:11.427,1:11.428,1:12.556,historical
9482,1088,840,117,18,10,1:11.568,1:11.416,NULL,historical
9483,1088,842,213,10,11,1:11.705,1:11.512,NULL,historical
9484,1088,839,214,31,12,1:11.748,1:11.605,NULL,historical
9485,1088,4,214,14,13,1:11.667,1:11.613,NULL,historical
9486,1088,855,51,24,14,1:11.826,1:11.704,NULL,historical
9487,1088,848,3,23,15,1:11.695,1:11.802,NULL,historical
9488,1088,822,51,77,16,1:11.961,NULL,NULL,historical
9489,1088,817,1,3,17,1:12.081,NULL,NULL,historical
9490,1088,825,210,20,18,1:12.319,NULL,NULL,historical
9491,1088,20,117,5,19,1:12.391,NULL,NULL,historical
9492,1088,849,3,6,20,1:13.353,NULL,NULL,historical
9493,1089,844,6,16,1,1:21.280,1:21.208,1:20.161,historical
9494,1089,830,9,1,2,1:20.922,1:21.265,1:20.306,historical
9495,1089,832,6,55,3,1:21.348,1:20.878,1:20.429,historical
9496,1089,815,9,11,4,1:21.495,1:21.358,1:21.206,historical
9497,1089,1,131,44,5,1:22.048,1:21.708,1:21.524,historical
9498,1089,847,131,63,6,1:21.785,1:21.747,1:21.542,historical
9499,1089,846,1,4,7,1:22.130,1:21.831,1:21.584,historical
9500,1089,817,1,3,8,1:22.139,1:21.855,1:21.925,historical
9501,1089,842,213,10,9,1:22.010,1:22.062,1:22.648,historical
9502,1089,4,214,14,10,1:22.089,1:21.861,NULL,historical
9503,1089,839,214,31,11,1:22.166,1:22.130,NULL,historical
9504,1089,822,51,77,12,1:22.254,1:22.235,NULL,historical
9505,1089,856,3,45,13,1:22.567,1:22.471,NULL,historical
9506,1089,855,51,24,14,1:22.003,1:22.577,NULL,historical
9507,1089,852,213,22,15,1:22.020,NULL,NULL,historical
9508,1089,849,3,6,16,1:22.587,NULL,NULL,historical
9509,1089,20,117,5,17,1:22.636,NULL,NULL,historical
9510,1089,840,117,18,18,1:22.748,NULL,NULL,historical
9511,1089,825,210,20,19,1:22.908,NULL,NULL,historical
9512,1089,854,210,47,20,1:23.005,NULL,NULL,historical
9513,1091,844,6,16,1,1:54.129,1:52.343,1:49.412,historical
9514,1091,815,9,11,2,1:54.404,1:52.818,1:49.434,historical
9515,1091,1,131,44,3,1:53.161,1:52.691,1:49.466,historical
9516,1091,832,6,55,4,1:54.559,1:53.219,1:49.583,historical
9517,1091,4,214,14,5,1:55.360,1:53.127,1:49.966,historical
9518,1091,846,1,4,6,1:55.914,1:53.942,1:50.584,historical
9519,1091,842,213,10,7,1:55.606,1:53.546,1:51.211,historical
9520,1091,830,9,1,8,1:53.057,1:52.723,1:51.395,historical
9521,1091,825,210,20,9,1:55.103,1:54.006,1:51.573,historical
9522,1091,852,213,22,10,1:55.314,1:53.848,1:51.983,historical
9523,1091,847,131,63,11,1:54.633,1:54.012,NULL,historical
9524,1091,840,117,18,12,1:55.629,1:54.211,NULL,historical
9525,1091,854,210,47,13,1:55.736,1:54.370,NULL,historical
9526,1091,20,117,5,14,1:55.602,1:54.380,NULL,historical
9527,1091,855,51,24,15,1:55.375,1:55.518,NULL,historical
9528,1091,822,51,77,16,1:56.083,NULL,NULL,historical
9529,1091,817,1,3,17,1:56.226,NULL,NULL,historical
9530,1091,839,214,31,18,1:56.337,NULL,NULL,historical
9531,1091,848,3,23,19,1:56.985,NULL,NULL,historical
9532,1091,849,3,6,20,1:57.532,NULL,NULL,historical
9533,1092,830,9,1,1,1:30.224,1:30.346,1:29.304,historical
9534,1092,844,6,16,2,1:30.402,1:30.486,1:29.314,historical
9535,1092,832,6,55,3,1:30.336,1:30.444,1:29.361,historical
9536,1092,815,9,11,4,1:30.622,1:29.925,1:29.709,historical
9537,1092,839,214,31,5,1:30.696,1:30.357,1:30.165,historical
9538,1092,1,131,44,6,1:30.906,1:30.443,1:30.261,historical
9539,1092,4,214,14,7,1:30.603,1:30.343,1:30.322,historical
9540,1092,847,131,63,8,1:30.865,1:30.465,1:30.389,historical
9541,1092,20,117,5,9,1:31.256,1:30.656,1:30.554,historical
9542,1092,846,1,4,10,1:30.881,1:30.473,1:31.003,historical
9543,1092,817,1,3,11,1:30.880,1:30.659,NULL,historical
9544,1092,822,51,77,12,1:31.226,1:30.709,NULL,historical
9545,1092,852,213,22,13,1:31.130,1:30.808,NULL,historical
9546,1092,855,51,24,14,1:30.894,1:30.953,NULL,historical
9547,1092,854,210,47,15,1:31.152,1:31.439,NULL,historical
9548,1092,848,3,23,16,1:31.311,NULL,NULL,historical
9549,1092,842,213,10,17,1:31.322,NULL,NULL,historical
9550,1092,825,210,20,18,1:31.352,NULL,NULL,historical
9551,1092,840,117,18,19,1:31.419,NULL,NULL,historical
9552,1092,849,3,6,20,1:31.511,NULL,NULL,historical
9553,1093,832,6,55,1,1:35.297,1:35.590,1:34.356,historical
9554,1093,844,6,16,2,1:35.795,1:35.246,1:34.421,historical
9555,1093,830,9,1,3,1:35.864,1:35.294,1:34.448,historical
9556,1093,815,9,11,4,1:36.163,1:35.864,1:34.645,historical
9557,1093,1,131,44,5,1:36.148,1:35.732,1:34.947,historical
9558,1093,847,131,63,6,1:36.195,1:35.692,1:34.988,historical
9559,1093,840,117,18,7,1:36.860,1:36.032,1:35.598,historical
9560,1093,846,1,4,8,1:36.465,1:36.341,1:35.690,historical
9561,1093,4,214,14,9,1:36.446,1:35.988,1:35.876,historical
9562,1093,822,51,77,10,1:36.746,1:36.321,1:36.319,historical
9563,1093,848,3,23,11,1:36.932,1:36.368,NULL,historical
9564,1093,20,117,5,12,1:36.695,1:36.398,NULL,historical
9565,1093,842,213,10,13,1:36.577,1:36.740,NULL,historical
9566,1093,855,51,24,14,1:36.656,1:36.970,NULL,historical
9567,1093,852,213,22,15,1:36.808,1:37.147,NULL,historical
9568,1093,825,210,20,16,1:36.949,NULL,NULL,historical
9569,1093,817,1,3,17,1:37.046,NULL,NULL,historical
9570,1093,839,214,31,18,1:37.068,NULL,NULL,historical
9571,1093,854,210,47,19,1:37.111,NULL,NULL,historical
9572,1093,849,3,6,20,1:37.244,NULL,NULL,historical
9573,1094,830,9,1,1,1:19.222,1:18.566,1:17.775,historical
9574,1094,847,131,63,2,1:19.583,1:18.565,1:18.079,historical
9575,1094,1,131,44,3,1:19.169,1:18.552,1:18.084,historical
9576,1094,815,9,11,4,1:19.706,1:18.615,1:18.128,historical
9577,1094,832,6,55,5,1:19.566,1:18.560,1:18.351,historical
9578,1094,822,51,77,6,1:19.523,1:18.762,1:18.401,historical
9579,1094,844,6,16,7,1:19.505,1:19.109,1:18.555,historical
9580,1094,846,1,4,8,1:19.857,1:19.119,1:18.721,historical
9581,1094,4,214,14,9,1:20.006,1:19.272,1:18.939,historical
9582,1094,839,214,31,10,1:19.945,1:19.081,1:19.010,historical
9583,1094,817,1,3,11,1:20.279,1:19.325,NULL,historical
9584,1094,855,51,24,12,1:20.283,1:19.476,NULL,historical
9585,1094,852,213,22,13,1:19.907,1:19.589,NULL,historical
9586,1094,842,213,10,14,1:20.256,1:19.672,NULL,historical
9587,1094,825,210,20,15,1:20.293,1:19.833,NULL,historical
9588,1094,854,210,47,16,1:20.419,NULL,NULL,historical
9589,1094,20,117,5,17,1:20.419,NULL,NULL,historical
9590,1094,840,117,18,18,1:20.520,NULL,NULL,historical
9591,1094,848,3,23,19,1:20.859,NULL,NULL,historical
9592,1094,849,3,6,20,1:21.167,NULL,NULL,historical
9593,1095,825,210,20,1,1:13.954,1:11.410,1:11.674,historical
9594,1095,830,9,1,2,1:13.625,1:10.881,1:11.877,historical
9595,1095,847,131,63,3,1:14.427,1:11.318,1:12.059,historical
9596,1095,846,1,4,4,1:13.106,1:11.377,1:12.263,historical
9597,1095,832,6,55,5,1:14.680,1:10.890,1:12.357,historical
9598,1095,839,214,31,6,1:14.663,1:11.587,1:12.425,historical
9599,1095,4,214,14,7,1:13.542,1:11.394,1:12.504,historical
9600,1095,1,131,44,8,1:13.403,1:11.539,1:12.611,historical
9601,1095,815,9,11,9,1:13.613,1:11.456,1:15.601,historical
9602,1095,844,6,16,10,1:14.486,1:10.950,NULL,historical
9603,1095,848,3,23,11,1:14.324,1:11.631,NULL,historical
9604,1095,842,213,10,12,1:14.371,1:11.675,NULL,historical
9605,1095,20,117,5,13,1:13.597,1:11.678,NULL,historical
9606,1095,817,1,3,14,1:14.931,1:12.140,NULL,historical
9607,1095,849,3,6,16,1:15.095,NULL,NULL,historical
9608,1095,855,51,24,17,1:15.197,NULL,NULL,historical
9609,1095,822,51,77,18,1:15.486,NULL,NULL,historical
9610,1095,852,213,22,19,1:16.264,NULL,NULL,historical
9611,1095,854,210,47,20,1:16.361,NULL,NULL,historical
9612,1095,840,117,18,15,1:14.398,1:12.210,NULL,historical
9613,1096,830,9,1,1,1:24.754,1:24.622,1:23.824,historical
9614,1096,815,9,11,2,1:24.820,1:24.419,1:24.052,historical
9615,1096,844,6,16,3,1:25.211,1:24.517,1:24.092,historical
9616,1096,832,6,55,4,1:25.090,1:24.521,1:24.242,historical
9617,1096,1,131,44,5,1:25.594,1:24.774,1:24.508,historical
9618,1096,847,131,63,6,1:25.545,1:24.940,1:24.511,historical
9619,1096,846,1,4,7,1:25.387,1:24.903,1:24.769,historical
9620,1096,839,214,31,8,1:25.735,1:25.007,1:24.830,historical
9621,1096,20,117,5,9,1:25.523,1:24.974,1:24.961,historical
9622,1096,817,1,3,10,1:25.766,1:25.068,1:25.045,historical
9623,1096,4,214,14,11,1:25.782,1:25.096,NULL,historical
9624,1096,852,213,22,12,1:25.630,1:25.219,NULL,historical
9625,1096,854,210,47,13,1:25.711,1:25.225,NULL,historical
9626,1096,840,117,18,14,1:25.741,1:25.359,NULL,historical
9627,1096,855,51,24,15,1:25.594,1:25.408,NULL,historical
9628,1096,825,210,20,16,1:25.834,NULL,NULL,historical
9629,1096,842,213,10,17,1:25.859,NULL,NULL,historical
9630,1096,822,51,77,18,1:25.892,NULL,NULL,historical
9631,1096,848,3,23,19,1:26.028,NULL,NULL,historical
9632,1096,849,3,6,20,1:26.054,NULL,NULL,historical
9633,1098,830,9,1,1,1:31.295,1:30.503,1:29.708,historical
9634,1098,815,9,11,2,1:31.479,1:30.746,1:29.846,historical
9635,1098,844,6,16,3,1:31.094,1:30.282,1:30.000,historical
9636,1098,832,6,55,4,1:30.993,1:30.515,1:30.154,historical
9637,1098,4,117,14,5,1:31.158,1:30.645,1:30.336,historical
9638,1098,847,131,63,6,1:31.057,1:30.507,1:30.340,historical
9639,1098,1,131,44,7,1:31.543,1:30.513,1:30.384,historical
9640,1098,840,117,18,8,1:31.184,1:31.127,1:30.836,historical
9641,1098,839,214,31,9,1:31.508,1:30.914,1:30.984,historical
9642,1098,807,210,27,10,1:31.204,1:30.809,NULL,historical
9643,1098,846,1,4,11,1:31.652,1:31.381,NULL,historical
9644,1098,822,51,77,12,1:31.504,1:31.443,NULL,historical
9645,1098,855,51,24,13,1:31.615,1:31.473,NULL,historical
9646,1098,852,213,22,14,1:31.400,1:32.510,NULL,historical
9647,1098,848,3,23,15,1:31.461,NULL,NULL,historical
9648,1098,858,3,2,16,1:31.652,NULL,NULL,historical
9649,1098,825,210,20,17,1:31.892,NULL,NULL,historical
9650,1098,857,1,81,18,1:32.101,NULL,NULL,historical
9651,1098,856,213,21,19,1:32.121,NULL,NULL,historical
9652,1098,842,214,10,20,1:32.181,NULL,NULL,historical
9653,1099,815,9,11,1,1:29.244,1:28.635,1:28.265,historical
9654,1099,844,6,16,2,1:29.376,1:28.903,1:28.420,historical
9655,1099,4,117,14,3,1:29.298,1:28.757,1:28.730,historical
9656,1099,847,131,63,4,1:29.592,1:29.132,1:28.857,historical
9657,1099,832,6,55,5,1:29.411,1:28.957,1:28.931,historical
9658,1099,840,117,18,6,1:29.335,1:28.962,1:28.945,historical
9659,1099,839,214,31,7,1:29.707,1:29.255,1:29.078,historical
9660,1099,1,131,44,8,1:29.689,1:29.374,1:29.223,historical
9661,1099,857,1,81,9,1:29.706,1:29.378,1:29.243,historical
9662,1099,842,214,10,10,1:29.890,1:29.411,1:29.357,historical
9663,1099,807,210,27,11,1:29.547,1:29.451,NULL,historical
9664,1099,855,51,24,12,1:29.654,1:29.461,NULL,historical
9665,1099,825,210,20,13,1:29.744,1:29.634,NULL,historical
9666,1099,822,51,77,14,1:29.929,1:29.668,NULL,historical
9667,1099,830,9,1,15,1:28.761,1:49.953,NULL,historical
9668,1099,852,213,22,16,1:29.939,NULL,NULL,historical
9669,1099,848,3,23,17,1:29.994,NULL,NULL,historical
9670,1099,856,213,21,18,1:30.244,NULL,NULL,historical
9671,1099,846,1,4,19,1:30.447,NULL,NULL,historical
9672,1099,858,3,2,20,2:08.510,NULL,NULL,historical
9673,1100,830,9,1,1,1:17.384,1:17.056,1:16.732,historical
9674,1100,847,131,63,2,1:17.654,1:17.513,1:16.968,historical
9675,1100,1,131,44,3,1:17.689,1:17.551,1:17.104,historical
9676,1100,4,117,14,4,1:17.832,1:17.283,1:17.139,historical
9677,1100,832,6,55,5,1:17.928,1:17.349,1:17.270,historical
9678,1100,840,117,18,6,1:17.873,1:17.616,1:17.308,historical
9679,1100,844,6,16,7,1:18.218,1:17.390,1:17.369,historical
9680,1100,848,3,23,8,1:17.962,1:17.761,1:17.609,historical
9681,1100,842,214,10,9,1:18.312,1:17.574,1:17.675,historical
9682,1100,807,210,27,10,1:18.029,1:17.412,1:17.735,historical
9683,1100,839,214,31,11,1:17.770,1:17.768,NULL,historical
9684,1100,852,213,22,12,1:18.471,1:18.099,NULL,historical
9685,1100,846,1,4,13,1:18.243,1:18.119,NULL,historical
9686,1100,825,210,20,14,1:18.159,1:18.129,NULL,historical
9687,1100,856,213,21,15,1:18.450,1:18.335,NULL,historical
9688,1100,857,1,81,16,1:18.517,NULL,NULL,historical
9689,1100,855,51,24,17,1:18.540,NULL,NULL,historical
9690,1100,858,3,2,18,1:18.557,NULL,NULL,historical
9691,1100,822,51,77,19,1:18.714,NULL,NULL,historical
9692,1100,815,9,11,20,NULL,NULL,NULL,historical
9693,1101,844,6,16,1,1:41.269,1:41.037,1:40.203,historical
9694,1101,830,9,1,2,1:41.398,1:40.822,1:40.391,historical
9695,1101,815,9,11,3,1:41.756,1:41.131,1:40.495,historical
9696,1101,832,6,55,4,1:42.197,1:41.369,1:41.016,historical
9697,1101,1,131,44,5,1:42.113,1:41.650,1:41.177,historical
9698,1101,4,117,14,6,1:41.720,1:41.370,1:41.253,historical
9699,1101,846,1,4,7,1:42.154,1:41.485,1:41.281,historical
9700,1101,852,213,22,8,1:42.234,1:41.569,1:41.581,historical
9701,1101,840,117,18,9,1:42.524,1:41.576,1:41.611,historical
9702,1101,857,1,81,10,1:42.455,1:41.636,1:41.611,historical
9703,1101,847,131,63,11,1:42.073,1:41.654,NULL,historical
9704,1101,839,214,31,12,1:42.622,1:41.798,NULL,historical
9705,1101,848,3,23,13,1:42.171,1:41.818,NULL,historical
9706,1101,822,51,77,14,1:42.582,1:42.259,NULL,historical
9707,1101,858,3,2,15,1:42.242,1:42.395,NULL,historical
9708,1101,855,51,24,16,1:42.642,NULL,NULL,historical
9709,1101,807,210,27,17,1:42.755,NULL,NULL,historical
9710,1101,825,210,20,18,1:43.417,NULL,NULL,historical
9711,1101,842,214,10,19,1:44.853,NULL,NULL,historical
9712,1101,856,213,21,20,NULL,NULL,NULL,historical
9713,1102,815,9,11,1,1:27.713,1:27.328,1:26.841,historical
9714,1102,4,117,14,2,1:28.179,1:27.097,1:27.202,historical
9715,1102,832,6,55,3,1:27.686,1:27.148,1:27.349,historical
9716,1102,825,210,20,4,1:27.809,1:27.673,1:27.767,historical
9717,1102,842,214,10,5,1:28.061,1:27.612,1:27.786,historical
9718,1102,847,131,63,6,1:28.086,1:27.743,1:27.804,historical
9719,1102,844,6,16,7,1:27.713,1:26.964,1:27.861,historical
9720,1102,839,214,31,8,1:27.872,1:27.444,1:27.935,historical
9721,1102,830,9,1,9,1:27.363,1:26.814,NULL,historical
9722,1102,822,51,77,10,1:27.864,1:27.564,NULL,historical
9723,1102,848,3,23,11,1:28.234,1:27.795,NULL,historical
9724,1102,807,210,27,12,1:27.945,1:27.903,NULL,historical
9725,1102,1,131,44,13,1:27.846,1:27.975,NULL,historical
9726,1102,855,51,24,14,1:28.180,1:28.091,NULL,historical
9727,1102,856,213,21,15,1:28.325,1:28.395,NULL,historical
9728,1102,846,1,4,16,1:28.394,NULL,NULL,historical
9729,1102,852,213,22,17,1:28.429,NULL,NULL,historical
9730,1102,840,117,18,18,1:28.476,NULL,NULL,historical
9731,1102,857,1,81,19,1:28.484,NULL,NULL,historical
9732,1102,858,3,2,20,1:28.577,NULL,NULL,historical
9733,1104,830,9,1,1,1:12.386,1:11.908,1:11.365,historical
9734,1104,4,117,14,2,1:12.886,1:12.107,1:11.449,historical
9735,1104,844,6,16,3,1:12.912,1:12.103,1:11.471,historical
9736,1104,839,214,31,4,1:12.967,1:12.248,1:11.553,historical
9737,1104,832,6,55,5,1:12.717,1:12.210,1:11.630,historical
9738,1104,1,131,44,6,1:12.872,1:12.156,1:11.725,historical
9739,1104,842,214,10,7,1:13.033,1:12.169,1:11.933,historical
9740,1104,847,131,63,8,1:12.769,1:12.151,1:11.964,historical
9741,1104,852,213,22,9,1:12.642,1:12.249,1:12.082,historical
9742,1104,846,1,4,10,1:12.877,1:12.377,1:12.254,historical
9743,1104,857,1,81,11,1:13.006,1:12.395,NULL,historical
9744,1104,856,213,21,12,1:13.054,1:12.428,NULL,historical
9745,1104,848,3,23,13,1:12.706,1:12.527,NULL,historical
9746,1104,840,117,18,14,1:12.722,1:12.623,NULL,historical
9747,1104,822,51,77,15,1:13.038,1:12.625,NULL,historical
9748,1104,858,3,2,16,1:13.113,NULL,NULL,historical
9749,1104,825,210,20,17,1:13.270,NULL,NULL,historical
9750,1104,807,210,27,18,1:13.279,NULL,NULL,historical
9751,1104,855,51,24,19,1:13.523,NULL,NULL,historical
9752,1104,815,9,11,20,1:13.850,NULL,NULL,historical
9753,1105,830,9,1,1,1:13.615,1:12.760,1:12.272,historical
9754,1105,832,6,55,2,1:13.411,1:12.790,1:12.734,historical
9755,1105,846,1,4,3,1:13.295,1:12.776,1:12.792,historical
9756,1105,842,214,10,4,1:13.471,1:13.186,1:12.816,historical
9757,1105,1,131,44,5,1:12.937,1:12.999,1:12.818,historical
9758,1105,840,117,18,6,1:13.766,1:13.082,1:12.994,historical
9759,1105,839,214,31,7,1:13.433,1:13.001,1:13.083,historical
9760,1105,807,210,27,8,1:13.420,1:13.283,1:13.229,historical
9761,1105,4,117,14,9,1:13.747,1:13.098,1:13.507,historical
9762,1105,857,1,81,10,1:13.691,1:13.059,1:13.682,historical
9763,1105,815,9,11,11,1:13.874,1:13.334,NULL,historical
9764,1105,847,131,63,12,1:13.326,1:13.447,NULL,historical
9765,1105,855,51,24,13,1:13.677,1:13.521,NULL,historical
9766,1105,856,213,21,14,1:13.581,1:14.083,NULL,historical
9767,1105,852,213,22,15,1:13.862,1:14.477,NULL,historical
9768,1105,822,51,77,16,1:13.977,NULL,NULL,historical
9769,1105,825,210,20,17,1:14.042,NULL,NULL,historical
9770,1105,848,3,23,18,1:14.063,NULL,NULL,historical
9771,1105,844,6,16,19,1:14.079,NULL,NULL,historical
9772,1105,858,3,2,20,1:14.699,NULL,NULL,historical
9773,1106,830,9,1,1,1:20.851,1:19.092,1:25.858,historical
9774,1106,807,210,27,2,1:22.730,1:20.305,1:27.102,historical
9775,1106,4,117,14,3,1:21.481,1:19.776,1:27.286,historical
9776,1106,1,131,44,4,1:21.554,1:20.426,1:27.627,historical
9777,1106,847,131,63,5,1:21.798,1:20.098,1:27.893,historical
9778,1106,839,214,31,6,1:22.114,1:20.406,1:27.945,historical
9779,1106,846,1,4,7,1:21.998,1:19.347,1:28.046,historical
9780,1106,832,6,55,8,1:22.248,1:19.856,1:29.294,historical
9781,1106,857,1,81,9,1:22.190,1:19.659,1:31.349,historical
9782,1106,848,3,23,10,1:21.938,1:18.725,NULL,historical
9783,1106,844,6,16,11,1:21.843,1:20.615,NULL,historical
9784,1106,815,9,11,12,1:22.151,1:20.959,NULL,historical
9785,1106,840,117,18,13,1:22.677,1:21.484,NULL,historical
9786,1106,825,210,20,14,1:22.351,1:21.678,NULL,historical
9787,1106,822,51,77,15,1:22.332,1:21.821,NULL,historical
9788,1106,852,213,22,16,1:22.746,NULL,NULL,historical
9789,1106,842,214,10,17,1:22.886,NULL,NULL,historical
9790,1106,856,213,21,18,1:23.137,NULL,NULL,historical
9791,1106,858,3,2,19,1:23.337,NULL,NULL,historical
9792,1106,855,51,24,20,1:23.342,NULL,NULL,historical
9793,1107,830,9,1,1,1:05.116,1:04.951,1:04.391,historical
9794,1107,844,6,16,2,1:05.577,1:05.087,1:04.439,historical
9795,1107,832,6,55,3,1:05.339,1:04.975,1:04.581,historical
9796,1107,846,1,4,4,1:05.617,1:05.038,1:04.658,historical
9797,1107,1,131,44,5,1:05.673,1:05.188,1:04.819,historical
9798,1107,840,117,18,6,1:05.710,1:05.121,1:04.893,historical
9799,1107,4,117,14,7,1:05.655,1:05.181,1:04.911,historical
9800,1107,807,210,27,8,1:05.740,1:05.362,1:05.090,historical
9801,1107,842,214,10,9,1:05.515,1:05.308,1:05.170,historical
9802,1107,848,3,23,10,1:05.673,1:05.387,1:05.823,historical
9803,1107,847,131,63,11,1:05.686,1:05.428,NULL,historical
9804,1107,839,214,31,12,1:05.729,1:05.453,NULL,historical
9805,1107,857,1,81,13,1:05.683,1:05.605,NULL,historical
9806,1107,822,51,77,14,1:05.763,1:05.680,NULL,historical
9807,1107,815,9,11,15,1:05.177,2:06.688,NULL,historical
9808,1107,852,213,22,16,1:05.784,NULL,NULL,historical
9809,1107,855,51,24,17,1:05.818,NULL,NULL,historical
9810,1107,858,3,2,18,1:05.948,NULL,NULL,historical
9811,1107,825,210,20,19,1:05.971,NULL,NULL,historical
9812,1107,856,213,21,20,1:05.974,NULL,NULL,historical
9813,1108,830,9,1,1,1:29.428,1:27.702,1:26.720,historical
9814,1108,846,1,4,2,1:28.917,1:28.042,1:26.961,historical
9815,1108,857,1,81,3,1:29.874,1:27.845,1:27.092,historical
9816,1108,844,6,16,4,1:29.143,1:28.361,1:27.136,historical
9817,1108,832,6,55,5,1:29.865,1:28.265,1:27.148,historical
9818,1108,847,131,63,6,1:29.412,1:28.782,1:27.155,historical
9819,1108,1,131,44,7,1:29.415,1:28.545,1:27.211,historical
9820,1108,848,3,23,8,1:29.466,1:28.067,1:27.530,historical
9821,1108,4,117,14,9,1:29.949,1:28.368,1:27.659,historical
9822,1108,842,214,10,10,1:29.533,1:28.751,1:27.689,historical
9823,1108,807,210,27,11,1:29.603,1:28.896,NULL,historical
9824,1108,840,117,18,12,1:29.448,1:28.935,NULL,historical
9825,1108,839,214,31,13,1:29.700,1:28.956,NULL,historical
9826,1108,858,3,2,14,1:29.873,1:29.031,NULL,historical
9827,1108,822,51,77,15,1:29.798,NULL,NULL,historical
9828,1108,815,9,11,16,1:29.968,NULL,NULL,historical
9829,1108,852,213,22,17,1:30.025,NULL,NULL,historical
9830,1108,855,51,24,18,1:30.123,NULL,NULL,historical
9831,1108,856,213,21,19,1:30.513,NULL,NULL,historical
9832,1108,825,210,20,20,1:32.378,NULL,NULL,historical
9833,1109,1,131,44,1,1:18.577,1:17.427,1:16.609,historical
9834,1109,830,9,1,2,1:18.318,1:17.547,1:16.612,historical
9835,1109,846,1,4,3,1:18.697,1:17.328,1:16.694,historical
9836,1109,857,1,81,4,1:18.464,1:17.571,1:16.905,historical
9837,1109,855,51,24,5,1:18.143,1:17.700,1:16.971,historical
9838,1109,844,6,16,6,1:18.440,1:17.580,1:16.992,historical
9839,1109,822,51,77,7,1:18.775,1:17.563,1:17.034,historical
9840,1109,4,117,14,8,1:18.580,1:17.701,1:17.035,historical
9841,1109,815,9,11,9,1:18.360,1:17.675,1:17.045,historical
9842,1109,807,210,27,10,1:18.695,1:17.652,1:17.186,historical
9843,1109,832,6,55,11,1:18.393,1:17.703,NULL,historical
9844,1109,839,214,31,12,1:18.854,1:17.841,NULL,historical
9845,1109,817,213,3,13,1:18.906,1:18.002,NULL,historical
9846,1109,840,117,18,14,1:18.782,1:18.144,NULL,historical
9847,1109,842,214,10,15,1:18.743,1:18.217,NULL,historical
9848,1109,848,3,23,16,1:18.917,NULL,NULL,historical
9849,1109,852,213,22,17,1:18.919,NULL,NULL,historical
9850,1109,847,131,63,18,1:19.027,NULL,NULL,historical
9851,1109,825,210,20,19,1:19.206,NULL,NULL,historical
9852,1109,858,3,2,20,1:19.248,NULL,NULL,historical
9853,1110,830,9,1,1,1:58.515,1:52.784,1:46.168,historical
9854,1110,844,6,16,2,1:58.300,1:52.017,1:46.988,historical
9855,1110,815,9,11,3,1:58.899,1:52.353,1:47.045,historical
9856,1110,1,131,44,4,1:58.563,1:52.345,1:47.087,historical
9857,1110,832,6,55,5,1:58.688,1:51.711,1:47.152,historical
9858,1110,857,1,81,6,1:58.872,1:51.534,1:47.365,historical
9859,1110,846,1,4,7,1:59.981,1:52.252,1:47.669,historical
9860,1110,847,131,63,8,1:59.035,1:52.605,1:47.805,historical
9861,1110,4,117,14,9,1:58.834,1:52.751,1:47.843,historical
9862,1110,840,117,18,10,1:59.663,1:52.193,1:48.841,historical
9863,1110,852,213,22,11,1:59.044,1:53.148,NULL,historical
9864,1110,842,214,10,12,1:59.511,1:53.671,NULL,historical
9865,1110,825,210,20,13,2:00.020,1:54.160,NULL,historical
9866,1110,822,51,77,14,1:59.484,1:54.694,NULL,historical
9867,1110,839,214,31,15,1:59.634,1:56.372,NULL,historical
9868,1110,848,3,23,16,2:00.314,NULL,NULL,historical
9869,1110,855,51,24,17,2:00.832,NULL,NULL,historical
9870,1110,858,3,2,18,2:01.535,NULL,NULL,historical
9871,1110,817,213,3,19,2:02.159,NULL,NULL,historical
9872,1110,807,210,27,20,2:03.166,NULL,NULL,historical
9873,1111,830,9,1,1,1:20.965,1:18.856,1:10.567,historical
9874,1111,846,1,4,2,1:21.276,1:19.769,1:11.104,historical
9875,1111,847,131,63,3,1:21.345,1:19.620,1:11.294,historical
9876,1111,848,3,23,4,1:20.939,1:19.399,1:11.419,historical
9877,1111,4,117,14,5,1:21.840,1:19.429,1:11.506,historical
9878,1111,832,6,55,6,1:21.321,1:19.929,1:11.754,historical
9879,1111,815,9,11,7,1:21.972,1:19.856,1:11.880,historical
9880,1111,857,1,81,8,1:21.231,1:19.392,1:11.938,historical
9881,1111,844,6,16,9,1:22.019,1:19.600,1:12.665,historical
9882,1111,858,3,2,10,1:22.036,1:20.067,1:16.748,historical
9883,1111,840,117,18,11,1:21.570,1:20.121,NULL,historical
9884,1111,842,214,10,12,1:21.735,1:20.128,NULL,historical
9885,1111,1,131,44,13,1:21.919,1:20.151,NULL,historical
9886,1111,852,213,22,14,1:21.781,1:20.230,NULL,historical
9887,1111,807,210,27,15,1:21.891,1:20.250,NULL,historical
9888,1111,855,51,24,16,1:22.067,NULL,NULL,historical
9889,1111,839,214,31,17,1:22.110,NULL,NULL,historical
9890,1111,825,210,20,18,1:22.192,NULL,NULL,historical
9891,1111,822,51,77,19,1:22.260,NULL,NULL,historical
9892,1111,859,213,40,20,1:23.420,NULL,NULL,historical
9893,1112,832,6,55,1,1:21.965,1:20.991,1:20.294,historical
9894,1112,830,9,1,2,1:21.573,1:20.937,1:20.307,historical
9895,1112,844,6,16,3,1:21.788,1:20.977,1:20.361,historical
9896,1112,847,131,63,4,1:22.148,1:21.382,1:20.671,historical
9897,1112,815,9,11,5,1:21.911,1:21.240,1:20.688,historical
9898,1112,848,3,23,6,1:21.661,1:21.272,1:20.760,historical
9899,1112,857,1,81,7,1:22.106,1:21.527,1:20.785,historical
9900,1112,1,131,44,8,1:21.977,1:21.369,1:20.820,historical
9901,1112,846,1,4,9,1:21.995,1:21.581,1:20.979,historical
9902,1112,4,117,14,10,1:22.043,1:21.543,1:21.417,historical
9903,1112,852,213,22,11,1:21.852,1:21.594,NULL,historical
9904,1112,859,213,40,12,1:22.112,1:21.758,NULL,historical
9905,1112,807,210,27,13,1:22.343,1:21.776,NULL,historical
9906,1112,822,51,77,14,1:22.249,1:21.940,NULL,historical
9907,1112,858,3,2,15,1:21.930,1:21.944,NULL,historical
9908,1112,855,51,24,16,1:22.390,NULL,NULL,historical
9909,1112,842,214,10,17,1:22.545,NULL,NULL,historical
9910,1112,839,214,31,18,1:22.548,NULL,NULL,historical
9911,1112,825,210,20,19,1:22.592,NULL,NULL,historical
9912,1112,840,117,18,20,1:22.860,NULL,NULL,historical
9913,1113,832,6,55,1,1:32.339,1:31.439,1:30.984,historical
9914,1113,847,131,63,2,1:32.331,1:31.743,1:31.056,historical
9915,1113,844,6,16,3,1:32.406,1:32.012,1:31.063,historical
9916,1113,846,1,4,4,1:32.483,1:31.951,1:31.270,historical
9917,1113,1,131,44,5,1:32.651,1:32.019,1:31.485,historical
9918,1113,825,210,20,6,1:32.242,1:31.892,1:31.575,historical
9919,1113,4,117,14,7,1:32.584,1:31.835,1:31.615,historical
9920,1113,839,214,31,8,1:32.369,1:32.089,1:31.673,historical
9921,1113,807,210,27,9,1:32.100,1:31.994,1:31.808,historical
9922,1113,859,213,40,10,1:32.215,1:32.166,1:32.268,historical
9923,1113,830,9,1,11,1:32.398,1:32.173,NULL,historical
9924,1113,842,214,10,12,1:32.452,1:32.274,NULL,historical
9925,1113,815,9,11,13,1:32.099,1:32.310,NULL,historical
9926,1113,848,3,23,14,1:32.668,1:33.719,NULL,historical
9927,1113,852,213,22,15,1:31.991,NULL,NULL,historical
9928,1113,822,51,77,16,1:32.809,NULL,NULL,historical
9929,1113,857,1,81,17,1:32.902,NULL,NULL,historical
9930,1113,858,3,2,18,1:33.252,NULL,NULL,historical
9931,1113,855,51,24,19,1:33.258,NULL,NULL,historical
9932,1113,840,117,18,20,1:33.397,NULL,NULL,historical
9933,1114,830,9,1,1,1:29.878,1:29.964,1:28.877,historical
9934,1114,857,1,81,2,1:30.439,1:30.122,1:29.458,historical
9935,1114,846,1,4,3,1:30.063,1:30.296,1:29.493,historical
9936,1114,844,6,16,4,1:30.393,1:29.940,1:29.542,historical
9937,1114,815,9,11,5,1:30.652,1:29.965,1:29.650,historical
9938,1114,832,6,55,6,1:30.651,1:30.067,1:29.850,historical
9939,1114,1,131,44,7,1:30.811,1:30.040,1:29.908,historical
9940,1114,847,131,63,8,1:30.811,1:30.268,1:30.219,historical
9941,1114,852,213,22,9,1:30.733,1:30.204,1:30.303,historical
9942,1114,4,117,14,10,1:30.971,1:30.465,1:30.560,historical
9943,1114,859,213,40,11,1:30.425,1:30.508,NULL,historical
9944,1114,842,214,10,12,1:30.843,1:30.509,NULL,historical
9945,1114,848,3,23,13,1:30.941,1:30.537,NULL,historical
9946,1114,839,214,31,14,1:30.960,1:30.586,NULL,historical
9947,1114,825,210,20,15,1:30.976,1:30.665,NULL,historical
9948,1114,822,51,77,16,1:31.049,NULL,NULL,historical
9949,1114,840,117,18,17,1:31.181,NULL,NULL,historical
9950,1114,807,210,27,18,1:31.299,NULL,NULL,historical
9951,1114,855,51,24,19,1:31.398,NULL,NULL,historical
9952,1114,858,3,2,20,NULL,NULL,NULL,historical
9953,1115,830,9,1,1,1:25.007,1:24.483,1:23.778,historical
9954,1115,847,131,63,2,1:25.334,1:24.827,1:24.219,historical
9955,1115,1,131,44,3,1:26.076,1:24.381,1:24.305,historical
9956,1115,4,117,14,4,1:25.223,1:25.241,1:24.369,historical
9957,1115,844,6,16,5,1:25.452,1:25.079,1:24.424,historical
9958,1115,857,1,81,6,1:25.266,1:24.724,1:24.540,historical
9959,1115,842,214,10,7,1:25.566,1:24.918,1:24.553,historical
9960,1115,839,214,31,8,1:25.711,1:24.928,1:24.763,historical
9961,1115,822,51,77,9,1:26.038,1:25.297,1:25.058,historical
9962,1115,846,1,4,10,1:25.131,1:24.685,NULL,historical
9963,1115,852,213,22,11,1:26.058,1:25.301,NULL,historical
9964,1115,832,6,55,12,1:25.808,1:25.328,NULL,historical
9965,1115,815,9,11,13,1:25.991,1:25.462,NULL,historical
9966,1115,848,3,23,14,1:26.118,1:25.707,NULL,historical
9967,1115,807,210,27,15,1:25.904,1:25.783,NULL,historical
9968,1115,858,3,2,16,1:26.210,NULL,NULL,historical
9969,1115,840,117,18,17,1:26.345,NULL,NULL,historical
9970,1115,859,213,40,18,1:26.635,NULL,NULL,historical
9971,1115,825,210,20,19,1:27.046,NULL,NULL,historical
9972,1115,855,51,24,20,1:27.432,NULL,NULL,historical
9973,1116,844,6,16,1,1:36.061,1:35.004,1:34.723,historical
9974,1116,846,1,4,2,1:35.110,1:35.441,1:34.853,historical
9975,1116,1,131,44,3,1:35.091,1:35.240,1:34.862,historical
9976,1116,832,6,55,4,1:35.824,1:35.302,1:34.945,historical
9977,1116,847,131,63,5,1:36.165,1:35.606,1:35.079,historical
9978,1116,830,9,1,6,1:35.346,1:35.008,1:35.081,historical
9979,1116,842,214,10,7,1:36.158,1:35.496,1:35.089,historical
9980,1116,839,214,31,8,1:36.131,1:35.413,1:35.154,historical
9981,1116,815,9,11,9,1:35.989,1:35.679,1:35.173,historical
9982,1116,857,1,81,10,1:36.064,1:35.576,1:35.467,historical
9983,1116,852,213,22,11,1:35.913,1:35.697,NULL,historical
9984,1116,855,51,24,12,1:36.052,1:35.698,NULL,historical
9985,1116,822,51,77,13,1:36.082,1:35.858,NULL,historical
9986,1116,825,210,20,14,1:36.009,1:35.880,NULL,historical
9987,1116,817,213,3,15,1:36.213,1:35.974,NULL,historical
9988,1116,807,210,27,16,1:36.235,NULL,NULL,historical
9989,1116,4,117,14,17,1:36.268,NULL,NULL,historical
9990,1116,848,3,23,18,1:36.315,NULL,NULL,historical
9991,1116,840,117,18,19,1:36.589,NULL,NULL,historical
9992,1116,858,3,2,20,1:36.827,NULL,NULL,historical
9993,1117,844,6,16,1,1:18.401,1:17.901,1:17.166,historical
9994,1117,832,6,55,2,1:18.755,1:18.382,1:17.233,historical
9995,1117,830,9,1,3,1:18.099,1:17.625,1:17.263,historical
9996,1117,817,213,3,4,1:18.341,1:17.706,1:17.382,historical
9997,1117,815,9,11,5,1:18.553,1:18.124,1:17.423,historical
9998,1117,1,131,44,6,1:18.677,1:17.571,1:17.454,historical
9999,1117,857,1,81,7,1:18.241,1:17.874,1:17.623,historical
10000,1117,847,131,63,8,1:18.893,1:17.673,1:17.674,historical
10001,1117,822,51,77,9,1:18.429,1:18.016,1:18.032,historical
10002,1117,855,51,24,10,1:19.016,1:18.440,1:18.050,historical
10003,1117,842,214,10,11,1:18.945,1:18.521,NULL,historical
10004,1117,807,210,27,12,1:18.969,1:18.524,NULL,historical
10005,1117,4,117,14,13,1:18.848,1:18.738,NULL,historical
10006,1117,848,3,23,14,1:18.828,1:19.147,NULL,historical
10007,1117,852,213,22,15,1:18.890,NULL,NULL,historical
10008,1117,839,214,31,16,1:19.080,NULL,NULL,historical
10009,1117,825,210,20,17,1:19.163,NULL,NULL,historical
10010,1117,840,117,18,18,1:19.227,NULL,NULL,historical
10011,1117,846,1,4,19,1:21.554,NULL,NULL,historical
10012,1117,858,3,2,20,NULL,NULL,NULL,historical
10013,1118,830,9,1,1,1:10.436,1:10.162,1:10.727,historical
10014,1118,844,6,16,2,1:10.472,1:10.303,1:11.021,historical
10015,1118,840,117,18,3,1:10.551,1:10.375,1:11.344,historical
10016,1118,4,117,14,4,1:10.557,1:10.237,1:11.387,historical
10017,1118,1,131,44,5,1:10.604,1:10.266,1:11.469,historical
10018,1118,847,131,63,6,1:10.340,1:10.316,1:11.590,historical
10019,1118,846,1,4,7,1:10.623,1:10.021,1:11.987,historical
10020,1118,832,6,55,8,1:10.624,1:10.254,1:11.989,historical
10021,1118,815,9,11,9,1:10.668,1:10.219,1:12.321,historical
10022,1118,857,1,81,10,1:10.519,1:10.330,NULL,historical
10023,1118,807,210,27,11,1:10.475,1:10.547,NULL,historical
10024,1118,839,214,31,12,1:10.763,1:10.562,NULL,historical
10025,1118,842,214,10,13,1:10.793,1:10.567,NULL,historical
10026,1118,825,210,20,14,1:10.602,1:10.723,NULL,historical
10027,1118,848,3,23,15,1:10.621,1:10.840,NULL,historical
10028,1118,852,213,22,16,1:10.837,NULL,NULL,historical
10029,1118,817,213,3,17,1:10.843,NULL,NULL,historical
10030,1118,822,51,77,18,1:10.955,NULL,NULL,historical
10031,1118,858,3,2,19,1:11.035,NULL,NULL,historical
10032,1118,855,51,24,20,1:11.275,NULL,NULL,historical
10033,1119,844,6,16,1,1:33.617,1:32.775,1:32.726,historical
10034,1119,832,6,55,2,1:33.851,1:33.338,1:32.770,historical
10035,1119,830,9,1,3,1:34.190,1:33.572,1:33.104,historical
10036,1119,847,131,63,4,1:34.137,1:33.351,1:33.112,historical
10037,1119,842,214,10,5,1:34.272,1:33.494,1:33.239,historical
10038,1119,848,3,23,6,1:34.634,1:33.588,1:33.323,historical
10039,1119,858,3,2,7,1:34.525,1:33.733,1:33.513,historical
10040,1119,822,51,77,8,1:34.305,1:33.809,1:33.525,historical
10041,1119,825,210,20,9,1:34.337,1:33.664,1:33.537,historical
10042,1119,4,117,14,10,1:34.422,1:33.617,1:33.555,historical
10043,1119,1,131,44,11,1:34.307,1:33.837,NULL,historical
10044,1119,815,9,11,12,1:34.574,1:33.855,NULL,historical
10045,1119,807,210,27,13,1:34.265,1:33.979,NULL,historical
10046,1119,840,117,18,14,1:34.504,1:34.199,NULL,historical
10047,1119,817,213,3,15,1:34.683,1:34.308,NULL,historical
10048,1119,846,1,4,16,1:34.703,NULL,NULL,historical
10049,1119,839,214,31,17,1:34.834,NULL,NULL,historical
10050,1119,855,51,24,18,1:34.849,NULL,NULL,historical
10051,1119,857,1,81,19,1:34.850,NULL,NULL,historical
10052,1119,852,213,22,20,1:36.447,NULL,NULL,historical
10053,1120,830,9,1,1,1:24.160,1:23.740,1:23.445,historical
10054,1120,844,6,16,2,1:24.459,1:23.969,1:23.584,historical
10055,1120,857,1,81,3,1:24.487,1:24.278,1:23.782,historical
10056,1120,847,131,63,4,1:24.337,1:24.013,1:23.788,historical
10057,1120,846,1,4,5,1:24.368,1:23.920,1:23.816,historical
10058,1120,852,213,22,6,1:24.286,1:24.207,1:23.968,historical
10059,1120,4,117,14,7,1:24.501,1:24.131,1:24.084,historical
10060,1120,807,210,27,8,1:24.425,1:24.213,1:24.108,historical
10061,1120,815,9,11,9,1:24.209,1:24.116,1:24.171,historical
10062,1120,842,214,10,10,1:24.600,1:24.078,1:24.548,historical
10063,1120,1,131,44,11,1:24.437,1:24.359,,historical
10064,1120,839,214,31,12,1:24.565,1:24.391,,historical
10065,1120,840,117,18,13,1:24.405,1:24.422,,historical
10066,1120,848,3,23,14,1:24.298,1:24.439,,historical
10067,1120,817,213,3,15,1:24.461,1:24.442,,historical
10068,1120,832,6,55,16,1:24.738,,,historical
10069,1120,825,210,20,17,1:24.764,,,historical
10070,1120,822,51,77,18,1:24.788,,,historical
10071,1120,855,51,24,19,1:25.159,,,historical
10072,1120,858,3,2,20,NULL,NULL,NULL,historical
10073,1121,830,9,1,1,1:30.031,1:29.374,1:29.179,historical
10074,1121,844,6,16,2,1:30.243,1:29.165,1:29.407,historical
10075,1121,847,131,63,3,1:30.350,1:29.922,1:29.485,historical
10076,1121,832,6,55,4,1:29.909,1:29.573,1:29.507,historical
10077,1121,815,9,11,5,1:30.221,1:29.932,1:29.537,historical
10078,1121,4,117,14,6,1:30.179,1:29.801,1:29.542,historical
10079,1121,846,1,4,7,1:30.143,1:29.941,1:29.614,historical
10080,1121,857,1,81,8,1:30.531,1:30.122,1:29.683,historical
10081,1121,1,131,44,9,1:30.451,1:29.718,1:29.710,historical
10082,1121,807,210,27,10,1:30.566,1:29.851,1:30.502,historical
10083,1121,852,215,22,11,1:30.481,1:30.129,NULL,historical
10084,1121,840,117,18,12,1:29.965,1:30.200,NULL,historical
10085,1121,848,3,23,13,1:30.397,1:30.221,NULL,historical
10086,1121,817,215,3,14,1:30.562,1:30.278,NULL,historical
10087,1121,825,210,20,15,1:30.646,1:30.529,NULL,historical
10088,1121,822,15,77,16,1:30.756,NULL,NULL,historical
10089,1121,855,15,24,17,1:30.757,NULL,NULL,historical
10090,1121,858,3,2,18,1:30.770,NULL,NULL,historical
10091,1121,839,214,31,19,1:30.793,NULL,NULL,historical
10092,1121,842,214,10,20,1:30.948,NULL,NULL,historical
10093,1122,830,9,1,1,1:28.171,1:28.033,1:27.472,historical
10094,1122,844,6,16,2,1:28.318,1:28.112,1:27.791,historical
10095,1122,815,9,11,3,1:28.638,1:28.467,1:27.807,historical
10096,1122,4,117,14,4,1:28.706,1:28.122,1:27.846,historical
10097,1122,857,1,81,5,1:28.755,1:28.343,1:28.089,historical
10098,1122,846,1,4,6,1:28.805,1:28.479,1:28.132,historical
10099,1122,847,131,63,7,1:28.749,1:28.448,1:28.316,historical
10100,1122,1,131,44,8,1:28.994,1:28.606,1:28.460,historical
10101,1122,852,215,22,9,1:28.988,1:28.564,1:28.547,historical
10102,1122,840,117,18,10,1:28.250,1:28.578,1:28.572,historical
10103,1122,860,6,38,11,1:28.984,1:28.642,,historical
10104,1122,848,3,23,12,1:29.107,1:28.980,,historical
10105,1122,825,210,20,13,1:29.069,1:29.020,,historical
10106,1122,817,215,3,14,1:29.065,1:29.025,,historical
10107,1122,807,210,27,15,1:29.055,,,historical
10108,1122,822,15,77,16,1:29.179,,,historical
10109,1122,839,214,31,17,1:29.475,,,historical
10110,1122,842,214,10,18,1:29.479,,,historical
10111,1122,858,3,2,19,1:29.526,,,historical
10112,1122,855,15,24,20,NULL,NULL,NULL,historical
10113,1123,830,9,1,1,1:16.819,1:16.387,1:15.915,historical
10114,1123,832,6,55,2,1:16.731,1:16.189,1:16.185,historical
10115,1123,815,9,11,3,1:16.805,1:16.631,1:16.274,historical
10116,1123,846,1,4,4,1:17.430,1:16.750,1:16.315,historical
10117,1123,844,6,16,5,1:16.984,1:16.304,1:16.435,historical
10118,1123,857,1,81,6,1:17.369,1:16.601,1:16.572,historical
10119,1123,847,131,63,7,1:17.062,1:16.901,1:16.724,historical
10120,1123,852,215,22,8,1:17.356,1:16.791,1:16.788,historical
10121,1123,840,117,18,9,1:17.376,1:16.780,1:17.072,historical
10122,1123,4,117,14,10,1:16.991,1:16.710,1:17.552,historical
10123,1123,1,131,44,11,1:17.499,1:16.960,NULL,historical
10124,1123,848,3,23,12,1:17.130,1:17.167,NULL,historical
10125,1123,822,15,77,13,1:17.543,1:17.340,NULL,historical
10126,1123,825,210,20,14,1:17.709,1:17.427,NULL,historical
10127,1123,839,214,31,15,1:17.617,1:17.697,NULL,historical
10128,1123,807,210,27,16,1:17.976,NULL,NULL,historical
10129,1123,842,214,10,17,1:17.982,NULL,NULL,historical
10130,1123,817,215,3,18,1:18.085,NULL,NULL,historical
10131,1123,855,15,24,19,1:18.188,NULL,NULL,historical
10132,1124,830,9,1,1,1:28.866,1:28.740,1:28.197,historical
10133,1124,815,9,11,2,1:29.303,1:28.752,1:28.263,historical
10134,1124,846,1,4,3,1:29.536,1:28.940,1:28.489,historical
10135,1124,832,6,55,4,1:29.513,1:29.099,1:28.682,historical
10136,1124,4,117,14,5,1:29.254,1:29.082,1:28.686,historical
10137,1124,857,1,81,6,1:29.425,1:29.148,1:28.760,historical
10138,1124,1,131,44,7,1:29.661,1:28.887,1:28.766,historical
10139,1124,844,6,16,8,1:29.338,1:29.196,1:28.786,historical
10140,1124,847,131,63,9,1:29.799,1:29.140,1:29.008,historical
10141,1124,852,215,22,10,1:29.775,1:29.417,1:29.413,historical
10142,1124,817,215,3,11,1:29.727,1:29.472,NULL,historical
10143,1124,807,210,27,12,1:29.821,1:29.494,NULL,historical
10144,1124,822,15,77,13,1:29.602,1:29.593,NULL,historical
10145,1124,848,3,23,14,1:29.963,1:29.714,NULL,historical
10146,1124,839,214,31,15,1:29.811,1:29.816,NULL,historical
10147,1124,840,117,18,16,1:30.024,NULL,NULL,historical
10148,1124,842,214,10,17,1:30.119,NULL,NULL,historical
10149,1124,825,210,20,18,1:30.131,NULL,NULL,historical
10150,1124,858,3,2,19,1:30.139,NULL,NULL,historical
10151,1124,855,15,24,20,1:30.143,NULL,NULL,historical
10152,1125,830,9,1,1,1:34.742,1:33.794,1:33.660,historical
10153,1125,815,9,11,2,1:35.457,1:34.026,1:33.982,historical
10154,1125,4,117,14,3,1:35.116,1:34.652,1:34.148,historical
10155,1125,846,1,4,4,1:34.842,1:34.460,1:34.165,historical
10156,1125,857,1,81,5,1:35.014,1:34.659,1:34.273,historical
10157,1125,844,6,16,6,1:34.797,1:34.399,1:34.289,historical
10158,1125,832,6,55,7,1:34.970,1:34.368,1:34.297,historical
10159,1125,847,131,63,8,1:35.084,1:34.609,1:34.433,historical
10160,1125,807,210,27,9,1:35.068,1:34.667,1:34.604,historical
10161,1125,822,15,77,10,1:35.169,1:34.769,1:34.665,historical
10162,1125,840,117,18,11,1:35.334,1:34.838,NULL,historical
10163,1125,817,215,3,12,1:35.443,1:34.934,NULL,historical
10164,1125,839,214,31,13,1:35.356,1:35.223,NULL,historical
10165,1125,848,3,23,14,1:35.384,1:35.241,NULL,historical
10166,1125,842,214,10,15,1:35.287,1:35.463,NULL,historical
10167,1125,855,15,24,16,1:35.505,NULL,NULL,historical
10168,1125,825,210,20,17,1:35.516,NULL,NULL,historical
10169,1125,1,131,44,18,1:35.573,NULL,NULL,historical
10170,1125,852,215,22,19,1:35.746,NULL,NULL,historical
10171,1125,858,3,2,20,1:36.358,NULL,NULL,historical
10172,1126,830,9,1,1,1:27.689,1:27.566,1:27.241,historical
10173,1126,844,6,16,2,1:28.081,1:27.533,1:27.382,historical
10174,1126,832,6,55,3,1:27.937,1:27.941,1:27.455,historical
10175,1126,815,9,11,4,1:27.772,1:27.839,1:27.460,historical
10176,1126,846,1,4,5,1:27.913,1:27.871,1:27.594,historical
10177,1126,857,1,81,6,1:28.032,1:27.721,1:27.675,historical
10178,1126,847,131,63,7,1:28.159,1:28.095,1:28.067,historical
10179,1126,1,131,44,8,1:28.167,1:27.697,1:28.107,historical
10180,1126,807,210,27,9,1:28.383,1:28.200,1:28.146,historical
10181,1126,852,215,22,10,1:28.324,1:28.167,1:28.192,historical
10182,1126,840,117,18,11,1:28.177,1:28.222,NULL,historical
10183,1126,842,214,10,12,1:27.976,1:28.324,NULL,historical
10184,1126,839,214,31,13,1:28.209,1:28.371,NULL,historical
10185,1126,848,3,23,14,1:28.343,1:28.413,NULL,historical
10186,1126,4,117,14,15,1:28.453,1:28.427,NULL,historical
10187,1126,822,15,77,16,1:28.463,NULL,NULL,historical
10188,1126,858,3,2,17,1:28.487,NULL,NULL,historical
10189,1126,817,215,3,18,1:28.617,NULL,NULL,historical
10190,1126,825,210,20,19,1:28.619,NULL,NULL,historical
10191,1126,855,15,24,20,1:28.824,NULL,NULL,historical
10192,1127,830,9,1,1,1:15.762,1:15.176,1:14.746,historical
10193,1127,857,1,81,2,1:15.940,1:15.407,1:14.820,historical
10194,1127,846,1,4,3,1:15.915,1:15.371,1:14.837,historical
10195,1127,844,6,16,4,1:15.823,1:15.328,1:14.970,historical
10196,1127,832,6,55,5,1:16.015,1:15.512,1:15.233,historical
10197,1127,847,131,63,6,1:16.107,1:15.671,1:15.234,historical
10198,1127,852,215,22,7,1:15.894,1:15.358,1:15.465,historical
10199,1127,1,131,44,8,1:16.604,1:15.677,1:15.504,historical
10200,1127,817,215,3,9,1:16.060,1:15.691,1:15.674,historical
10201,1127,807,210,27,10,1:15.841,1:15.569,1:15.980,historical
10202,1127,815,9,11,11,1:16.404,1:15.706,,historical
10203,1127,839,214,31,12,1:16.361,1:15.906,,historical
10204,1127,840,117,18,13,1:16.458,1:15.992,,historical
10205,1127,848,3,23,14,1:16.524,1:16.200,,historical
10206,1127,842,214,10,15,1:16.015,1:16.381,,historical
10207,1127,822,15,77,16,1:16.626,,,historical
10208,1127,855,15,24,17,1:16.834,,,historical
10209,1127,825,210,20,18,1:16.854,,,historical
10210,1127,4,117,14,19,1:16.917,,,historical
10211,1127,858,3,2,20,NULL,NULL,NULL,historical
10212,1128,844,6,16,1,1:11.584,1:10.825,1:10.270,historical
10213,1128,857,1,81,2,1:11.500,1:10.756,1:10.424,historical
10214,1128,832,6,55,3,1:11.543,1:11.075,1:10.518,historical
10215,1128,846,1,4,4,1:11.760,1:10.732,1:10.542,historical
10216,1128,847,131,63,5,1:11.492,1:10.929,1:10.543,historical
10217,1128,830,9,1,6,1:11.711,1:10.745,1:10.567,historical
10218,1128,1,131,44,7,1:11.528,1:11.056,1:10.621,historical
10219,1128,852,215,22,8,1:11.852,1:11.106,1:10.858,historical
10220,1128,848,3,23,9,1:11.623,1:11.216,1:10.948,historical
10221,1128,842,214,10,10,1:11.714,1:10.896,1:11.311,historical
10222,1128,839,214,31,11,1:11.887,1:11.285,NULL,historical
10223,1128,807,210,27,12,1:11.876,1:11.440,NULL,historical
10224,1128,817,215,3,13,1:11.785,1:11.482,NULL,historical
10225,1128,840,117,18,14,1:11.728,1:11.563,NULL,historical
10226,1128,825,210,20,15,1:11.832,1:11.725,NULL,historical
10227,1128,4,117,14,16,1:12.019,NULL,NULL,historical
10228,1128,858,3,2,17,1:12.020,NULL,NULL,historical
10229,1128,815,9,11,18,1:12.060,NULL,NULL,historical
10230,1128,822,15,77,19,1:12.512,NULL,NULL,historical
10231,1128,855,15,24,20,1:13.028,NULL,NULL,historical
10232,1129,847,131,63,1,1:13.013,1:11.742,1:12.000,historical
10233,1129,830,9,1,2,1:12.360,1:12.549,1:12.000,historical
10234,1129,846,1,4,3,1:12.959,1:12.201,1:12.021,historical
10235,1129,857,1,81,4,1:12.907,1:12.462,1:12.103,historical
10236,1129,817,215,3,5,1:13.240,1:12.572,1:12.178,historical
10237,1129,4,117,14,6,1:13.117,1:12.635,1:12.228,historical
10238,1129,1,131,44,7,1:12.851,1:11.979,1:12.280,historical
10239,1129,852,215,22,8,1:12.748,1:12.303,1:12.414,historical
10240,1129,840,117,18,9,1:13.088,1:12.659,1:12.701,historical
10241,1129,848,3,23,10,1:12.896,1:12.485,1:12.796,historical
10242,1129,844,6,16,11,1:13.107,1:12.691,NULL,historical
10243,1129,832,6,55,12,1:13.038,1:12.728,NULL,historical
10244,1129,858,3,2,13,1:13.063,1:12.736,NULL,historical
10245,1129,825,210,20,14,1:13.217,1:12.916,NULL,historical
10246,1129,842,214,10,15,1:13.289,1:12.940,NULL,historical
10247,1129,815,9,11,16,1:13.326,NULL,NULL,historical
10248,1129,822,15,77,17,1:13.366,NULL,NULL,historical
10249,1129,839,214,31,18,1:13.435,NULL,NULL,historical
10250,1129,807,210,27,19,1:13.978,NULL,NULL,historical
10251,1129,855,15,24,20,1:14.292,NULL,NULL,historical
10252,1130,846,1,4,1,1:12.386,1:11.872,1:11.383,historical
10253,1130,830,9,1,2,1:12.306,1:11.653,1:11.403,historical
10254,1130,1,131,44,3,1:12.143,1:11.792,1:11.701,historical
10255,1130,847,131,63,4,1:12.456,1:11.812,1:11.703,historical
10256,1130,844,6,16,5,1:12.257,1:12.038,1:11.731,historical
10257,1130,832,6,55,6,1:12.403,1:11.874,1:11.736,historical
10258,1130,842,214,10,7,1:12.651,1:12.079,1:11.857,historical
10259,1130,815,9,11,8,1:12.477,1:12.054,1:12.061,historical
10260,1130,839,214,31,9,1:12.691,1:12.109,1:12.125,historical
10261,1130,857,1,81,10,1:12.460,1:12.011,NULL,historical
10262,1130,4,117,14,11,1:12.505,1:12.128,NULL,historical
10263,1130,822,15,77,12,1:12.758,1:12.227,NULL,historical
10264,1130,807,210,27,13,1:12.708,1:12.310,NULL,historical
10265,1130,840,117,18,14,1:12.881,1:12.372,NULL,historical
10266,1130,855,15,24,15,1:12.880,1:12.738,NULL,historical
10267,1130,825,210,20,16,1:12.937,NULL,NULL,historical
10268,1130,852,215,22,17,1:12.985,NULL,NULL,historical
10269,1130,817,215,3,18,1:13.075,NULL,NULL,historical
10270,1130,848,3,23,19,1:13.153,NULL,NULL,historical
10271,1130,858,3,2,20,1:13.509,NULL,NULL,historical
10272,1131,830,9,1,1,1:05.336,1:04.469,1:04.314,historical
10273,1131,846,1,4,2,1:05.450,1:05.103,1:04.718,historical
10274,1131,847,131,63,3,1:05.585,1:05.016,1:04.840,historical
10275,1131,832,6,55,4,1:05.263,1:05.016,1:04.851,historical
10276,1131,1,131,44,5,1:05.541,1:05.053,1:04.903,historical
10277,1131,844,6,16,6,1:05.509,1:05.104,1:05.044,historical
10278,1131,857,1,81,7,1:05.311,1:05.070,1:05.048,historical
10279,1131,815,9,11,8,1:05.587,1:05.144,1:05.202,historical
10280,1131,807,210,27,9,1:05.596,1:05.262,1:05.385,historical
10281,1131,839,214,31,10,1:05.574,1:05.274,1:05.883,historical
10282,1131,817,215,3,11,1:05.569,1:05.289,NULL,historical
10283,1131,825,210,20,12,1:05.508,1:05.347,NULL,historical
10284,1131,842,214,10,13,1:05.598,1:05.359,NULL,historical
10285,1131,852,215,22,14,1:05.563,1:05.412,NULL,historical
10286,1131,4,117,14,15,1:05.656,1:05.639,NULL,historical
10287,1131,848,3,23,16,1:05.736,NULL,NULL,historical
10288,1131,840,117,18,17,1:05.819,NULL,NULL,historical
10289,1131,822,15,77,18,1:05.847,NULL,NULL,historical
10290,1131,858,3,2,19,1:05.856,NULL,NULL,historical
10291,1131,855,15,24,20,1:06.061,NULL,NULL,historical
10292,1132,847,131,63,1,1:30.106,1:26.723,1:25.819,historical
10293,1132,1,131,44,2,1:29.547,1:26.770,1:25.990,historical
10294,1132,846,1,4,3,1:31.596,1:26.559,1:26.030,historical
10295,1132,830,9,1,4,1:31.342,1:26.796,1:26.203,historical
10296,1132,857,1,81,5,1:30.895,1:26.733,1:26.237,historical
10297,1132,807,210,27,6,1:31.929,1:26.847,1:26.338,historical
10298,1132,832,6,55,7,1:30.557,1:26.843,1:26.509,historical
10299,1132,840,117,18,8,1:31.410,1:26.938,1:26.585,historical
10300,1132,848,3,23,9,1:31.135,1:26.933,1:26.640,historical
10301,1132,4,117,14,10,1:31.264,1:26.730,1:26.917,historical
10302,1132,844,6,16,11,1:30.496,1:27.097,NULL,historical
10303,1132,858,3,2,12,1:31.608,1:27.175,NULL,historical
10304,1132,852,215,22,13,1:30.994,1:27.269,NULL,historical
10305,1132,855,15,24,14,1:31.190,1:27.867,NULL,historical
10306,1132,817,215,3,15,1:31.291,1:27.949,NULL,historical
10307,1132,822,15,77,16,1:32.431,NULL,NULL,historical
10308,1132,825,210,20,17,1:32.905,NULL,NULL,historical
10309,1132,839,214,31,18,1:34.557,NULL,NULL,historical
10310,1132,815,9,11,19,1:38.348,NULL,NULL,historical
10311,1132,842,214,10,20,1:39.804,NULL,NULL,historical
10312,1133,846,1,4,1,1:17.755,1:15.540,1:15.227,historical
10313,1133,857,1,81,2,1:17.504,1:15.785,1:15.249,historical
10314,1133,830,9,1,3,1:17.087,1:15.770,1:15.273,historical
10315,1133,832,6,55,4,1:17.244,1:15.885,1:15.696,historical
10316,1133,1,131,44,5,1:17.087,1:16.307,1:15.854,historical
10317,1133,844,6,16,6,1:17.437,1:15.891,1:15.905,historical
10318,1133,4,117,14,7,1:17.624,1:16.117,1:16.043,historical
10319,1133,840,117,18,8,1:17.405,1:16.075,1:16.244,historical
10320,1133,817,215,3,9,1:17.050,1:16.202,1:16.447,historical
10321,1133,852,215,22,10,1:17.436,1:16.121,1:16.477,historical
10322,1133,807,210,27,11,1:17.362,1:16.317,NULL,historical
10323,1133,822,15,77,12,1:17.487,1:16.384,NULL,historical
10324,1133,848,3,23,13,1:17.280,1:16.429,NULL,historical
10325,1133,858,3,2,14,1:17.770,1:16.543,NULL,historical
10326,1133,825,210,20,15,1:17.851,1:16.548,NULL,historical
10327,1133,815,9,11,16,1:17.886,NULL,NULL,historical
10328,1133,847,131,63,17,1:17.968,NULL,NULL,historical
10329,1133,855,15,24,18,1:18.037,NULL,NULL,historical
10330,1133,839,214,31,19,1:18.049,NULL,NULL,historical
10331,1133,842,214,10,20,1:18.166,NULL,NULL,historical
10332,1134,830,9,1,1,1:54.938,1:53.837,1:53.159,historical
10333,1134,844,6,16,2,1:55.349,1:54.193,1:53.754,historical
10334,1134,815,9,11,3,1:55.139,1:54.470,1:53.765,historical
10335,1134,1,131,44,4,1:55.692,1:54.037,1:53.835,historical
10336,1134,846,1,4,5,1:55.582,1:54.358,1:53.981,historical
10337,1134,857,1,81,6,1:54.835,1:54.136,1:54.027,historical
10338,1134,847,131,63,7,1:55.353,1:54.095,1:54.184,historical
10339,1134,832,6,55,8,1:55.169,1:54.112,1:54.477,historical
10340,1134,4,117,14,9,1:55.489,1:54.258,1:54.765,historical
10341,1134,839,214,31,10,1:55.417,1:54.460,1:54.810,historical
10342,1134,848,3,23,11,1:55.722,1:54.473,NULL,historical
10343,1134,842,214,10,12,1:54.911,1:54.635,NULL,historical
10344,1134,817,215,3,13,1:55.451,1:54.682,NULL,historical
10345,1134,822,15,77,14,1:55.531,1:54.764,NULL,historical
10346,1134,840,117,18,15,1:56.072,1:55.716,NULL,historical
10347,1134,807,210,27,16,1:56.308,NULL,NULL,historical
10348,1134,825,210,20,17,1:56.500,NULL,NULL,historical
10349,1134,852,215,22,18,1:56.593,NULL,NULL,historical
10350,1134,858,3,2,19,1:57.230,NULL,NULL,historical
10351,1134,855,15,24,20,1:57.775,NULL,NULL,historical
10352,1135,846,1,4,1,1:11.377,1:10.496,1:09.673,historical
10353,1135,830,9,1,2,1:11.393,1:10.811,1:10.029,historical
10354,1135,857,1,81,3,1:11.541,1:10.505,1:10.172,historical
10355,1135,847,131,63,4,1:11.049,1:10.552,1:10.244,historical
10356,1135,815,9,11,5,1:11.006,1:10.678,1:10.416,historical
10357,1135,844,6,16,6,1:11.370,1:10.689,1:10.582,historical
10358,1135,4,117,14,7,1:11.493,1:10.845,1:10.633,historical
10359,1135,840,117,18,8,1:11.518,1:10.661,1:10.857,historical
10360,1135,842,214,10,9,1:11.718,1:10.815,1:10.977,historical
10361,1135,832,6,55,10,1:11.327,1:10.914,,historical
10362,1135,1,131,44,11,1:11.375,1:10.948,,historical
10363,1135,852,215,22,12,1:11.603,1:10.955,,historical
10364,1135,807,210,27,13,1:11.832,1:11.215,,historical
10365,1135,825,210,20,14,1:11.630,1:11.295,,historical
10366,1135,817,215,3,15,1:11.943,,,historical
10367,1135,839,214,31,16,1:11.995,,,historical
10368,1135,822,15,77,17,1:12.168,,,historical
10369,1135,855,15,24,18,1:13.261,,,historical
10370,1135,848,3,23,19,NULL,NULL,NULL,historical
10371,1135,858,3,2,20,NULL,NULL,NULL,historical
10372,1136,846,1,4,1,1:19.911,1:19.727,1:19.327,historical
10373,1136,857,1,81,2,1:20.076,1:19.808,1:19.436,historical
10374,1136,847,131,63,3,1:20.169,1:19.877,1:19.440,historical
10375,1136,844,6,16,4,1:20.074,1:20.007,1:19.461,historical
10376,1136,832,6,55,5,1:20.149,1:19.799,1:19.467,historical
10377,1136,1,131,44,6,1:20.477,1:19.641,1:19.513,historical
10378,1136,830,9,1,7,1:20.226,1:19.662,1:20.022,historical
10379,1136,815,9,11,8,1:20.598,1:20.216,1:20.062,historical
10380,1136,848,3,23,9,1:20.542,1:20.314,1:20.299,historical
10381,1136,807,210,27,10,1:20.781,1:20.411,1:20.339,historical
10382,1136,4,117,14,11,1:20.617,1:20.421,NULL,historical
10383,1136,817,215,3,12,1:20.901,1:20.479,NULL,historical
10384,1136,825,210,20,13,1:20.856,1:20.698,NULL,historical
10385,1136,842,214,10,14,1:20.748,1:20.738,NULL,historical
10386,1136,839,214,31,15,1:20.764,1:20.766,NULL,historical
10387,1136,852,215,22,16,1:20.945,NULL,NULL,historical
10388,1136,840,117,18,17,1:21.013,NULL,NULL,historical
10389,1136,861,3,43,18,1:21.061,NULL,NULL,historical
10390,1136,822,15,77,19,1:21.101,NULL,NULL,historical
10391,1136,855,15,24,20,1:21.445,NULL,NULL,historical
10392,1137,844,6,16,1,1:42.775,1:42.056,1:41.365,historical
10393,1137,857,1,81,2,1:43.033,1:42.598,1:41.686,historical
10394,1137,832,6,55,3,1:43.357,1:42.503,1:41.805,historical
10395,1137,815,9,11,4,1:43.213,1:42.263,1:41.813,historical
10396,1137,847,131,63,5,1:43.139,1:42.329,1:41.874,historical
10397,1137,830,9,1,6,1:43.097,1:42.042,1:42.023,historical
10398,1137,1,131,44,7,1:43.089,1:42.765,1:42.289,historical
10399,1137,4,117,14,8,1:43.472,1:42.426,1:42.369,historical
10400,1137,861,3,43,9,1:43.138,1:42.473,1:42.530,historical
10401,1137,848,3,23,10,1:42.899,1:42.840,1:42.859,historical
10402,1137,860,210,50,11,1:43.471,1:42.968,,historical
10403,1137,852,215,22,12,1:43.337,1:43.035,,historical
10404,1137,807,210,27,13,1:43.101,1:43.191,,historical
10405,1137,840,117,18,14,1:43.370,1:43.404,,historical
10406,1137,817,215,3,15,1:43.547,,,historical
10407,1137,846,1,4,16,1:43.609,,,historical
10408,1137,822,15,77,17,1:43.618,,,historical
10409,1137,855,15,24,18,1:44.246,,,historical
10410,1137,839,214,31,19,1:44.504,,,historical
10411,1137,842,214,10,20,1:43.088,1:43.179,,historical
10412,1138,846,1,4,1,1:30.002,1:30.007,1:29.525,historical
10413,1138,830,9,1,2,1:30.157,1:29.680,1:29.728,historical
10414,1138,1,131,44,3,1:30.393,1:29.929,1:29.841,historical
10415,1138,847,131,63,4,1:30.811,1:30.153,1:29.867,historical
10416,1138,857,1,81,5,1:30.258,1:29.640,1:29.953,historical
10417,1138,807,210,27,6,1:30.724,1:30.150,1:30.115,historical
10418,1138,4,117,14,7,1:30.684,1:30.450,1:30.214,historical
10419,1138,852,215,22,8,1:30.710,1:30.289,1:30.354,historical
10420,1138,844,6,16,9,1:30.786,1:29.747,NULL,historical
10421,1138,832,6,55,10,1:30.670,1:30.108,NULL,historical
10422,1138,848,3,23,11,1:30.679,1:30.474,NULL,historical
10423,1138,861,3,43,12,1:30.704,1:30.481,NULL,historical
10424,1138,815,9,11,13,1:30.624,1:30.579,NULL,historical
10425,1138,825,210,20,14,1:30.829,1:30.653,NULL,historical
10426,1138,839,214,31,15,1:30.958,1:30.769,NULL,historical
10427,1138,817,215,3,16,1:31.085,NULL,NULL,historical
10428,1138,840,117,18,17,1:31.094,NULL,NULL,historical
10429,1138,842,214,10,18,1:31.312,NULL,NULL,historical
10430,1138,822,15,77,19,1:31.572,NULL,NULL,historical
10431,1138,855,15,24,20,1:32.054,NULL,NULL,historical
10432,1139,846,1,4,1,1:33.616,1:32.851,1:32.330,historical
10433,1139,830,9,1,2,1:33.046,1:32.584,1:32.361,historical
10434,1139,832,6,55,3,1:33.556,1:32.836,1:32.652,historical
10435,1139,844,6,16,4,1:33.241,1:32.962,1:32.740,historical
10436,1139,857,1,81,5,1:33.864,1:33.057,1:32.950,historical
10437,1139,847,131,63,6,1:33.536,1:33.142,1:32.974,historical
10438,1139,842,214,10,7,1:33.550,1:33.162,1:33.018,historical
10439,1139,4,117,14,8,1:33.973,1:33.429,1:33.309,historical
10440,1139,825,210,20,9,1:33.564,1:33.474,1:33.481,historical
10441,1139,815,9,11,10,1:33.611,1:33.020,NULL,historical
10442,1139,852,215,22,11,1:33.795,1:33.506,NULL,historical
10443,1139,807,210,27,12,1:33.601,1:33.544,NULL,historical
10444,1139,839,214,31,13,1:33.986,1:33.597,NULL,historical
10445,1139,840,117,18,14,1:34.033,1:33.759,NULL,historical
10446,1139,859,215,30,15,1:33.339,NULL,NULL,historical
10447,1139,848,3,23,16,1:34.051,NULL,NULL,historical
10448,1139,861,3,43,17,1:34.062,NULL,NULL,historical
10449,1139,822,15,77,18,1:34.152,NULL,NULL,historical
10450,1139,1,131,44,19,1:34.154,NULL,NULL,historical
10451,1139,855,15,24,20,1:34.228,NULL,NULL,historical
10452,1140,832,6,55,1,1:16.778,1:16.515,1:15.946,historical
10453,1140,830,9,1,2,1:16.803,1:16.514,1:16.171,historical
10454,1140,846,1,4,3,1:16.505,1:16.301,1:16.260,historical
10455,1140,844,6,16,4,1:16.972,1:16.641,1:16.265,historical
10456,1140,847,131,63,5,1:17.194,1:16.937,1:16.356,historical
10457,1140,1,131,44,6,1:17.306,1:16.973,1:16.651,historical
10458,1140,825,210,20,7,1:17.125,1:17.003,1:16.886,historical
10459,1140,842,214,10,8,1:17.149,1:17.048,1:16.892,historical
10460,1140,848,3,23,9,1:17.189,1:16.988,1:17.065,historical
10461,1140,807,210,27,10,1:17.186,1:16.995,1:17.365,historical
10462,1140,852,215,22,11,1:17.182,1:17.129,NULL,historical
10463,1140,859,215,30,12,1:17.380,1:17.162,NULL,historical
10464,1140,4,117,14,13,1:17.307,1:17.168,NULL,historical
10465,1140,840,117,18,14,1:17.407,1:17.294,NULL,historical
10466,1140,822,15,77,15,1:17.393,1:17.817,NULL,historical
10467,1140,861,3,43,16,1:17.558,NULL,NULL,historical
10468,1140,857,1,81,17,1:17.597,NULL,NULL,historical
10469,1140,815,9,11,18,1:17.611,NULL,NULL,historical
10470,1140,839,214,31,19,1:17.617,NULL,NULL,historical
10471,1140,855,15,24,20,1:18.072,NULL,NULL,historical
10472,1141,846,1,4,1,1:30.944,1:24.844,1:23.405,historical
10473,1141,847,131,63,2,1:29.121,1:26.307,1:23.578,historical
10474,1141,852,215,22,3,1:29.172,1:26.464,1:24.111,historical
10475,1141,839,214,31,4,1:29.171,1:26.206,1:24.475,historical
10476,1141,859,215,30,5,1:30.758,1:25.654,1:24.484,historical
10477,1141,844,6,16,6,1:29.839,1:26.097,1:24.525,historical
10478,1141,848,3,23,7,1:29.072,1:25.889,1:24.657,historical
10479,1141,857,1,81,8,1:30.114,1:25.179,1:24.686,historical
10480,1141,4,117,14,9,1:30.207,1:25.035,1:28.998,historical
10481,1141,840,117,18,10,1:30.580,1:26.334,NULL,historical
10482,1141,822,15,77,11,1:30.633,1:26.472,NULL,historical
10483,1141,830,9,1,12,1:28.522,1:27.771,NULL,historical
10484,1141,815,9,11,13,1:30.035,1:28.158,NULL,historical
10485,1141,832,6,55,14,1:30.303,1:29.406,NULL,historical
10486,1141,842,214,10,15,1:29.420,1:29.614,NULL,historical
10487,1141,1,131,44,16,1:31.150,NULL,NULL,historical
10488,1141,860,210,50,17,1:31.229,NULL,NULL,historical
10489,1141,861,3,43,18,1:31.270,NULL,NULL,historical
10490,1141,807,210,27,19,1:31.623,NULL,NULL,historical
10491,1141,855,15,24,20,1:32.263,NULL,NULL,historical
10492,1142,847,131,63,1,1:33.186,1:32.779,1:32.312,historical
10493,1142,832,6,55,2,1:33.484,1:32.711,1:32.410,historical
10494,1142,842,214,10,3,1:33.691,1:32.879,1:32.664,historical
10495,1142,844,6,16,4,1:33.446,1:33.016,1:32.783,historical
10496,1142,830,9,1,5,1:33.299,1:33.085,1:32.797,historical
10497,1142,846,1,4,6,1:33.592,1:33.099,1:33.008,historical
10498,1142,852,215,22,7,1:33.789,1:33.089,1:33.029,historical
10499,1142,857,1,81,8,1:33.450,1:33.024,1:33.033,historical
10500,1142,807,210,27,9,1:33.920,1:33.114,1:33.062,historical
10501,1142,1,131,44,10,1:33.225,1:32.567,1:48.106,historical
10502,1142,839,214,31,11,1:33.968,1:33.221,NULL,historical
10503,1142,825,210,20,12,1:33.991,1:33.297,NULL,historical
10504,1142,855,15,24,13,1:34.079,1:33.566,NULL,historical
10505,1142,861,3,43,14,1:33.746,1:33.749,NULL,historical
10506,1142,859,215,30,15,1:34.087,1:34.257,NULL,historical
10507,1142,815,9,11,16,1:34.155,NULL,NULL,historical
10508,1142,4,117,14,17,1:34.258,NULL,NULL,historical
10509,1142,848,3,23,18,1:34.425,NULL,NULL,historical
10510,1142,822,15,77,19,1:34.430,NULL,NULL,historical
10511,1142,840,117,18,20,1:34.484,NULL,NULL,historical
10512,1143,830,9,1,1,1:21.579,1:20.687,1:20.520,historical
10513,1143,847,131,63,2,1:21.241,1:21.069,1:20.575,historical
10514,1143,846,1,4,3,1:21.578,1:20.983,1:20.772,historical
10515,1143,857,1,81,4,1:21.821,1:21.121,1:20.829,historical
10516,1143,844,6,16,5,1:21.278,1:21.000,1:20.852,historical
10517,1143,1,131,44,6,1:21.637,1:21.095,1:21.011,historical
10518,1143,832,6,55,7,1:21.447,1:21.199,1:21.041,historical
10519,1143,4,117,14,8,1:21.608,1:21.208,1:21.251,historical
10520,1143,815,9,11,9,1:21.675,1:21.425,1:21.425,historical
10521,1143,825,210,20,10,1:21.891,1:21.387,1:21.500,historical
10522,1143,842,214,10,11,1:21.843,1:21.437,NULL,historical
10523,1143,855,15,24,12,1:22.103,1:21.501,NULL,historical
10524,1143,822,15,77,13,1:21.927,1:21.731,NULL,historical
10525,1143,852,215,22,14,1:22.364,1:21.771,NULL,historical
10526,1143,840,117,18,15,1:22.011,1:21.911,NULL,historical
10527,1143,848,3,23,16,1:22.390,NULL,NULL,historical
10528,1143,859,215,30,17,1:22.411,NULL,NULL,historical
10529,1143,807,210,27,18,1:22.442,NULL,NULL,historical
10530,1143,861,3,43,19,1:22.594,NULL,NULL,historical
10531,1143,839,214,31,20,1:22.714,NULL,NULL,historical
10532,1144,846,1,4,1,1:23.682,1:23.098,1:22.595,historical
10533,1144,857,1,81,2,1:23.640,1:23.199,1:22.804,historical
10534,1144,832,6,55,3,1:23.487,1:22.985,1:22.824,historical
10535,1144,807,210,27,4,1:23.722,1:23.040,1:22.886,historical
10536,1144,830,9,1,5,1:23.516,1:22.998,1:22.945,historical
10537,1144,842,214,10,6,1:23.548,1:23.086,1:22.984,historical
10538,1144,847,131,63,7,1:23.678,1:23.283,1:23.132,historical
10539,1144,4,117,14,8,1:23.794,1:23.268,1:23.196,historical
10540,1144,822,15,77,9,1:23.481,1:23.341,1:23.204,historical
10541,1144,815,9,11,10,1:23.559,1:23.379,1:23.264,historical
10542,1144,852,215,22,11,1:23.735,1:23.419,NULL,historical
10543,1144,859,215,30,12,1:23.733,1:23.472,NULL,historical
10544,1144,840,117,18,13,1:23.729,1:23.784,NULL,historical
10545,1144,844,6,16,14,1:23.302,1:23.833,NULL,historical
10546,1144,825,210,20,15,1:23.632,1:23.877,NULL,historical
10547,1144,848,3,23,16,1:23.821,NULL,NULL,historical
10548,1144,855,15,24,17,1:23.880,NULL,NULL,historical
10549,1144,1,131,44,18,1:23.887,NULL,NULL,historical
10550,1144,861,3,43,19,1:23.912,NULL,NULL,historical
10551,1144,862,214,61,20,1:24.105,NULL,NULL,historical
10552,1145,846,1,4,1,1:15.912,1:15.415,1:15.096,api
10553,1145,857,1,81,2,1:16.062,1:15.468,1:15.180,api
10554,1145,830,9,1,3,1:16.018,1:15.565,1:15.481,api
10555,1145,847,131,63,4,1:15.971,1:15.798,1:15.546,api
10556,1145,852,215,22,5,1:16.225,1:16.009,1:15.670,api
10557,1145,848,3,23,6,1:16.245,1:16.017,1:15.737,api
10558,1145,844,6,16,7,1:16.029,1:15.827,1:15.755,api
10559,1145,1,6,44,8,1:16.213,1:15.919,1:15.973,api
10560,1145,842,214,10,9,1:16.328,1:16.112,1:15.980,api
10561,1145,832,3,55,10,1:16.360,1:15.931,1:16.062,api
10562,1145,865,215,6,11,1:16.354,1:16.175,NULL,api
10563,1145,4,117,14,12,1:16.288,1:16.453,NULL,api
10564,1145,840,117,18,13,1:16.369,1:16.483,NULL,api
10565,1145,862,214,7,14,1:16.315,1:16.863,NULL,api
10566,1145,864,15,5,15,1:16.516,1:17.520,NULL,api
10567,1145,863,131,12,16,1:16.525,NULL,NULL,api
10568,1145,807,15,27,17,1:16.579,NULL,NULL,api
10569,1145,859,9,30,18,1:17.094,NULL,NULL,api
10570,1145,839,210,31,19,1:17.147,NULL,NULL,api
10571,1145,860,210,87,20,,NULL,NULL,api
10572,1146,857,1,81,1,1:31.591,1:31.200,1:30.641,api
10573,1146,847,131,63,2,1:31.295,1:31.307,1:30.723,api
10574,1146,846,1,4,3,1:30.983,1:30.787,1:30.793,api
10575,1146,830,9,1,4,1:31.424,1:31.142,1:30.817,api
10576,1146,1,6,44,5,1:31.690,1:31.501,1:30.927,api
10577,1146,844,6,16,6,1:31.579,1:31.450,1:31.021,api
10578,1146,865,215,6,7,1:31.162,1:31.253,1:31.079,api
10579,1146,863,131,12,8,1:31.676,1:31.590,1:31.103,api
10580,1146,852,215,22,9,1:31.238,1:31.260,1:31.638,api
10581,1146,848,3,23,10,1:31.503,1:31.595,1:31.706,api
10582,1146,839,210,31,11,1:31.876,1:31.625,NULL,api
10583,1146,807,15,27,12,1:31.921,1:31.632,NULL,api
10584,1146,4,117,14,13,1:31.719,1:31.688,NULL,api
10585,1146,840,117,18,14,1:31.923,1:31.773,NULL,api
10586,1146,832,3,55,15,1:31.628,1:31.840,NULL,api
10587,1146,842,214,10,16,1:31.992,NULL,NULL,api
10588,1146,860,210,87,17,1:32.018,NULL,NULL,api
10589,1146,862,214,7,18,1:32.092,NULL,NULL,api
10590,1146,864,15,5,19,1:32.141,NULL,NULL,api
10591,1146,859,9,30,20,1:32.174,NULL,NULL,api
10592,1147,830,9,1,1,1:27.943,1:27.502,1:26.983,api
10593,1147,846,1,4,2,1:27.845,1:27.146,1:26.995,api
10594,1147,857,1,81,3,1:27.687,1:27.507,1:27.027,api
10595,1147,844,6,16,4,1:27.920,1:27.555,1:27.299,api
10596,1147,847,131,63,5,1:27.843,1:27.400,1:27.318,api
10597,1147,863,131,12,6,1:27.968,1:27.639,1:27.555,api
10598,1147,865,215,6,7,1:28.278,1:27.775,1:27.569,api
10599,1147,1,6,44,8,1:27.942,1:27.610,1:27.610,api
10600,1147,848,3,23,9,1:28.218,1:27.783,1:27.615,api
10601,1147,860,210,87,10,1:28.228,1:27.711,1:27.867,api
10602,1147,842,214,10,11,1:28.186,1:27.822,NULL,api
10603,1147,832,3,55,12,1:28.209,1:27.836,NULL,api
10604,1147,4,117,14,13,1:28.337,1:27.897,NULL,api
10605,1147,859,215,30,14,1:28.554,1:27.906,NULL,api
10606,1147,852,9,22,15,1:27.967,1:28.000,NULL,api
10607,1147,807,15,27,16,1:28.570,NULL,NULL,api
10608,1147,864,15,5,17,1:28.622,NULL,NULL,api
10609,1147,839,210,31,18,1:28.696,NULL,NULL,api
10610,1147,862,214,7,19,1:28.877,NULL,NULL,api
10611,1147,840,117,18,20,1:29.271,NULL,NULL,api
10612,1148,857,1,81,1,1:31.392,1:30.454,1:29.841,api
10613,1148,847,131,63,2,1:31.494,1:30.664,1:30.009,api
10614,1148,844,6,16,3,1:31.454,1:30.724,1:30.175,api
10615,1148,863,131,12,4,1:31.415,1:30.716,1:30.213,api
10616,1148,842,214,10,5,1:31.462,1:30.643,1:30.216,api
10617,1148,846,1,4,6,1:31.107,1:30.560,1:30.267,api
10618,1148,830,9,1,7,1:31.303,1:31.019,1:30.423,api
10619,1148,832,3,55,8,1:31.591,1:30.844,1:30.680,api
10620,1148,1,6,44,9,1:31.219,1:31.009,1:30.772,api
10621,1148,852,9,22,10,1:31.751,1:31.228,1:31.303,api
10622,1148,862,214,7,11,1:31.414,1:31.245,NULL,api
10623,1148,865,215,6,12,1:31.591,1:31.271,NULL,api
10624,1148,4,117,14,13,1:31.634,1:31.886,NULL,api
10625,1148,839,210,31,14,1:31.594,,NULL,api
10626,1148,848,3,23,15,1:32.040,,NULL,api
10627,1148,807,15,27,16,1:32.067,,NULL,api
10628,1148,859,215,30,17,1:32.165,NULL,NULL,api
10629,1148,864,15,5,18,1:32.186,NULL,NULL,api
10630,1148,840,117,18,19,1:32.283,NULL,NULL,api
10631,1148,860,210,87,20,1:32.373,NULL,NULL,api
10632,1149,830,9,1,1,1:27.778,1:27.529,1:27.294,api
10633,1149,857,1,81,2,1:27.901,1:27.545,1:27.304,api
10634,1149,847,131,63,3,1:28.282,1:27.599,1:27.407,api
10635,1149,844,6,16,4,1:28.552,1:27.866,1:27.670,api
10636,1149,863,131,12,5,1:28.128,1:27.798,1:27.866,api
10637,1149,832,3,55,6,1:28.354,1:28.024,1:28.164,api
10638,1149,1,6,44,7,1:28.372,1:28.102,1:28.201,api
10639,1149,852,9,22,8,1:28.226,1:27.990,1:28.204,api
10640,1149,842,214,10,9,1:28.421,1:28.025,1:28.367,api
10641,1149,846,1,4,10,1:27.805,1:27.481,,api
10642,1149,848,3,23,11,1:28.279,1:28.109,NULL,api
10643,1149,859,215,30,12,1:28.561,1:28.191,NULL,api
10644,1149,4,117,14,13,1:28.548,1:28.303,NULL,api
10645,1149,865,215,6,14,1:28.571,1:28.418,NULL,api
10646,1149,860,210,87,15,1:28.536,1:28.648,NULL,api
10647,1149,840,117,18,16,1:28.645,NULL,NULL,api
10648,1149,862,214,7,17,1:28.739,NULL,NULL,api
10649,1149,807,15,27,18,1:28.782,NULL,NULL,api
10650,1149,839,210,31,19,1:29.092,NULL,NULL,api
10651,1149,864,15,5,20,1:29.462,NULL,NULL,api
10652,1150,830,9,1,1,1:26.870,1:26.643,1:26.204,api
10653,1150,846,1,4,2,1:26.955,1:26.499,1:26.269,api
10654,1150,863,131,12,3,1:27.077,1:26.606,1:26.271,api
10655,1150,857,1,81,4,1:27.006,1:26.269,1:26.375,api
10656,1150,847,131,63,5,1:27.014,1:26.575,1:26.385,api
10657,1150,832,3,55,6,1:27.098,1:26.847,1:26.569,api
10658,1150,848,3,23,7,1:27.042,1:26.855,1:26.682,api
10659,1150,844,6,16,8,1:27.417,1:26.948,1:26.754,api
10660,1150,839,210,31,9,1:27.450,1:26.967,1:26.824,api
10661,1150,852,9,22,10,1:27.298,1:26.959,1:26.943,api
10662,1150,865,215,6,11,1:27.301,1:26.987,NULL,api
10663,1150,1,6,44,12,1:27.279,1:27.006,NULL,api
10664,1150,864,15,5,13,1:27.343,1:27.151,NULL,api
10665,1150,862,214,7,14,1:27.422,1:27.186,NULL,api
10666,1150,859,215,30,15,1:27.444,1:27.363,NULL,api
10667,1150,807,15,27,16,1:27.473,NULL,NULL,api
10668,1150,4,117,14,17,1:27.604,NULL,NULL,api
10669,1150,842,214,10,18,1:27.710,NULL,NULL,api
10670,1150,840,117,18,19,1:27.830,NULL,NULL,api
10671,1150,860,210,87,20,1:27.999,NULL,NULL,api
10672,1151,857,1,81,1,1:15.500,1:15.214,1:14.670,api
10673,1151,830,9,1,2,1:15.175,1:15.394,1:14.704,api
10674,1151,847,131,63,3,1:15.852,1:15.334,1:14.807,api
10675,1151,846,1,4,4,1:15.894,1:15.261,1:14.962,api
10676,1151,4,117,14,5,1:15.695,1:15.442,1:15.431,api
10677,1151,832,3,55,6,1:15.987,1:15.198,1:15.432,api
10678,1151,848,3,23,7,1:16.123,1:15.521,1:15.473,api
10679,1151,840,117,18,8,1:15.817,1:15.497,1:15.581,api
10680,1151,865,215,6,9,1:16.253,1:15.510,1:15.746,api
10681,1151,842,214,10,10,1:15.937,1:15.505,1:15.787,api
10682,1151,844,6,16,11,1:16.108,1:15.604,NULL,api
10683,1151,1,6,44,12,1:16.163,1:15.765,NULL,api
10684,1151,863,131,12,13,1:15.943,1:15.772,NULL,api
10685,1151,864,15,5,14,1:16.340,1:16.260,NULL,api
10686,1151,861,214,43,15,1:16.256,,NULL,api
10687,1151,859,215,30,16,1:16.379,NULL,NULL,api
10688,1151,807,15,27,17,1:16.518,NULL,NULL,api
10689,1151,839,210,31,18,1:16.613,NULL,NULL,api
10690,1151,860,210,87,19,1:16.918,NULL,NULL,api
10691,1151,852,9,22,20,,NULL,NULL,api
10692,1152,846,1,4,1,1:11.285,1:10.570,1:09.954,api
10693,1152,844,6,16,2,1:11.229,1:10.581,1:10.063,api
10694,1152,857,1,81,3,1:11.308,1:10.858,1:10.129,api
10695,1152,1,6,44,4,1:11.575,1:10.883,1:10.382,api
10696,1152,830,9,1,5,1:11.431,1:10.875,1:10.669,api
10697,1152,865,215,6,6,1:11.811,1:11.040,1:10.923,api
10698,1152,4,117,14,7,1:11.674,1:11.182,1:10.924,api
10699,1152,839,210,31,8,1:11.839,1:11.262,1:10.942,api
10700,1152,859,215,30,9,1:11.818,1:11.250,1:11.129,api
10701,1152,848,3,23,10,1:11.629,1:10.732,1:11.213,api
10702,1152,832,3,55,11,1:11.707,1:11.362,NULL,api
10703,1152,852,9,22,12,1:11.800,1:11.415,NULL,api
10704,1152,807,15,27,13,1:11.871,1:11.596,NULL,api
10705,1152,847,131,63,14,1:11.507,,NULL,api
10706,1152,863,131,12,15,1:11.880,,NULL,api
10707,1152,864,15,5,16,1:11.902,NULL,NULL,api
10708,1152,860,210,87,17,1:11.979,NULL,NULL,api
10709,1152,842,214,10,18,1:11.994,NULL,NULL,api
10710,1152,840,117,18,19,1:12.563,NULL,NULL,api
10711,1152,861,214,43,20,1:12.597,NULL,NULL,api
10712,1153,857,1,81,1,1:12.551,1:11.998,1:11.546,api
10713,1153,846,1,4,2,1:12.799,1:12.056,1:11.755,api
10714,1153,830,9,1,3,1:12.798,1:12.358,1:11.848,api
10715,1153,847,131,63,4,1:12.806,1:12.407,1:11.848,api
10716,1153,1,6,44,5,1:13.058,1:12.447,1:12.045,api
10717,1153,863,131,12,6,1:12.815,1:12.585,1:12.111,api
10718,1153,844,6,16,7,1:13.014,1:12.495,1:12.131,api
10719,1153,842,214,10,8,1:13.081,1:12.611,1:12.199,api
10720,1153,865,215,6,9,1:13.139,1:12.461,1:12.252,api
10721,1153,4,117,14,10,1:13.102,1:12.523,1:12.284,api
10722,1153,848,3,23,11,1:13.044,1:12.641,NULL,api
10723,1153,864,15,5,12,1:13.045,1:12.756,NULL,api
10724,1153,859,215,30,13,1:13.039,1:12.763,NULL,api
10725,1153,840,117,18,14,1:13.038,1:13.058,NULL,api
10726,1153,860,210,87,15,1:13.074,1:13.315,NULL,api
10727,1153,807,15,27,16,1:13.190,NULL,NULL,api
10728,1153,839,210,31,17,1:13.201,NULL,NULL,api
10729,1153,832,3,55,18,1:13.203,NULL,NULL,api
10730,1153,861,214,43,19,1:13.334,NULL,NULL,api
10731,1153,852,9,22,20,1:13.385,NULL,NULL,api
10732,1154,847,131,63,1,1:12.075,1:11.570,1:10.899,api
10733,1154,830,9,1,2,1:12.054,1:11.638,1:11.059,api
10734,1154,857,1,81,3,1:11.939,1:11.715,1:11.120,api
10735,1154,863,131,12,4,1:12.279,1:11.974,1:11.391,api
10736,1154,1,6,44,5,1:11.952,1:11.885,1:11.526,api
10737,1154,4,117,14,6,1:12.073,1:11.805,1:11.586,api
10738,1154,846,1,4,7,1:11.826,1:11.599,1:11.625,api
10739,1154,844,6,16,8,1:12.038,1:11.626,1:11.682,api
10740,1154,865,215,6,9,1:12.211,1:12.003,1:11.867,api
10741,1154,848,3,23,10,1:12.090,1:11.892,1:11.907,api
10742,1154,852,9,22,11,1:12.334,1:12.102,NULL,api
10743,1154,861,214,43,12,1:12.234,1:12.142,NULL,api
10744,1154,807,15,27,13,1:12.323,1:12.183,NULL,api
10745,1154,860,210,87,14,1:12.306,1:12.340,NULL,api
10746,1154,839,210,31,15,1:12.378,1:12.634,NULL,api
10747,1154,864,15,5,16,1:12.385,NULL,NULL,api
10748,1154,832,3,55,17,1:12.398,NULL,NULL,api
10749,1154,840,117,18,18,1:12.517,NULL,NULL,api
10750,1154,859,215,30,19,1:12.525,NULL,NULL,api
10751,1154,842,214,10,20,1:12.667,NULL,NULL,api
10752,1155,846,1,4,1,1:04.672,1:04.410,1:03.971,api
10753,1155,844,6,16,2,1:05.197,1:04.734,1:04.492,api
10754,1155,857,1,81,3,1:04.966,1:04.556,1:04.554,api
10755,1155,1,6,44,4,1:05.115,1:04.896,1:04.582,api
10756,1155,847,131,63,5,1:05.189,1:04.860,1:04.763,api
10757,1155,859,215,30,6,1:05.017,1:05.041,1:04.926,api
10758,1155,830,9,1,7,1:05.106,1:04.836,1:04.929,api
10759,1155,864,15,5,8,1:05.123,1:04.846,1:05.132,api
10760,1155,863,131,12,9,1:05.178,1:05.052,1:05.276,api
10761,1155,842,214,10,10,1:05.054,1:04.846,1:05.649,api
10762,1155,4,117,14,11,1:05.197,1:05.128,NULL,api
10763,1155,848,3,23,12,1:05.143,1:05.205,NULL,api
10764,1155,865,215,6,13,1:05.063,1:05.226,NULL,api
10765,1155,861,214,43,14,1:05.278,1:05.288,NULL,api
10766,1155,860,210,87,15,1:05.218,1:05.312,NULL,api
10767,1155,840,117,18,16,1:05.329,NULL,NULL,api
10768,1155,839,210,31,17,1:05.364,NULL,NULL,api
10769,1155,852,9,22,18,1:05.369,NULL,NULL,api
10770,1155,832,3,55,19,1:05.582,NULL,NULL,api
10771,1155,807,15,27,20,1:05.606,NULL,NULL,api
10772,1156,830,9,1,1,1:25.886,1:25.316,1:24.892,api
10773,1156,857,1,81,2,1:25.963,1:25.316,1:24.995,api
10774,1156,846,1,4,3,1:26.123,1:25.231,1:25.010,api
10775,1156,847,131,63,4,1:26.236,1:25.637,1:25.029,api
10776,1156,1,6,44,5,1:26.296,1:25.084,1:25.095,api
10777,1156,844,6,16,6,1:26.186,1:25.133,1:25.121,api
10778,1156,863,131,12,7,1:26.265,1:25.620,1:25.374,api
10779,1156,860,210,87,8,1:26.005,1:25.534,1:25.471,api
10780,1156,4,117,14,9,1:26.108,1:25.593,1:25.621,api
10781,1156,842,214,10,10,1:26.328,1:25.711,1:25.785,api
10782,1156,832,3,55,11,1:26.175,1:25.746,NULL,api
10783,1156,852,9,22,12,1:26.275,1:25.826,NULL,api
10784,1156,865,215,6,13,1:26.177,1:25.864,NULL,api
10785,1156,848,3,23,14,1:26.093,1:25.889,NULL,api
10786,1156,839,210,31,15,1:26.136,1:25.950,NULL,api
10787,1156,859,215,30,16,1:26.440,NULL,NULL,api
10788,1156,864,15,5,17,1:26.446,NULL,NULL,api
10789,1156,840,117,18,18,1:26.504,NULL,NULL,api
10790,1156,807,15,27,19,1:26.574,NULL,NULL,api
10791,1156,861,214,43,20,1:27.060,NULL,NULL,api
10792,1157,846,1,4,1,1:41.010,1:40.715,1:40.562,api
10793,1157,857,1,81,2,1:41.201,1:40.626,1:40.647,api
10794,1157,844,6,16,3,1:41.635,1:41.084,1:40.900,api
10795,1157,830,9,1,4,1:41.334,1:40.951,1:40.903,api
10796,1157,848,3,23,5,1:41.772,1:41.505,1:41.201,api
10797,1157,847,131,63,6,1:41.784,1:41.254,1:41.260,api
10798,1157,852,9,22,7,1:41.840,1:41.245,1:41.284,api
10799,1157,865,215,6,8,1:41.572,1:41.281,1:41.310,api
10800,1157,859,215,30,9,1:41.748,1:41.297,1:41.328,api
10801,1157,864,15,5,10,1:41.908,1:41.336,1:42.387,api
10802,1157,839,210,31,11,1:41.884,1:41.525,NULL,api
10803,1157,860,210,87,12,1:41.617,1:41.617,NULL,api
10804,1157,842,214,10,13,1:41.800,1:41.633,NULL,api
10805,1157,807,15,27,14,1:41.844,1:41.707,NULL,api
10806,1157,832,3,55,15,1:41.691,1:41.758,NULL,api
10807,1157,1,6,44,16,1:41.939,NULL,NULL,api
10808,1157,861,214,43,17,1:42.022,NULL,NULL,api
10809,1157,863,131,12,18,1:42.139,NULL,NULL,api
10810,1157,4,117,14,19,1:42.385,NULL,NULL,api
10811,1157,840,117,18,20,1:42.502,NULL,NULL,api
10812,1158,844,6,16,1,1:15.582,1:15.455,1:15.372,api
10813,1158,857,1,81,2,1:15.211,1:14.941,1:15.398,api
10814,1158,846,1,4,3,1:15.523,1:14.890,1:15.413,api
10815,1158,847,131,63,4,1:15.627,1:15.201,1:15.425,api
10816,1158,4,117,14,5,1:15.281,1:15.395,1:15.481,api
10817,1158,840,117,18,6,1:15.673,1:15.129,1:15.498,api
10818,1158,864,15,5,7,1:15.586,1:15.687,1:15.725,api
10819,1158,830,9,1,8,1:15.736,1:15.547,1:15.728,api
10820,1158,859,215,30,9,1:15.849,1:15.630,1:15.821,api
10821,1158,865,215,6,10,1:15.516,1:15.469,1:15.915,api
10822,1158,860,210,87,11,1:15.750,1:15.694,NULL,api
10823,1158,1,6,44,12,1:15.733,1:15.702,NULL,api
10824,1158,832,3,55,13,1:15.652,1:15.781,NULL,api
10825,1158,861,214,43,14,1:15.875,1:16.159,NULL,api
10826,1158,863,131,12,15,1:15.782,1:16.386,NULL,api
10827,1158,852,9,22,16,1:15.899,NULL,NULL,api
10828,1158,842,214,10,17,1:15.966,NULL,NULL,api
10829,1158,839,210,31,18,1:16.023,NULL,NULL,api
10830,1158,807,15,27,19,1:16.081,NULL,NULL,api
10831,1158,848,3,23,20,1:16.223,NULL,NULL,api
10832,1159,857,1,81,1,1:09.338,1:08.964,1:08.662,api
10833,1159,846,1,4,2,1:09.469,1:08.874,1:08.674,api
10834,1159,830,9,1,3,1:09.696,1:09.122,1:08.925,api
10835,1159,865,215,6,4,1:09.966,1:09.439,1:09.208,api
10836,1159,847,131,63,5,1:09.676,1:09.313,1:09.255,api
10837,1159,844,6,16,6,1:09.906,1:09.304,1:09.340,api
10838,1159,1,6,44,7,1:09.900,1:09.261,1:09.390,api
10839,1159,859,215,30,8,1:09.779,1:09.383,1:09.500,api
10840,1159,832,3,55,9,1:09.980,1:09.472,1:09.505,api
10841,1159,4,117,14,10,1:09.950,1:09.366,1:09.630,api
10842,1159,863,131,12,11,1:09.845,1:09.493,NULL,api
10843,1159,852,9,22,12,1:09.954,1:09.622,NULL,api
10844,1159,864,15,5,13,1:10.037,1:09.622,NULL,api
10845,1159,842,214,10,14,1:09.894,1:09.637,NULL,api
10846,1159,848,3,23,15,1:09.792,1:09.652,NULL,api
10847,1159,861,214,43,16,1:10.104,NULL,NULL,api
10848,1159,807,15,27,17,1:10.195,NULL,NULL,api
10849,1159,839,210,31,18,1:10.197,NULL,NULL,api
10850,1159,860,210,87,19,1:10.262,NULL,NULL,api
10851,1159,840,117,18,20,,NULL,NULL,api
10852,1160,830,9,1,1,1:19.455,1:19.140,1:18.792,api
10853,1160,846,1,4,2,1:19.517,1:19.293,1:18.869,api
10854,1160,857,1,81,3,1:19.711,1:19.286,1:18.982,api
10855,1160,844,6,16,4,1:19.689,1:19.310,1:19.007,api
10856,1160,1,6,44,5,1:19.765,1:19.371,1:19.124,api
10857,1160,847,131,63,6,1:19.414,1:19.287,1:19.157,api
10858,1160,863,131,12,7,1:19.747,1:19.245,1:19.200,api
10859,1160,864,15,5,8,1:19.688,1:19.323,1:19.390,api
10860,1160,4,117,14,9,1:19.658,1:19.362,1:19.424,api
10861,1160,852,9,22,10,1:19.619,1:19.433,1:19.519,api
10862,1160,860,210,87,11,1:19.688,1:19.446,NULL,api
10863,1160,807,15,27,12,1:19.777,1:19.498,NULL,api
10864,1160,832,3,55,13,1:19.644,1:19.528,NULL,api
10865,1160,848,3,23,14,1:19.837,1:19.583,NULL,api
10866,1160,839,210,31,15,1:19.816,1:19.707,NULL,api
10867,1160,865,215,6,16,1:19.917,NULL,NULL,api
10868,1160,840,117,18,17,1:19.948,NULL,NULL,api
10869,1160,861,214,43,18,1:19.992,NULL,NULL,api
10870,1160,842,214,10,19,1:20.103,NULL,NULL,api
10871,1160,859,215,30,20,1:20.279,NULL,NULL,api
10872,1161,830,9,1,1,1:41.331,1:41.255,1:41.117,api
10873,1161,832,3,55,2,1:42.635,1:41.675,1:41.595,api
10874,1161,859,215,30,3,1:42.257,1:41.537,1:41.707,api
10875,1161,863,131,12,4,1:42.247,1:41.464,1:41.717,api
10876,1161,847,131,63,5,1:41.646,1:41.455,1:42.070,api
10877,1161,852,9,22,6,1:42.347,1:41.788,1:42.143,api
10878,1161,846,1,4,7,1:41.322,1:41.396,1:42.239,api
10879,1161,865,215,6,8,1:41.656,1:41.647,1:42.372,api
10880,1161,857,1,81,9,1:41.839,1:41.414,,api
10881,1161,844,6,16,10,1:41.458,1:41.519,,api
10882,1161,4,117,14,11,1:42.211,1:41.857,NULL,api
10883,1161,1,6,44,12,1:41.821,1:42.183,NULL,api
10884,1161,864,15,5,13,1:42.511,1:42.277,NULL,api
10885,1161,840,117,18,14,1:42.101,1:43.061,NULL,api
10886,1161,860,210,87,15,1:42.666,,NULL,api
10887,1161,861,214,43,16,1:42.779,NULL,NULL,api
10888,1161,807,15,27,17,1:42.916,NULL,NULL,api
10889,1161,842,214,10,18,1:43.139,NULL,NULL,api
10890,1161,848,3,23,19,1:43.778,NULL,NULL,api
10891,1161,839,210,31,20,,NULL,NULL,api
10892,1162,847,131,63,1,1:29.928,1:29.562,1:29.158,api
10893,1162,830,9,1,2,1:30.028,1:29.572,1:29.340,api
10894,1162,857,1,81,3,1:30.313,1:29.813,1:29.524,api
10895,1162,863,131,12,4,1:30.036,1:29.649,1:29.537,api
10896,1162,846,1,4,5,1:29.932,1:29.809,1:29.586,api
10897,1162,1,6,44,6,1:29.765,1:29.936,1:29.688,api
10898,1162,844,6,16,7,1:30.370,1:29.914,1:29.784,api
10899,1162,865,215,6,8,1:30.214,1:30.016,1:29.846,api
10900,1162,860,210,87,9,1:30.420,1:30.076,1:29.868,api
10901,1162,4,117,14,10,1:30.745,1:30.054,1:29.955,api
10902,1162,807,15,27,11,1:30.715,1:30.141,NULL,api
10903,1162,859,215,30,12,1:30.681,1:30.320,NULL,api
10904,1162,852,9,22,13,1:30.574,1:30.353,NULL,api
10905,1162,864,15,5,14,1:30.820,,NULL,api
10906,1162,840,117,18,15,1:30.949,,NULL,api
10907,1162,861,214,43,16,1:30.982,NULL,NULL,api
10908,1162,839,210,31,17,1:30.989,NULL,NULL,api
10909,1162,842,214,10,18,1:31.261,NULL,NULL,api
10910,1162,848,3,23,19,,NULL,NULL,api
10911,1162,832,3,55,20,,NULL,NULL,api
10912,1163,830,9,1,1,1:33.207,1:32.701,1:32.510,api
10913,1163,846,1,4,2,1:33.843,1:32.876,1:32.801,api
10914,1163,844,6,16,3,1:33.525,1:32.869,1:32.807,api
10915,1163,847,131,63,4,1:33.311,1:33.058,1:32.826,api
10916,1163,1,6,44,5,1:33.685,1:32.914,1:32.912,api
10917,1163,857,1,81,6,1:33.746,1:33.228,1:33.084,api
10918,1163,863,131,12,7,1:33.501,1:33.044,1:33.114,api
10919,1163,860,210,87,8,1:33.921,1:33.238,1:33.139,api
10920,1163,832,3,55,9,1:33.739,1:33.124,1:33.150,api
10921,1163,4,117,14,10,1:33.741,1:33.237,1:33.160,api
10922,1163,807,15,27,11,1:33.551,1:33.334,NULL,api
10923,1163,859,215,30,12,1:33.549,1:33.360,NULL,api
10924,1163,852,9,22,13,1:33.935,1:33.466,NULL,api
10925,1163,842,214,10,14,1:33.599,1:33.651,NULL,api
10926,1163,861,214,43,15,1:34.039,1:34.044,NULL,api
10927,1163,864,15,5,16,1:34.125,NULL,NULL,api
10928,1163,839,210,31,17,1:34.136,NULL,NULL,api
10929,1163,840,117,18,18,1:34.540,NULL,NULL,api
10930,1163,848,3,23,19,1:34.690,NULL,NULL,api
10931,1163,865,215,6,20,,NULL,NULL,api
10932,1164,846,1,4,1,1:16.899,1:16.252,1:15.586,api
10933,1164,844,6,16,2,1:17.024,1:16.658,1:15.848,api
10934,1164,1,6,44,3,1:16.736,1:16.458,1:15.938,api
10935,1164,847,131,63,4,1:16.895,1:16.537,1:16.034,api
10936,1164,830,9,1,5,1:17.076,1:16.605,1:16.070,api
10937,1164,863,131,12,6,1:17.291,1:16.773,1:16.118,api
10938,1164,832,3,55,7,1:17.171,1:16.607,1:16.172,api
10939,1164,857,1,81,8,1:17.158,1:16.737,1:16.174,api
10940,1164,865,215,6,9,1:16.733,1:16.804,1:16.252,api
10941,1164,860,210,87,10,1:17.040,1:16.787,1:16.460,api
10942,1164,852,9,22,11,1:17.234,1:16.816,NULL,api
10943,1164,839,210,31,12,1:16.948,1:16.837,NULL,api
10944,1164,807,15,27,13,1:17.251,1:17.016,NULL,api
10945,1164,4,117,14,14,1:17.232,1:17.103,NULL,api
10946,1164,859,215,30,15,1:16.961,1:18.072,NULL,api
10947,1164,864,15,5,16,1:17.412,NULL,NULL,api
10948,1164,848,3,23,17,1:17.490,NULL,NULL,api
10949,1164,842,214,10,18,1:17.546,NULL,NULL,api
10950,1164,840,117,18,19,1:17.606,NULL,NULL,api
10951,1164,861,214,43,20,1:17.670,NULL,NULL,api
10952,1165,846,1,4,1,1:09.656,1:09.616,1:09.511,api
10953,1165,863,131,12,2,1:10.192,1:09.774,1:09.685,api
10954,1165,844,6,16,3,1:09.934,1:09.801,1:09.805,api
10955,1165,857,1,81,4,1:09.928,1:09.835,1:09.886,api
10956,1165,865,215,6,5,1:10.083,1:09.970,1:09.931,api
10957,1165,847,131,63,6,1:09.935,1:09.880,1:09.942,api
10958,1165,859,215,30,7,1:10.108,1:09.950,1:09.962,api
10959,1165,860,210,87,8,1:09.891,1:09.755,1:09.977,api
10960,1165,842,214,10,9,1:09.885,1:09.857,1:10.002,api
10961,1165,807,15,27,10,1:10.337,1:09.985,1:10.039,api
10962,1165,4,117,14,11,1:10.181,1:10.001,NULL,api
10963,1165,848,3,23,12,1:10.115,1:10.053,NULL,api
10964,1165,1,6,44,13,1:10.016,1:10.100,NULL,api
10965,1165,840,117,18,14,1:10.041,1:10.161,NULL,api
10966,1165,832,3,55,15,1:10.184,1:10.472,NULL,api
10967,1165,830,9,1,16,1:10.403,NULL,NULL,api
10968,1165,839,210,31,17,1:10.438,NULL,NULL,api
10969,1165,861,214,43,18,1:10.632,NULL,NULL,api
10970,1165,852,9,22,19,1:10.711,NULL,NULL,api
10971,1166,846,1,4,1,1:55.473,1:51.379,1:47.934,api
10972,1166,830,9,1,2,1:53.458,1:51.593,1:48.257,api
10973,1166,832,3,55,3,1:54.873,1:51.144,1:48.296,api
10974,1166,847,131,63,4,1:53.144,1:50.935,1:48.803,api
10975,1166,857,1,81,5,1:54.544,1:52.126,1:48.961,api
10976,1166,859,215,30,6,1:54.828,1:51.621,1:49.062,api
10977,1166,4,117,14,7,1:53.739,1:51.865,1:49.466,api
10978,1166,865,215,6,8,1:55.613,1:51.120,1:49.554,api
10979,1166,844,6,16,9,1:54.814,1:51.952,1:49.872,api
10980,1166,842,214,10,10,1:54.432,1:51.760,1:51.540,api
10981,1166,807,15,27,11,1:54.555,1:52.781,NULL,api
10982,1166,840,117,18,12,1:54.416,1:52.850,NULL,api
10983,1166,839,210,31,13,1:54.635,1:52.987,NULL,api
10984,1166,860,210,87,14,1:56.016,1:53.094,NULL,api
10985,1166,861,214,43,15,1:54.847,1:53.683,NULL,api
10986,1166,848,3,23,16,1:56.220,NULL,NULL,api
10987,1166,863,131,12,17,1:56.314,NULL,NULL,api
10988,1166,864,15,5,18,1:56.674,NULL,NULL,api
10989,1166,852,9,22,19,1:56.798,NULL,NULL,api
10990,1166,1,6,44,20,1:57.115,NULL,NULL,api
10991,1167,857,1,81,1,1:20.234,1:19.650,1:19.387,api
10992,1167,846,1,4,2,1:20.157,1:19.861,1:19.495,api
10993,1167,830,9,1,3,1:20.472,1:19.985,1:19.651,api
10994,1167,847,131,63,4,1:20.074,1:20.186,1:19.662,api
10995,1167,863,131,12,5,1:20.576,1:20.084,1:19.846,api
10996,1167,865,215,6,6,1:20.603,1:20.350,1:20.114,api
10997,1167,832,3,55,7,1:20.520,1:20.251,1:20.287,api
10998,1167,4,117,14,8,1:20.598,1:20.219,1:20.418,api
10999,1167,842,214,10,9,1:20.681,1:20.324,1:20.477,api
11000,1167,844,6,16,10,1:20.564,1:20.343,1:20.561,api
11001,1167,807,15,27,11,1:20.630,1:20.353,NULL,api
11002,1167,859,215,30,12,1:20.539,1:20.433,NULL,api
11003,1167,860,210,87,13,1:20.548,1:20.438,NULL,api
11004,1167,864,15,5,14,1:20.653,1:20.534,NULL,api
11005,1167,848,3,23,15,1:20.629,1:20.629,NULL,api
11006,1167,852,9,22,16,1:20.761,NULL,NULL,api
11007,1167,839,210,31,17,1:20.864,NULL,NULL,api
11008,1167,1,6,44,18,1:20.907,NULL,NULL,api
11009,1167,840,117,18,19,1:21.058,NULL,NULL,api
11010,1167,861,214,43,20,1:21.137,NULL,NULL,api
11011,1168,830,9,1,1,1:22.877,1:22.752,1:22.207,api
11012,1168,846,1,4,2,1:23.178,1:22.804,1:22.408,api
11013,1168,857,1,81,3,1:22.605,1:23.021,1:22.437,api
11014,1168,847,131,63,4,1:23.247,1:22.730,1:22.645,api
11015,1168,844,6,16,5,1:23.163,1:22.948,1:22.730,api
11016,1168,4,117,14,6,1:23.071,1:22.861,1:22.902,api
11017,1168,864,15,5,7,1:23.374,1:22.874,1:22.904,api
11018,1168,839,210,31,8,1:23.334,1:23.023,1:22.913,api
11019,1168,865,215,6,9,1:23.373,1:22.997,1:23.072,api
11020,1168,852,9,22,10,1:23.386,1:23.034,,api
11021,1168,860,210,87,11,1:23.254,1:23.041,NULL,api
11022,1168,832,3,55,12,1:23.187,1:23.042,NULL,api
11023,1168,859,215,30,13,1:23.265,1:23.077,NULL,api
11024,1168,863,131,12,14,1:22.894,1:23.080,NULL,api
11025,1168,840,117,18,15,1:23.316,1:23.097,NULL,api
11026,1168,1,6,44,16,1:23.394,NULL,NULL,api
11027,1168,848,3,23,17,1:23.416,NULL,NULL,api
11028,1168,807,15,27,18,1:23.450,NULL,NULL,api
11029,1168,842,214,10,19,1:23.468,NULL,NULL,api
11030,1168,861,214,43,20,1:23.890,NULL,NULL,api
11031,1169,847,131,63,1,1:19.507,1:18.934,1:18.518,api
11032,1169,863,131,12,2,1:20.120,1:19.435,1:18.811,api
11033,1169,865,9,6,3,1:20.023,1:19.653,1:19.303,api
11034,1169,844,6,16,4,1:20.226,1:19.357,1:19.327,api
11035,1169,857,1,81,5,1:19.664,1:19.525,1:19.380,api
11036,1169,846,1,1,6,1:20.010,1:19.882,1:19.475,api
11037,1169,1,6,44,7,1:19.811,1:19.921,1:19.478,api
11038,1169,859,215,30,8,1:20.491,1:20.144,1:19.994,api
11039,1169,876,215,41,9,1:20.409,1:19.971,1:21.247,api
11040,1169,864,216,5,10,1:20.495,1:20.221,,api
11041,1169,807,216,27,11,1:21.024,1:20.303,NULL,api
11042,1169,860,210,87,12,1:21.247,1:20.311,NULL,api
11043,1169,839,210,31,13,1:20.759,1:20.491,NULL,api
11044,1169,842,214,10,14,1:21.138,1:20.501,NULL,api
11045,1169,848,3,23,15,1:21.051,1:20.941,NULL,api
11046,1169,861,214,43,16,1:21.200,1:21.270,NULL,api
11047,1169,4,117,14,17,1:21.969,NULL,NULL,api
11048,1169,815,217,11,18,1:22.605,NULL,NULL,api
11049,1169,822,217,77,19,1:23.244,NULL,NULL,api
11050,1170,863,131,12,1,1:33.305,1:32.443,1:32.064,api
11051,1170,847,131,63,2,1:33.262,1:32.523,1:32.286,api
11052,1170,1,6,44,3,1:33.522,1:32.567,1:32.415,api
11053,1170,844,6,16,4,1:33.175,1:32.486,1:32.428,api
11054,1170,857,1,81,5,1:33.590,1:33.130,1:32.550,api
11055,1170,846,1,1,6,1:33.535,1:32.910,1:32.608,api
11056,1170,842,214,10,7,1:33.788,1:33.003,1:32.873,api
11057,1170,830,9,3,8,1:33.417,1:33.098,1:33.002,api
11058,1170,865,9,6,9,1:33.632,1:33.352,1:33.121,api
11059,1170,860,210,87,10,1:33.687,1:33.197,1:33.292,api
11060,1170,807,216,27,11,1:34.116,1:33.354,NULL,api
11061,1170,861,214,43,12,1:33.634,1:33.357,NULL,api
11062,1170,839,210,31,13,1:33.974,1:33.538,NULL,api
11063,1170,859,215,30,14,1:34.139,1:33.765,NULL,api
11064,1170,876,215,41,15,1:33.906,1:33.784,NULL,api
11065,1170,864,216,5,16,1:33.549,1:33.965,NULL,api
11066,1170,832,3,55,17,1:34.317,NULL,NULL,api
11067,1170,848,3,23,18,1:34.772,NULL,NULL,api
11068,1170,4,117,14,19,1:35.203,NULL,NULL,api
11069,1170,822,217,77,20,1:35.436,NULL,NULL,api
11070,1170,840,117,18,21,1:35.995,NULL,NULL,api
11071,1170,815,217,11,22,1:36.906,NULL,NULL,api
11072,1171,863,131,12,1,1:30.035,1:29.048,1:28.778,api
11073,1171,847,131,63,2,1:29.967,1:29.686,1:29.076,api
11074,1171,857,1,81,3,1:30.200,1:29.451,1:29.132,api
11075,1171,844,6,16,4,1:29.915,1:29.303,1:29.405,api
11076,1171,846,1,1,5,1:30.401,1:29.795,1:29.409,api
11077,1171,1,6,44,6,1:30.309,1:29.589,1:29.567,api
11078,1171,842,214,10,7,1:30.584,1:29.874,1:29.691,api
11079,1171,865,9,6,8,1:30.662,1:30.104,1:29.978,api
11080,1171,864,216,5,9,1:30.359,1:29.990,1:30.274,api
11081,1171,876,215,41,10,1:30.781,1:30.109,1:30.319,api
11082,1171,830,9,3,11,1:30.519,1:30.262,NULL,api
11083,1171,839,210,31,12,1:30.915,1:30.309,NULL,api
11084,1171,807,216,27,13,1:30.358,1:30.387,NULL,api
11085,1171,859,215,30,14,1:30.657,1:30.495,NULL,api
11086,1171,861,214,43,15,1:30.931,1:30.627,NULL,api
11087,1171,832,3,55,16,1:30.927,1:31.033,NULL,api
11088,1171,848,3,23,17,1:31.088,NULL,NULL,api
11089,1171,860,210,87,18,1:31.090,NULL,NULL,api
11090,1171,815,217,11,19,1:32.206,NULL,NULL,api
11091,1171,822,217,77,20,1:32.330,NULL,NULL,api
11092,1171,4,117,14,21,1:32.646,NULL,NULL,api
11093,1171,840,117,18,22,1:32.920,NULL,NULL,api
11094,1172,863,131,12,1,1:28.653,1:28.289,1:27.798,api
11095,1172,830,9,3,2,1:29.099,1:28.116,1:27.964,api
11096,1172,844,6,16,3,1:28.938,1:28.315,1:28.143,api
11097,1172,846,1,1,4,1:29.183,1:28.920,1:28.183,api
11098,1172,847,131,63,5,1:29.492,1:28.477,1:28.197,api
11099,1172,1,6,44,6,1:29.483,1:28.477,1:28.319,api
11100,1172,857,1,81,7,1:29.920,1:28.332,1:28.500,api
11101,1172,861,214,43,8,1:29.584,1:28.975,1:28.762,api
11102,1172,842,214,10,9,1:29.914,1:29.070,1:28.810,api
11103,1172,807,216,27,10,1:29.645,1:29.439,,api
11104,1172,859,215,30,11,1:29.595,1:29.499,NULL,api
11105,1172,860,210,87,12,1:29.340,1:29.567,NULL,api
11106,1172,832,3,55,13,1:29.540,1:29.568,NULL,api
11107,1172,839,210,31,14,1:29.838,1:29.772,NULL,api
11108,1172,848,3,23,15,1:29.720,1:29.946,NULL,api
11109,1172,876,215,41,16,1:30.133,,NULL,api
11110,1172,4,117,14,17,1:31.098,NULL,NULL,api
11111,1172,840,117,18,18,1:31.164,NULL,NULL,api
11112,1172,822,217,77,19,1:31.629,NULL,NULL,api
11113,1172,815,217,11,20,1:31.967,NULL,NULL,api
11114,1172,864,216,5,21,1:33.737,NULL,NULL,api
11115,1172,865,9,6,22,,,,api
11116,1173,847,131,63,1,1:13.953,1:13.079,1:12.578,api
11117,1173,863,131,12,2,1:13.380,1:13.076,1:12.646,api
11118,1173,846,1,1,3,1:13.503,1:13.049,1:12.729,api
11119,1173,857,1,81,4,1:13.559,1:13.285,1:12.781,api
11120,1173,1,6,44,5,1:13.767,1:13.041,1:12.868,api
11121,1173,830,9,3,6,1:14.067,1:13.479,1:12.907,api
11122,1173,865,9,6,7,1:13.654,1:12.975,1:12.935,api
11123,1173,844,6,16,8,1:13.825,1:13.496,1:12.976,api
11124,1173,876,215,41,9,1:13.895,1:13.548,1:13.280,api
11125,1173,861,214,43,10,1:14.466,1:13.857,1:13.697,api
11126,1173,807,216,27,11,1:14.562,1:13.886,NULL,api
11127,1173,859,215,30,12,1:14.346,1:13.897,NULL,api
11128,1173,864,216,5,13,1:14.775,1:14.071,NULL,api
11129,1173,842,214,10,14,1:14.698,1:14.187,NULL,api
11130,1173,832,3,55,15,1:14.276,1:14.273,NULL,api
11131,1173,860,210,87,16,1:14.449,1:14.416,NULL,api
11132,1173,839,210,31,17,1:14.845,NULL,NULL,api
11133,1173,848,3,23,18,1:14.851,NULL,NULL,api
11134,1173,4,117,14,19,1:15.196,NULL,NULL,api
11135,1173,815,217,11,20,1:15.429,NULL,NULL,api
11136,1173,840,117,18,21,1:16.195,NULL,NULL,api
11137,1173,822,217,77,22,1:16.272,NULL,NULL,api
11138,1174,863,131,12,1,1:13.599,1:12.704,1:12.051,api
11139,1174,830,9,3,2,1:13.490,1:12.499,1:12.094,api
11140,1174,1,6,44,3,1:13.777,1:12.934,1:12.279,api
11141,1174,844,6,16,4,1:13.293,1:12.774,1:12.351,api
11142,1174,865,9,6,5,1:14.408,1:12.722,1:12.434,api
11143,1174,847,131,63,6,1:14.214,1:13.238,1:12.445,api
11144,1174,857,1,81,7,1:14.159,1:12.983,1:12.624,api
11145,1174,846,1,1,8,1:13.630,1:12.919,1:12.765,api
11146,1174,842,214,10,9,1:14.469,1:13.762,1:13.226,api
11147,1174,859,215,30,10,1:14.498,1:13.471,1:13.412,api
11148,1174,848,3,23,11,1:14.321,1:13.787,NULL,api
11149,1174,832,3,55,12,1:14.348,1:13.815,NULL,api
11150,1174,807,216,27,13,1:13.923,1:13.902,NULL,api
11151,1174,861,214,43,14,1:14.573,1:13.995,NULL,api
11152,1174,876,215,41,15,1:14.685,1:14.248,NULL,api
11153,1174,864,216,5,16,1:14.683,,NULL,api
11154,1174,839,210,31,17,1:14.722,NULL,NULL,api
11155,1174,815,217,11,18,1:14.747,NULL,NULL,api
11156,1174,860,210,87,19,1:14.814,NULL,NULL,api
11157,1174,822,217,77,20,1:15.283,NULL,NULL,api
11158,1174,4,117,14,21,1:15.349,NULL,NULL,api
11159,1174,840,117,18,22,1:16.061,NULL,NULL,api
11160,1175,847,131,63,1,1:15.717,1:15.228,1:14.679,api
11161,1175,1,6,44,2,1:15.625,1:15.418,1:14.743,api
11162,1175,863,131,12,3,1:15.977,1:15.295,1:14.998,api
11163,1175,846,1,1,4,1:16.287,1:15.361,1:15.001,api
11164,1175,830,9,3,5,1:16.352,1:15.484,1:15.021,api
11165,1175,865,9,6,6,1:16.427,1:15.754,1:15.077,api
11166,1175,857,1,81,7,1:16.138,1:15.518,1:15.090,api
11167,1175,859,215,30,8,1:16.673,1:15.585,1:16.542,api
11168,1175,807,216,27,9,1:16.066,1:15.768,1:16.657,api
11169,1175,844,6,16,10,1:15.964,1:15.281,,api
11170,1175,876,215,41,11,1:16.425,1:15.840,NULL,api
11171,1175,864,216,5,12,1:16.616,1:16.001,NULL,api
11172,1175,861,214,43,13,1:16.590,1:16.191,NULL,api
11173,1175,842,214,10,14,1:16.599,1:16.261,NULL,api
11174,1175,860,210,87,15,1:16.571,1:16.389,NULL,api
11175,1175,832,3,55,16,1:16.881,1:17.827,NULL,api
11176,1175,839,210,31,17,1:17.073,NULL,NULL,api
11177,1175,848,3,23,18,1:17.424,NULL,NULL,api
11178,1175,815,217,11,19,1:17.545,NULL,NULL,api
11179,1175,822,217,77,20,1:17.757,NULL,NULL,api
11180,1175,840,117,18,21,1:18.758,NULL,NULL,api
11181,1175,4,117,14,22,1:18.815,NULL,NULL,api
11182,1176,847,131,63,1,1:07.398,1:06.979,1:06.113,api
11183,1176,844,6,16,2,1:07.543,1:07.030,1:06.349,api
11184,1176,1,6,44,3,1:07.290,1:06.994,1:06.408,api
11185,1176,863,131,12,4,1:07.083,1:06.763,1:06.414,api
11186,1176,830,9,3,5,1:07.407,1:07.183,1:06.475,api
11187,1176,846,1,1,6,1:07.259,1:06.897,1:06.502,api
11188,1176,857,1,81,7,1:07.487,1:06.890,1:06.511,api
11189,1176,865,9,6,8,1:07.408,1:07.086,1:06.632,api
11190,1176,859,215,30,9,1:07.385,1:07.136,1:06.955,api
11191,1176,876,215,41,10,1:07.549,1:07.155,1:07.007,api
11192,1176,842,214,10,11,1:08.038,1:07.223,NULL,api
11193,1176,864,216,5,12,1:08.035,1:07.293,NULL,api
11194,1176,860,210,87,13,1:08.061,1:07.523,NULL,api
11195,1176,807,216,27,14,1:08.066,1:07.611,NULL,api
11196,1176,839,210,31,15,1:08.231,1:07.817,NULL,api
11197,1176,861,214,43,16,1:07.894,1:08.171,NULL,api
11198,1176,832,3,55,17,1:08.252,NULL,NULL,api
11199,1176,848,3,23,18,1:08.509,NULL,NULL,api
11200,1176,815,217,11,19,1:08.945,NULL,NULL,api
11201,1176,822,217,77,20,1:09.030,NULL,NULL,api
11202,1176,4,117,14,21,1:09.942,NULL,NULL,api
11203,1176,840,117,18,22,1:10.363,NULL,NULL,api
11204,1177,863,131,12,1,1:29.719,1:28.493,1:28.111,api
11205,1177,844,6,16,2,1:29.534,1:28.626,1:28.286,api
11206,1177,1,6,44,3,1:29.644,1:28.864,1:28.458,api
11207,1177,847,131,63,4,1:29.985,1:28.920,1:28.481,api
11208,1177,865,9,6,5,1:29.276,1:29.069,1:28.746,api
11209,1177,846,1,1,6,1:30.186,1:29.383,1:28.877,api
11210,1177,830,9,3,7,1:29.549,1:29.113,1:28.893,api
11211,1177,857,1,81,8,1:29.971,1:29.218,1:29.032,api
11212,1177,876,215,41,9,1:29.661,1:29.324,1:29.305,api
11213,1177,859,215,30,10,1:29.300,1:29.429,1:29.716,api
11214,1177,864,216,5,11,1:30.269,1:29.461,NULL,api
11215,1177,842,214,10,12,1:30.345,1:30.063,NULL,api
11216,1177,807,216,27,13,1:29.539,1:30.076,NULL,api
11217,1177,860,210,87,14,1:30.570,1:30.501,NULL,api
11218,1177,832,3,55,15,1:30.562,1:30.623,NULL,api
11219,1177,848,3,23,16,1:30.638,1:31.341,NULL,api
11220,1177,839,210,31,17,1:30.680,NULL,NULL,api
11221,1177,822,217,77,18,1:31.227,NULL,NULL,api
11222,1177,861,214,43,19,1:31.321,NULL,NULL,api
11223,1177,815,217,11,20,1:31.451,NULL,NULL,api
11224,1177,840,117,18,21,1:32.863,NULL,NULL,api
11225,1177,4,117,14,22,1:33.025,NULL,NULL,api
11226,1178,863,131,12,1,1:46.304,1:45.142,1:44.361,api
11227,1178,830,9,3,2,1:45.930,1:45.589,1:44.678,api
11228,1178,846,1,1,3,1:45.865,1:45.454,1:44.801,api
11229,1178,847,131,63,4,1:46.185,1:45.689,1:44.869,api
11230,1178,844,6,16,5,1:46.278,1:45.397,1:44.893,api
11231,1178,1,6,44,6,1:46.124,1:45.543,1:44.895,api
11232,1178,857,1,81,7,1:46.433,1:45.671,1:45.016,api
11233,1178,876,215,41,8,1:46.191,1:45.629,1:45.143,api
11234,1178,864,216,5,9,1:46.609,1:46.082,1:45.628,api
11235,1178,865,9,6,10,1:46.062,1:45.823,,api
11236,1178,859,215,30,11,1:46.501,1:46.120,NULL,api
11237,1178,842,214,10,12,1:46.679,1:46.331,NULL,api
11238,1178,861,214,43,13,1:46.795,1:46.392,NULL,api
11239,1178,807,216,27,14,1:46.893,1:46.671,NULL,api
11240,1178,832,3,55,15,1:47.080,1:46.777,NULL,api
11241,1178,860,210,87,16,1:47.113,1:46.779,NULL,api
11242,1178,848,3,23,17,1:47.120,NULL,NULL,api
11243,1178,839,210,31,18,1:47.801,NULL,NULL,api
11244,1178,822,217,77,19,1:47.823,NULL,NULL,api
11245,1178,815,217,11,20,1:47.971,NULL,NULL,api
11246,1178,4,117,14,21,1:50.002,NULL,NULL,api
11247,1178,840,117,18,22,1:50.177,NULL,NULL,api
11248,1179,846,1,1,1,1:18.277,1:17.456,1:17.207,api
11249,1179,1,6,44,2,1:18.730,1:17.803,1:17.219,api
11250,1179,844,6,16,3,1:18.984,1:17.626,1:17.445,api
11251,1179,863,131,12,4,1:18.726,1:18.393,1:17.479,api
11252,1179,857,1,81,5,1:18.891,1:17.928,1:17.684,api
11253,1179,830,9,3,6,1:18.656,1:18.249,1:17.725,api
11254,1179,847,131,63,7,1:18.856,1:18.445,1:17.760,api
11255,1179,865,9,6,8,1:18.754,1:17.872,1:17.856,api
11256,1179,876,215,41,9,1:19.233,1:18.360,1:18.281,api
11257,1179,807,216,27,10,1:18.796,1:18.639,1:18.686,api
11258,1179,859,215,30,11,1:19.161,1:18.765,NULL,api
11259,1179,842,214,10,12,1:19.741,1:18.844,NULL,api
11260,1179,861,214,43,13,1:19.771,1:19.027,NULL,api
11261,1179,864,216,5,14,1:19.069,1:19.105,NULL,api
11262,1179,839,210,31,15,1:20.010,1:19.734,NULL,api
11263,1179,4,117,14,16,1:20.126,1:19.808,NULL,api
11264,1179,860,210,87,17,1:20.233,NULL,NULL,api
11265,1179,832,3,55,18,1:20.621,NULL,NULL,api
11266,1179,848,3,23,19,1:20.658,NULL,NULL,api
11267,1179,840,117,18,20,1:20.659,NULL,NULL,api
11268,1179,822,217,77,21,1:20.886,NULL,NULL,api
11269,1179,815,217,11,22,1:21.322,NULL,NULL,api
11270,1180,846,1,1,1,1:12.695,1:11.628,1:11.163,api
11271,1180,847,131,63,2,1:12.924,1:11.959,1:11.265,api
11272,1180,863,131,12,3,1:13.022,1:11.915,1:11.296,api
11273,1180,857,1,81,4,1:12.610,1:11.641,1:11.305,api
11274,1180,1,6,44,5,1:12.673,1:11.970,1:11.494,api
11275,1180,844,6,16,6,1:13.064,1:11.910,1:11.558,api
11276,1180,830,9,3,7,1:13.290,1:11.874,1:11.618,api
11277,1180,859,9,30,8,1:13.392,1:12.301,1:11.733,api
11278,1180,864,216,5,9,1:13.142,1:12.433,1:12.079,api
11279,1180,876,215,41,10,1:13.074,1:12.525,1:12.185,api
11280,1180,842,214,10,11,1:13.115,1:12.616,NULL,api
11281,1180,852,215,22,12,1:13.085,1:12.627,NULL,api
11282,1180,807,216,27,13,1:13.188,1:12.797,NULL,api
11283,1180,861,214,43,14,1:13.322,1:12.800,NULL,api
11284,1180,839,210,31,15,1:13.544,1:13.137,NULL,api
11285,1180,848,3,23,16,1:13.552,1:13.182,NULL,api
11286,1180,832,3,55,17,1:13.574,NULL,NULL,api
11287,1180,4,117,14,18,1:13.650,NULL,NULL,api
11288,1180,840,117,18,19,1:13.818,NULL,NULL,api
11289,1180,860,210,87,20,1:13.826,NULL,NULL,api
11290,1180,822,217,77,21,1:14.371,NULL,NULL,api
11291,1180,815,217,11,22,1:14.600,NULL,NULL,api
11292,1181,842,214,10,1,1:22.612,1:22.077,1:21.786,api
11293,1181,847,131,63,2,1:22.779,1:22.161,1:21.846,api
11294,1181,857,1,81,3,1:22.924,1:22.017,1:21.966,api
11295,1181,844,6,16,4,1:22.902,1:22.509,1:22.004,api
11296,1181,1,6,44,5,1:22.847,1:22.516,1:22.011,api
11297,1181,830,9,3,6,1:22.631,1:22.188,1:22.070,api
11298,1181,863,131,12,7,1:22.758,1:21.882,1:22.093,api
11299,1181,861,214,43,8,1:22.662,1:22.400,1:22.220,api
11300,1181,846,1,1,9,1:22.659,1:22.067,1:22.256,api
11301,1181,876,215,41,10,1:22.727,1:22.345,1:22.286,api
11302,1181,864,216,5,11,1:22.946,1:22.517,NULL,api
11303,1181,860,210,87,12,1:22.906,1:22.756,NULL,api
11304,1181,807,216,27,13,1:23.440,1:22.779,NULL,api
11305,1181,859,9,30,14,1:22.989,1:22.821,NULL,api
11306,1181,832,3,55,15,1:23.616,1:23.453,NULL,api
11307,1181,839,210,31,16,1:23.466,1:23.454,NULL,api
11308,1181,852,215,22,17,1:23.755,NULL,NULL,api
11309,1181,848,3,23,18,1:24.356,NULL,NULL,api
11310,1181,822,217,77,19,1:24.364,NULL,NULL,api
11311,1181,815,217,11,20,1:24.595,NULL,NULL,api
11312,1181,4,117,14,21,1:25.150,NULL,NULL,api
11313,1181,840,117,18,22,1:25.222,NULL,NULL,api
11314,1182,846,1,1,1,1:33.469,1:32.873,1:31.824,api
11315,1182,863,131,12,2,1:33.267,1:32.591,1:31.835,api
11316,1182,830,9,3,3,1:33.381,1:32.431,1:31.964,api
11317,1182,1,6,44,4,1:33.531,1:32.710,1:32.013,api
11318,1182,844,6,16,5,1:33.532,1:32.755,1:32.019,api
11319,1182,847,131,63,6,1:33.211,1:32.850,1:32.149,api
11320,1182,857,1,81,7,1:33.829,1:33.204,1:32.294,api
11321,1182,859,9,30,8,1:33.310,1:32.780,1:32.316,api
11322,1182,861,214,43,9,1:33.963,1:33.038,1:32.903,api
11323,1182,876,215,41,10,1:34.340,1:33.204,1:33.041,api
11324,1182,807,216,27,11,1:34.417,1:33.223,NULL,api
11325,1182,864,216,5,12,1:33.986,1:33.388,NULL,api
11326,1182,839,210,31,13,1:34.667,1:33.667,NULL,api
11327,1182,842,214,10,14,1:34.246,1:33.753,NULL,api
11328,1182,852,215,22,15,1:34.311,1:34.084,NULL,api
11329,1182,848,3,23,16,1:35.307,1:35.532,NULL,api
11330,1182,832,3,55,17,1:35.312,NULL,NULL,api
11331,1182,4,117,14,18,1:35.388,NULL,NULL,api
11332,1182,815,217,11,19,1:35.913,NULL,NULL,api
11333,1182,822,217,77,20,1:38.011,NULL,NULL,api
11334,1183,847,131,63,1,1:43.615,1:43.462,1:42.526,api
11335,1183,844,6,16,2,1:44.360,1:43.780,1:43.363,api
11336,1183,857,1,81,3,1:45.014,1:43.814,1:43.364,api
11337,1183,865,9,6,4,1:44.161,1:43.880,1:43.500,api
11338,1183,846,1,1,5,1:44.571,1:44.020,1:43.672,api
11339,1183,1,6,44,6,1:44.260,1:44.037,1:43.858,api
11340,1183,842,214,10,7,1:44.489,1:44.106,1:44.047,api
11341,1183,830,9,3,8,1:44.041,1:43.706,1:44.081,api
11342,1183,832,3,55,9,1:45.104,1:44.629,1:44.566,api
11343,1183,861,214,43,10,1:45.106,1:44.683,1:44.963,api
11344,1183,860,210,87,11,1:45.228,1:44.775,NULL,api
11345,1183,859,215,30,12,1:45.535,1:44.860,NULL,api
11346,1183,848,3,23,13,1:45.031,1:45.001,NULL,api
11347,1183,839,210,31,14,1:45.039,1:45.016,NULL,api
11348,1183,876,215,41,15,1:45.381,1:45.106,NULL,api
11349,1183,863,131,12,16,1:45.504,,NULL,api
11350,1183,864,216,5,17,1:45.799,NULL,NULL,api
11351,1183,807,216,27,18,1:45.920,NULL,NULL,api
11352,1183,4,117,14,19,1:46.593,NULL,NULL,api
11353,1183,815,217,11,20,1:46.658,NULL,NULL,api
11354,1183,840,117,18,21,1:47.337,NULL,NULL,api
11355,1183,822,217,77,22,1:48.290,NULL,NULL,api
