Date,Close/Last,Volume,Open,High,Low
10/02/2026,$388.33,519608,$390.39,$390.47,$384.70
10/01/2026,$387.30,624798,$393.77,$394.12,$383.62
09/30/2026,$392.85,844024,$398.53,$398.64,$392.07
09/29/2026,$402.05,298217,$400.28,$402.05,$397.22
09/28/2026,$398.00,700124,$404.34,$407.515,$394.61
09/25/2026,$411.33,478970,$404.53,$411.87,$402.79
09/24/2026,$411.82,372137,$414.51,$418.71,$409.36
09/23/2026,$413.05,505063,$416.80,$417.03,$410.905
09/22/2026,$413.32,248894,$416.65,$419.80,$412.23
09/21/2026,$416.13,319083,$417.36,$418.80,$414.4313
09/18/2026,$406.69,576847,$410.00,$410.94,$405.08
09/17/2026,$414.00,343429,$414.47,$416.58,$410.97
09/16/2026,$412.34,467671,$408.87,$415.42,$408.375
09/15/2026,$406.92,208905,$405.80,$408.13,$404.66
09/14/2026,$409.08,320604,$401.96,$410.51,$401.86
09/11/2026,$413.78,257310,$411.68,$414.71,$411.12
09/10/2026,$408.64,361877,$408.42,$411.34,$406.17
09/09/2026,$402.33,302916,$404.12,$405.05,$400.82
09/08/2026,$405.94,321732,$411.58,$412.29,$403.82
09/04/2026,$409.95,320727,$409.28,$411.775,$407.93
09/03/2026,$417.93,305850,$417.55,$419.35,$412.82
09/02/2026,$413.23,280515,$413.11,$416.80,$412.02
09/01/2026,$410.21,438044,$412.75,$414.92,$409.73
08/31/2026,$422.60,319233,$422.02,$424.77,$421.075
08/28/2026,$420.54,319117,$422.76,$425.73,$418.65
08/27/2026,$414.04,301753,$411.31,$416.39,$411.31
08/26/2026,$412.83,490172,$419.27,$419.27,$412.48
08/25/2026,$421.85,269222,$419.70,$424.22,$419.51
08/24/2026,$424.44,502766,$429.76,$430.09,$422.05
08/21/2026,$436.54,444165,$433.50,$437.15,$432.125
08/20/2026,$428.37,587531,$423.00,$428.47,$422.55
08/19/2026,$425.18,355008,$413.43,$425.25,$413.43
08/18/2026,$412.44,220547,$414.39,$415.94,$412.43
08/17/2026,$417.10,475432,$416.55,$420.36,$416.21
08/14/2026,$414.85,291188,$416.31,$417.78,$412.43
08/13/2026,$412.29,340948,$410.005,$413.40,$408.92
08/12/2026,$407.21,377378,$408.93,$410.26,$404.62
08/11/2026,$410.26,257690,$410.13,$412.7198,$407.80
08/10/2026,$406.77,410451,$408.17,$408.30,$404.51
08/07/2026,$412.26,621909,$410.75,$413.29,$409.64
08/06/2026,$407.28,723782,$411.79,$414.52,$405.30
08/05/2026,$406.80,474759,$406.70,$408.17,$405.36
08/04/2026,$402.79,466349,$400.00,$405.93,$399.20
08/03/2026,$401.28,693031,$404.72,$408.91,$396.41
07/31/2026,$393.87,819288,$397.30,$398.21,$388.40
07/30/2026,$397.73,1165549,$390.00,$403.00,$381.435
07/29/2026,$385.69,840019,$387.29,$391.00,$382.00
07/28/2026,$390.14,642537,$384.65,$391.195,$382.45
07/27/2026,$380.01,707262,$372.01,$380.71,$372.01
07/24/2026,$360.14,277514,$357.56,$363.01,$356.32
07/23/2026,$359.44,367321,$364.28,$364.66,$357.67
07/22/2026,$371.61,219713,$374.06,$374.96,$371.61
07/21/2026,$369.97,211663,$370.67,$371.59,$367.21
07/20/2026,$371.52,322938,$375.65,$375.75,$370.965
07/17/2026,$376.83,343122,$379.06,$379.58,$375.625
07/16/2026,$382.58,364258,$377.92,$382.96,$376.88
07/15/2026,$375.74,313289,$372.50,$377.93,$371.96
07/14/2026,$369.16,281153,$370.76,$373.63,$369.09
07/13/2026,$372.98,304674,$376.03,$380.0499,$372.28
07/10/2026,$376.64,250141,$379.30,$380.34,$376.02
07/09/2026,$374.67,287855,$372.02,$376.74,$371.50
07/08/2026,$375.03,403139,$378.66,$379.54,$372.78
07/07/2026,$386.99,366056,$398.17,$398.41,$386.915
07/06/2026,$391.86,662323,$386.73,$392.25,$382.88
07/02/2026,$384.97,624025,$380.00,$385.49,$376.97
07/01/2026,$374.66,692905,$374.43,$378.80,$370.01
06/30/2026,$372.29,594731,$366.55,$373.48,$364.09
06/29/2026,$368.34,1049320,$370.135,$373.26,$367.58
06/26/2026,$368.34,519487,$353.45,$368.99,$352.85
06/25/2026,$352.20,859045,$348.92,$357.02,$348.68
06/24/2026,$348.75,395539,$349.62,$351.8099,$345.84
06/23/2026,$344.87,472514,$347.11,$347.41,$343.38
06/22/2026,$348.42,533561,$348.40,$352.715,$346.87
06/18/2026,$362.13,476420,$357.08,$363.09,$356.84
06/17/2026,$354.28,547798,$358.42,$361.6925,$353.08
06/16/2026,$366.13,423149,$369.00,$372.42,$365.42
06/15/2026,$369.06,700157,$372.00,$375.625,$368.89
06/12/2026,$354.91,362665,$360.45,$360.88,$352.99
06/11/2026,$365.62,690202,$354.80,$367.12,$354.57
06/10/2026,$346.56,439483,$353.59,$355.49,$346.56
06/09/2026,$357.52,617818,$355.49,$363.095,$352.77
06/08/2026,$351.57,689298,$350.095,$355.27,$347.58
06/05/2026,$346.99,458865,$348.58,$350.73,$345.27
06/04/2026,$349.92,406750,$352.27,$354.71,$347.2331
06/03/2026,$344.40,463980,$348.30,$350.33,$344.34
06/02/2026,$353.81,573361,$355.98,$358.39,$350.84
06/01/2026,$349.24,677582,$345.68,$350.96,$343.93
05/29/2026,$340.23,741202,$348.27,$350.77,$340.23
05/28/2026,$346.35,1416477,$335.00,$349.79,$335.00
05/27/2026,$333.22,1363698,$328.55,$333.31,$327.20
05/26/2026,$329.91,2138286,$333.29,$334.13,$327.38
05/22/2026,$348.24,688387,$351.07,$353.28,$346.73
05/21/2026,$349.39,556300,$344.54,$352.13,$341.97
05/20/2026,$341.81,719431,$329.13,$342.16,$328.63
05/19/2026,$329.66,478439,$330.30,$336.12,$329.00
05/18/2026,$324.77,498639,$321.37,$325.27,$319.72
05/15/2026,$321.20,665925,$325.42,$328.63,$321.08
05/14/2026,$332.21,332173,$334.415,$336.54,$331.46
05/13/2026,$333.09,644840,$324.77,$334.12,$324.09
05/12/2026,$329.26,424044,$328.03,$330.2797,$326.52
05/11/2026,$329.26,556867,$333.61,$333.66,$327.86
05/08/2026,$339.69,699219,$342.97,$343.77,$338.15
05/07/2026,$337.46,696691,$339.01,$342.87,$335.80
05/06/2026,$336.25,673421,$337.00,$338.60,$332.66
05/05/2026,$325.44,1159419,$333.50,$333.79,$322.605
05/04/2026,$338.91,840668,$338.45,$343.41,$337.31
05/01/2026,$341.26,601604,$346.90,$349.68,$339.45
04/30/2026,$347.30,556861,$340.84,$347.41,$339.26
04/29/2026,$337.54,304534,$339.22,$339.63,$337.02
04/28/2026,$342.71,451940,$343.87,$345.03,$339.929
04/27/2026,$347.81,432010,$350.00,$351.95,$346.34
04/24/2026,$351.95,333403,$352.15,$353.22,$350.00
04/23/2026,$354.19,438813,$357.00,$359.72,$351.59
04/22/2026,$358.58,499893,$360.71,$364.00,$358.44
04/21/2026,$358.50,495914,$367.48,$368.90,$358.15
04/20/2026,$372.84,564876,$369.40,$372.85,$368.15
04/17/2026,$372.85,866685,$376.10,$379.65,$372.40
04/16/2026,$356.52,501946,$362.42,$363.09,$355.74
04/15/2026,$357.06,405329,$357.00,$358.19,$354.46
04/14/2026,$358.13,459781,$357.74,$360.38,$357.29
04/13/2026,$355.14,445505,$346.60,$355.66,$345.8262
04/10/2026,$351.89,574797,$356.17,$357.40,$350.86
04/09/2026,$352.22,565104,$347.48,$354.74,$346.15
04/08/2026,$351.30,862502,$361.96,$362.25,$351.165
04/07/2026,$334.57,627216,$336.84,$337.36,$330.42
04/06/2026,$338.28,322289,$338.69,$341.9875,$337.82
04/02/2026,$340.00,586292,$337.78,$342.596,$335.65
04/01/2026,$342.43,1023971,$345.90,$346.08,$340.61
03/31/2026,$338.45,1429986,$328.07,$342.55,$327.52
03/30/2026,$327.20,763910,$330.22,$333.4299,$326.75
03/27/2026,$317.40,511130,$324.37,$325.13,$316.47
03/26/2026,$323.58,630193,$321.00,$327.78,$320.56
03/25/2026,$322.17,529994,$323.95,$325.42,$317.50
03/24/2026,$322.02,515230,$323.01,$327.90,$320.92
03/23/2026,$329.16,852852,$328.61,$334.38,$326.495
03/20/2026,$314.63,941449,$317.56,$318.5799,$312.51
03/19/2026,$321.01,1140142,$323.16,$323.74,$314.16
03/18/2026,$330.47,567339,$332.43,$336.20,$330.47
03/17/2026,$336.48,554689,$337.98,$340.91,$336.15
03/16/2026,$334.36,662273,$330.51,$334.47,$329.335
03/13/2026,$331.86,879582,$333.16,$336.015,$330.79
03/12/2026,$334.55,546965,$337.04,$340.12,$334.22
03/11/2026,$340.61,386418,$348.29,$351.46,$340.00
03/10/2026,$346.56,519433,$348.46,$353.59,$345.3401
03/09/2026,$346.58,763530,$340.26,$347.80,$336.90
03/06/2026,$350.08,478315,$347.10,$351.845,$347.07
03/05/2026,$358.03,576752,$361.33,$363.9899,$353.20
03/04/2026,$365.09,374556,$362.67,$366.26,$362.18
03/03/2026,$361.13,742029,$349.795,$361.23,$347.77
03/02/2026,$362.75,873330,$362.91,$368.235,$360.09
02/27/2026,$379.92,574458,$374.81,$380.55,$374.42
02/26/2026,$376.19,532738,$378.12,$380.155,$374.52
02/25/2026,$373.34,632032,$381.17,$381.755,$372.60
02/24/2026,$373.92,759364,$370.00,$378.23,$369.91
02/23/2026,$358.42,498645,$361.46,$362.85,$356.80
02/20/2026,$366.95,607347,$360.50,$368.26,$360.50
02/19/2026,$366.50,804826,$359.75,$368.80,$359.75
02/18/2026,$366.43,553570,$365.45,$370.29,$364.47
02/17/2026,$374.99,576152,$377.14,$378.00,$372.59
02/13/2026,$379.08,1046947,$385.36,$385.74,$377.66
02/12/2026,$391.21,1332870,$390.00,$393.50,$385.571
02/11/2026,$382.96,3086328,$381.12,$385.44,$377.205
02/10/2026,$363.22,2403352,$362.26,$371.67,$357.68
02/09/2026,$336.13,647342,$333.95,$338.225,$333.46
02/06/2026,$333.79,732286,$332.07,$334.66,$331.05
02/05/2026,$334.76,452220,$335.85,$337.87,$331.95
02/04/2026,$339.33,689754,$342.62,$345.6766,$337.7901
02/03/2026,$330.32,587235,$333.95,$335.85,$328.00
02/02/2026,$336.33,470253,$335.75,$338.40,$334.46
01/30/2026,$333.17,531450,$333.91,$335.31,$331.01
01/29/2026,$338.45,488075,$335.04,$339.86,$335.00
01/28/2026,$333.46,497591,$334.70,$338.4399,$332.64
01/27/2026,$337.40,451035,$338.055,$338.77,$334.865
01/26/2026,$340.45,642422,$340.87,$342.00,$337.29
01/23/2026,$338.53,870669,$335.35,$338.58,$333.66
01/22/2026,$337.55,729834,$340.01,$341.45,$336.91
01/21/2026,$341.68,1485301,$338.01,$342.38,$333.34
01/20/2026,$336.78,1434406,$340.00,$342.385,$335.65
01/16/2026,$345.23,1060280,$350.40,$351.90,$344.895
01/15/2026,$354.57,506392,$356.04,$356.52,$353.37
01/14/2026,$353.39,1334555,$360.92,$363.725,$350.66
01/13/2026,$360.09,1070074,$372.72,$373.36,$358.17
01/12/2026,$377.20,448980,$375.24,$378.81,$373.85
01/09/2026,$376.19,670099,$379.88,$380.42,$374.74
01/08/2026,$370.85,873295,$363.96,$376.60,$363.96
01/07/2026,$366.81,671982,$371.05,$372.30,$366.62
01/06/2026,$371.96,485060,$377.77,$377.80,$371.362
01/05/2026,$379.27,646043,$369.71,$380.055,$368.54
01/02/2026,$371.89,477208,$371.06,$372.80,$369.245
12/31/2025,$369.56,237836,$371.60,$372.035,$369.29
12/30/2025,$372.48,348371,$375.68,$376.4999,$371.6794
12/29/2025,$375.75,418618,$377.12,$377.59,$373.80
12/26/2025,$378.13,173300,$376.64,$378.6179,$376.00
12/24/2025,$376.34,122987,$375.06,$377.9499,$375.05
12/23/2025,$375.91,441721,$376.96,$379.71,$375.30
12/22/2025,$375.25,529102,$377.70,$379.64,$375.125
12/19/2025,$378.29,561394,$379.43,$380.91,$377.00
12/18/2025,$372.65,812983,$368.39,$373.17,$367.27
12/17/2025,$365.51,648656,$365.87,$368.5375,$363.91
12/16/2025,$370.42,655946,$366.59,$371.713,$365.94
12/15/2025,$368.60,684885,$369.74,$371.09,$366.68
12/12/2025,$367.13,908167,$366.58,$369.17,$365.85
12/11/2025,$367.96,785568,$370.36,$371.99,$366.00
12/10/2025,$364.04,1514190,$363.50,$365.34,$356.93
12/09/2025,$375.35,738185,$381.39,$383.22,$375.00
12/08/2025,$382.98,776827,$385.83,$386.49,$380.44
12/05/2025,$393.21,469201,$394.52,$399.05,$392.165
12/04/2025,$393.23,355274,$399.96,$399.96,$392.68
12/03/2025,$393.84,564009,$388.02,$396.81,$387.91
12/02/2025,$386.56,454231,$385.61,$387.8914,$384.3401
12/01/2025,$386.93,405564,$387.95,$390.615,$386.67
11/28/2025,$391.90,349570,$388.58,$392.81,$388.09
11/26/2025,$382.80,538985,$384.18,$387.00,$381.89
11/25/2025,$385.14,653784,$381.83,$388.90,$381.245
11/24/2025,$381.58,1090833,$390.45,$391.06,$381.07
11/21/2025,$389.19,786555,$390.53,$390.75,$387.27
11/20/2025,$383.15,575042,$393.98,$393.98,$383.02
11/19/2025,$389.83,504222,$394.75,$394.75,$389.36
11/18/2025,$397.83,585751,$399.12,$399.73,$394.40
11/17/2025,$405.38,751267,$408.57,$412.23,$404.34
11/14/2025,$417.16,571725,$414.92,$419.53,$413.84
11/13/2025,$417.81,636714,$420.00,$425.19,$417.37
11/12/2025,$419.52,977767,$430.00,$432.36,$418.43
11/11/2025,$422.46,868861,$417.81,$423.44,$417.78
11/10/2025,$411.40,541977,$411.42,$414.75,$411.085
11/07/2025,$413.26,627142,$407.00,$413.395,$406.30
11/06/2025,$405.62,828242,$407.67,$409.30,$402.51
11/05/2025,$406.67,741848,$403.96,$409.05,$403.96
11/04/2025,$399.39,1571837,$395.68,$406.952,$395.19
11/03/2025,$392.03,943475,$396.14,$397.14,$390.33
10/31/2025,$403.95,1015797,$400.00,$404.95,$397.45
10/30/2025,$396.00,605851,$388.00,$396.74,$387.33
10/29/2025,$391.44,1046908,$398.07,$398.68,$389.1534
10/28/2025,$402.27,686261,$405.69,$405.69,$399.555
10/27/2025,$407.46,445823,$408.16,$409.94,$407.09
10/24/2025,$408.31,710314,$408.97,$411.3911,$407.55
10/23/2025,$402.85,649375,$398.89,$404.87,$397.33
10/22/2025,$394.06,949040,$399.12,$399.49,$392.17
10/21/2025,$400.46,739731,$398.45,$401.22,$395.6725
10/20/2025,$398.31,642369,$395.695,$399.05,$393.84
10/17/2025,$399.08,1154826,$393.00,$400.85,$391.55
10/16/2025,$392.46,1365118,$393.27,$400.28,$390.78
10/15/2025,$389.56,1534690,$381.125,$391.76,$379.69
10/14/2025,$382.19,1839359,$375.81,$386.61,$372.31
10/13/2025,$378.72,2624334,$386.71,$387.14,$377.64
10/10/2025,$395.72,2619622,$412.24,$412.98,$393.3801
10/09/2025,$407.38,4872852,$419.18,$422.90,$402.86
10/08/2025,$479.21,488344,$488.17,$490.54,$477.01
10/07/2025,$490.86,407814,$493.42,$495.00,$488.985
10/06/2025,$491.53,441002,$501.40,$501.40,$490.47
10/03/2025,$501.15,479438,$499.44,$503.78,$497.69
10/02/2025,$504.09,482660,$501.91,$504.49,$496.41
10/01/2025,$490.24,375109,$482.77,$490.99,$481.75
09/30/2025,$485.22,229934,$482.10,$485.52,$480.805
09/29/2025,$482.04,249115,$481.63,$483.11,$480.11
09/26/2025,$475.36,183755,$474.10,$476.07,$472.22
09/25/2025,$473.17,353652,$474.70,$476.1399,$468.827
09/24/2025,$480.60,324886,$479.53,$481.525,$477.94
09/23/2025,$486.50,426269,$487.49,$491.01,$484.87
09/22/2025,$477.74,327274,$474.30,$479.45,$473.70
09/19/2025,$479.59,456656,$482.23,$482.45,$475.01
09/18/2025,$483.77,365515,$476.17,$485.09,$475.60
09/17/2025,$470.03,386209,$470.33,$473.50,$467.47
09/16/2025,$480.33,301384,$488.58,$488.71,$480.14
09/15/2025,$478.94,241547,$478.27,$479.81,$475.11
09/12/2025,$478.00,158821,$476.56,$479.10,$476.00
09/11/2025,$479.36,210245,$475.71,$481.38,$475.07
09/10/2025,$473.62,321220,$478.33,$481.23,$472.66
09/09/2025,$479.62,310159,$477.56,$480.52,$473.43
09/08/2025,$478.97,464383,$484.00,$485.78,$478.57
09/05/2025,$488.77,279304,$493.84,$497.20,$488.63
09/04/2025,$495.19,331488,$494.96,$498.70,$494.65
09/03/2025,$494.82,320855,$492.00,$495.69,$490.30
09/02/2025,$492.08,405559,$482.90,$492.23,$482.30
08/29/2025,$477.21,186886,$477.12,$478.28,$475.22
08/28/2025,$478.98,304394,$479.60,$480.22,$475.93
08/27/2025,$469.36,233171,$471.08,$474.40,$468.92
08/26/2025,$467.94,224466,$469.61,$471.26,$466.38
08/25/2025,$467.54,242458,$470.96,$473.065,$467.53
08/22/2025,$471.02,319858,$469.16,$476.555,$468.40
08/21/2025,$467.02,536885,$466.07,$467.08,$462.08
08/20/2025,$468.42,243606,$471.30,$472.62,$467.60
08/19/2025,$471.50,381270,$467.74,$473.43,$466.95
08/18/2025,$463.17,302709,$461.00,$464.13,$459.78
08/15/2025,$460.55,314123,$465.76,$466.86,$459.62
08/14/2025,$464.43,777998,$454.60,$465.10,$454.41
08/13/2025,$451.21,468444,$449.45,$452.35,$446.54
08/12/2025,$446.16,353453,$442.75,$447.66,$440.00
08/11/2025,$441.35,318803,$445.12,$445.527,$440.75
08/08/2025,$443.84,480374,$448.77,$449.91,$442.64
08/07/2025,$448.68,634025,$442.66,$449.42,$441.42
08/06/2025,$442.92,469052,$439.19,$443.70,$437.71
08/05/2025,$441.79,821301,$443.91,$449.99,$441.76
08/04/2025,$438.32,933447,$436.28,$441.93,$435.2868
08/01/2025,$436.24,1678038,$429.375,$441.61,$428.005
07/31/2025,$443.39,2313927,$456.275,$458.66,$431.99
07/30/2025,$498.79,298570,$502.92,$505.54,$496.6611
07/29/2025,$505.42,228256,$509.21,$509.82,$505.42
07/28/2025,$507.31,247074,$515.00,$515.00,$506.615
07/25/2025,$517.65,271772,$513.94,$519.0999,$512.34
07/24/2025,$516.20,215318,$514.83,$518.79,$514.83
07/23/2025,$517.56,390481,$511.00,$517.57,$505.92
07/22/2025,$500.81,231303,$506.95,$507.55,$500.00
07/21/2025,$507.34,196133,$506.00,$510.38,$503.2878
07/18/2025,$505.40,372305,$508.25,$510.59,$504.13
07/17/2025,$506.19,475702,$502.82,$508.26,$500.4525
07/16/2025,$505.30,552399,$493.08,$506.145,$492.635
07/15/2025,$487.11,222450,$491.32,$491.85,$485.00
07/14/2025,$488.29,220300,$487.00,$490.88,$486.535
07/11/2025,$490.66,268265,$493.61,$494.98,$490.37
07/10/2025,$497.94,316249,$495.08,$499.06,$493.00
07/09/2025,$491.01,198441,$489.44,$491.12,$487.25
07/08/2025,$489.03,365476,$486.15,$491.56,$485.975
07/07/2025,$486.32,262821,$485.75,$488.58,$484.0399
07/03/2025,$490.20,201602,$491.19,$492.44,$489.15
07/02/2025,$491.56,288330,$487.82,$491.60,$484.98
07/01/2025,$489.37,354179,$487.53,$490.98,$484.87
06/30/2025,$490.74,339558,$489.72,$491.13,$487.3724
06/27/2025,$491.10,488757,$482.00,$494.97,$481.46
06/26/2025,$477.54,528906,$469.20,$477.72,$466.20
06/25/2025,$475.12,284228,$478.00,$478.77,$473.26
06/24/2025,$472.42,442600,$462.35,$475.47,$460.675
06/23/2025,$461.08,231134,$454.13,$461.17,$453.22
06/20/2025,$459.05,177957,$459.83,$461.1077,$457.81
06/18/2025,$460.51,212597,$461.87,$462.90,$458.945
06/17/2025,$460.65,263613,$464.55,$466.08,$458.97
06/16/2025,$464.81,256376,$468.11,$470.5679,$464.505
06/13/2025,$463.44,646378,$464.60,$468.09,$461.10
06/12/2025,$472.66,471122,$477.91,$480.18,$471.31
06/11/2025,$482.39,374578,$487.94,$489.08,$481.16
06/10/2025,$486.39,554272,$488.33,$489.13,$483.43
06/09/2025,$479.12,211554,$480.07,$481.288,$478.23
06/06/2025,$482.61,217201,$481.14,$485.13,$481.14
06/05/2025,$480.36,220658,$481.79,$483.41,$479.11
06/04/2025,$480.96,273147,$478.69,$482.095,$477.43
06/03/2025,$475.74,358156,$474.39,$477.67,$473.87
06/02/2025,$480.08,356406,$474.92,$480.29,$473.71
05/30/2025,$478.76,321636,$480.54,$481.27,$474.60
05/29/2025,$479.02,231196,$477.15,$479.60,$475.51
05/28/2025,$475.40,291534,$477.32,$479.49,$474.87
05/27/2025,$483.47,439159,$483.56,$484.37,$478.265
05/23/2025,$476.22,487425,$476.20,$478.55,$474.37
05/22/2025,$491.30,279120,$492.97,$494.07,$490.61
05/21/2025,$496.12,302866,$499.39,$503.10,$495.83
05/20/2025,$499.02,195960,$497.74,$501.07,$497.74
05/19/2025,$497.63,185677,$492.73,$497.92,$492.73
05/16/2025,$498.74,184124,$497.79,$499.335,$496.2001
05/15/2025,$494.79,236792,$494.39,$496.535,$491.995
05/14/2025,$495.65,309692,$495.93,$498.88,$493.2286
05/13/2025,$490.88,334336,$491.09,$492.26,$489.575
05/12/2025,$486.76,351864,$492.51,$493.05,$482.99
05/09/2025,$488.28,269909,$486.28,$489.01,$485.25
05/08/2025,$480.71,353052,$484.53,$487.28,$480.71
05/07/2025,$476.74,297888,$469.74,$478.41,$469.74
05/06/2025,$474.14,433392,$470.75,$477.29,$468.45
05/05/2025,$466.46,308092,$467.00,$468.8271,$463.60
05/02/2025,$462.84,408431,$463.95,$466.82,$462.18
05/01/2025,$460.12,247428,$463.62,$464.68,$458.95
04/30/2025,$461.78,361837,$453.34,$461.92,$449.32
04/29/2025,$462.74,262319,$458.74,$463.31,$457.90
04/28/2025,$458.20,330490,$454.88,$458.52,$452.46
04/25/2025,$460.80,250169,$458.27,$460.98,$456.06
04/24/2025,$456.82,415195,$454.00,$456.99,$452.57
04/23/2025,$441.68,340672,$445.23,$448.58,$439.75
04/22/2025,$447.16,371645,$444.62,$449.88,$444.17
04/21/2025,$434.76,238661,$434.82,$437.27,$430.54
04/17/2025,$439.97,239653,$439.49,$441.61,$435.56
04/16/2025,$432.75,340801,$432.30,$436.93,$429.88
04/15/2025,$433.98,266508,$433.44,$437.74,$431.57
04/14/2025,$429.53,434543,$429.95,$434.75,$426.44
04/11/2025,$428.58,613099,$418.35,$428.86,$415.47
04/10/2025,$423.81,616402,$421.94,$427.94,$413.00
04/09/2025,$432.00,1022619,$405.29,$434.04,$397.80
04/08/2025,$397.86,1005832,$408.80,$413.23,$393.35
04/07/2025,$398.70,1135072,$398.56,$421.98,$391.54
04/04/2025,$414.85,1227831,$424.17,$432.05,$414.265
04/03/2025,$431.23,608520,$438.00,$439.85,$429.28
04/02/2025,$438.54,601898,$433.62,$440.795,$432.21
04/01/2025,$430.61,594773,$433.34,$435.485,$428.00
03/31/2025,$427.88,446013,$425.40,$430.12,$421.14
03/28/2025,$429.71,1146934,$436.885,$438.67,$427.57
03/27/2025,$426.82,1514231,$406.58,$426.99,$402.90
03/26/2025,$413.73,1066040,$421.01,$424.60,$409.07
03/25/2025,$433.98,356208,$435.85,$436.48,$431.26
03/24/2025,$435.83,490879,$432.00,$437.215,$430.215
03/21/2025,$436.32,475145,$435.73,$438.41,$433.45
03/20/2025,$444.03,461103,$445.81,$447.80,$442.88
03/19/2025,$453.28,254940,$450.98,$455.63,$447.61
03/18/2025,$446.43,318074,$450.80,$451.89,$445.29
03/17/2025,$454.20,246490,$449.64,$455.94,$449.18
03/14/2025,$449.23,303192,$448.45,$451.18,$445.76
03/13/2025,$440.66,437720,$443.10,$444.99,$439.51
03/12/2025,$450.35,385602,$445.53,$452.73,$443.27
03/11/2025,$441.25,536592,$442.24,$444.65,$433.81
03/10/2025,$437.08,517934,$451.43,$451.43,$433.47
03/07/2025,$449.56,443520,$443.42,$453.03,$443.42
03/06/2025,$446.70,546874,$446.00,$452.3866,$443.85
03/05/2025,$459.20,573790,$456.88,$459.97,$452.94
03/04/2025,$459.59,459453,$459.60,$465.54,$453.01
03/03/2025,$464.20,685432,$473.09,$476.18,$459.5101
02/28/2025,$464.57,572793,$465.00,$468.62,$457.59
02/27/2025,$460.50,1215862,$465.20,$467.59,$457.90
02/26/2025,$480.00,934676,$503.20,$508.578,$476.44
02/25/2025,$504.50,283654,$508.92,$509.13,$499.865
02/24/2025,$499.22,237763,$504.14,$505.567,$498.70
02/21/2025,$503.43,282928,$507.79,$508.20,$498.5757
02/20/2025,$508.15,215100,$502.40,$508.15,$499.75
02/19/2025,$500.84,171358,$502.34,$502.74,$498.45
02/18/2025,$504.69,273946,$506.37,$508.0325,$501.69
02/14/2025,$503.84,379637,$503.86,$507.1973,$501.737
02/13/2025,$490.45,419231,$490.42,$496.27,$487.89
02/12/2025,$482.55,368030,$478.00,$483.98,$476.45
02/11/2025,$474.96,596660,$466.57,$477.00,$466.00
02/10/2025,$460.80,388490,$455.53,$461.19,$453.555
02/07/2025,$446.44,398078,$453.39,$454.60,$446.13
02/06/2025,$461.56,396864,$461.49,$464.31,$459.89
02/05/2025,$464.19,539356,$460.41,$465.07,$457.51
02/04/2025,$459.30,938972,$453.685,$470.16,$453.58
02/03/2025,$428.94,484586,$422.51,$429.83,$419.96
01/31/2025,$428.52,372385,$431.30,$437.135,$428.34
01/30/2025,$431.95,474019,$430.00,$434.84,$428.085
01/29/2025,$428.99,298824,$430.03,$432.155,$427.12
01/28/2025,$431.09,295803,$431.13,$432.73,$426.06
01/27/2025,$432.32,321278,$426.47,$432.64,$425.85
01/24/2025,$432.37,349112,$431.25,$433.32,$430.00
01/23/2025,$429.98,341701,$428.35,$431.3471,$425.64
01/22/2025,$432.50,212891,$436.00,$436.50,$432.10
01/21/2025,$440.23,274983,$437.83,$440.60,$434.70
01/17/2025,$435.87,167686,$437.49,$438.68,$435.38
01/16/2025,$432.94,180828,$433.09,$434.565,$432.10
01/15/2025,$431.68,212075,$432.35,$432.785,$429.07
01/14/2025,$421.97,270455,$424.13,$424.48,$420.28
01/13/2025,$418.37,292699,$416.40,$418.93,$414.41
01/10/2025,$429.29,215173,$434.39,$434.39,$427.45
01/08/2025,$433.87,238176,$428.32,$434.49,$427.46
01/07/2025,$427.97,169027,$431.03,$431.61,$426.82
01/06/2025,$426.77,235206,$425.25,$428.47,$423.62
01/03/2025,$417.42,243355,$416.51,$419.845,$413.17
01/02/2025,$416.42,283408,$420.93,$423.16,$416.38
12/31/2024,$424.84,138881,$425.00,$426.66,$422.61
12/30/2024,$426.77,150257,$428.25,$429.30,$424.945
12/27/2024,$432.15,171221,$429.72,$432.72,$428.3002
12/26/2024,$431.74,158525,$433.16,$435.145,$431.50
12/24/2024,$433.98,82609,$431.08,$434.03,$430.47
12/23/2024,$430.15,225703,$424.38,$431.24,$422.29
12/20/2024,$426.93,262698,$423.21,$430.28,$421.01
12/19/2024,$425.30,388235,$428.20,$428.25,$421.34
12/18/2024,$422.83,302323,$434.53,$436.85,$420.63
12/17/2024,$432.36,380729,$433.91,$435.89,$432.17
12/16/2024,$436.96,325311,$445.45,$445.82,$436.43
12/13/2024,$454.18,201922,$457.88,$457.99,$450.7574
12/12/2024,$451.86,208985,$450.78,$455.68,$450.65
12/11/2024,$449.53,227931,$447.49,$451.11,$446.4615
12/10/2024,$448.56,235328,$449.95,$450.97,$445.7012
12/09/2024,$448.48,279346,$455.09,$457.21,$448.07
12/06/2024,$458.44,362588,$452.36,$458.48,$451.92
12/05/2024,$445.52,356701,$446.38,$448.815,$444.25
12/04/2024,$445.73,306521,$448.15,$448.70,$442.72
12/03/2024,$444.51,312513,$441.11,$444.8816,$438.65
12/02/2024,$437.40,223902,$435.50,$438.44,$433.78
11/29/2024,$434.16,143701,$430.99,$434.65,$430.36
11/27/2024,$431.57,167219,$433.08,$435.11,$431.145
11/26/2024,$431.70,220701,$434.14,$434.375,$430.1201
11/25/2024,$435.24,340614,$438.08,$440.8975,$435.00
11/22/2024,$437.62,231716,$433.34,$438.62,$433.34
11/21/2024,$429.51,217456,$427.32,$431.332,$425.21
11/20/2024,$427.16,227769,$425.93,$427.9799,$422.44
11/19/2024,$428.48,313630,$427.52,$430.49,$425.25
11/18/2024,$434.98,243109,$428.00,$435.31,$427.43
11/15/2024,$430.99,280182,$436.00,$436.50,$430.00
11/14/2024,$440.39,204842,$441.79,$442.55,$439.64
11/13/2024,$439.89,277809,$436.34,$441.90,$435.02
11/12/2024,$437.12,419975,$444.88,$445.244,$436.00
11/11/2024,$452.46,324699,$454.75,$457.65,$451.77
11/08/2024,$454.46,429364,$450.35,$455.69,$448.18
11/07/2024,$452.66,516935,$446.82,$456.56,$446.78
11/06/2024,$443.00,753724,$436.74,$443.23,$433.90
11/05/2024,$441.00,1518371,$446.93,$453.15,$439.22
11/04/2024,$476.05,250979,$480.74,$480.74,$474.90
11/01/2024,$476.76,298396,$482.01,$482.795,$475.37
10/31/2024,$475.88,240688,$480.95,$480.95,$473.23
10/30/2024,$478.84,264881,$478.60,$484.62,$477.63
10/29/2024,$487.94,139527,$487.065,$489.955,$486.28
10/28/2024,$490.48,144802,$488.84,$491.30,$488.27
10/25/2024,$484.73,206708,$487.05,$488.4046,$483.04
10/24/2024,$486.48,405973,$485.00,$487.4328,$480.32
10/23/2024,$482.44,189930,$478.70,$483.76,$478.69
10/22/2024,$478.51,232024,$478.80,$480.22,$476.77
10/21/2024,$480.18,155683,$482.19,$482.39,$476.93
10/18/2024,$482.35,267910,$481.36,$484.47,$479.43
10/17/2024,$482.32,302106,$480.12,$483.01,$477.27
10/16/2024,$471.99,158394,$469.24,$472.58,$468.63
10/15/2024,$470.77,269951,$479.39,$479.50,$469.58
10/14/2024,$479.23,245108,$476.22,$479.3866,$475.53
10/11/2024,$469.08,336652,$465.68,$469.62,$464.31
10/10/2024,$453.27,214904,$454.64,$455.30,$451.24
10/09/2024,$456.50,254826,$456.16,$460.44,$456.16
10/08/2024,$461.06,424262,$456.65,$461.06,$454.49
10/07/2024,$449.53,366281,$449.73,$451.30,$446.60
10/04/2024,$449.81,289954,$448.24,$450.90,$446.79
10/03/2024,$450.09,324006,$450.63,$452.30,$446.30
10/02/2024,$457.16,287247,$459.31,$459.80,$455.93
10/01/2024,$455.86,323384,$465.70,$466.32,$454.77
09/30/2024,$470.11,222215,$471.99,$473.58,$465.00
09/27/2024,$471.68,207166,$472.83,$478.1227,$471.44
09/26/2024,$478.03,210539,$478.58,$481.375,$475.03
09/25/2024,$474.11,282425,$476.31,$476.74,$471.15
09/24/2024,$477.93,321691,$474.06,$478.00,$473.96
09/23/2024,$476.96,306418,$480.00,$481.72,$476.19
09/20/2024,$470.56,316157,$470.85,$471.49,$466.10
09/19/2024,$474.06,446596,$470.27,$477.75,$470.12
09/18/2024,$457.53,308426,$462.24,$464.07,$456.515
09/17/2024,$462.82,246896,$466.70,$468.38,$462.59
09/16/2024,$463.66,268947,$468.51,$468.59,$462.4875
09/13/2024,$469.09,225894,$471.23,$473.50,$468.51
09/12/2024,$471.90,311388,$465.93,$473.49,$465.39
09/11/2024,$475.05,332508,$467.99,$475.17,$463.78
09/10/2024,$467.08,319107,$471.30,$471.57,$462.45
09/09/2024,$471.98,172020,$471.66,$475.48,$470.3663
09/06/2024,$470.70,287075,$482.65,$484.22,$469.335
09/05/2024,$477.15,286789,$472.92,$478.05,$471.24
09/04/2024,$486.92,270514,$484.00,$487.50,$478.60
09/03/2024,$486.68,248668,$497.66,$498.23,$484.54
08/30/2024,$496.79,227000,$494.28,$496.79,$491.87
08/29/2024,$490.59,222706,$489.24,$495.3848,$487.0901
08/28/2024,$486.74,160392,$490.56,$490.9195,$484.52
08/27/2024,$489.26,298597,$482.76,$491.59,$482.14
08/26/2024,$479.85,156255,$482.21,$482.26,$479.57
08/23/2024,$483.94,214685,$480.50,$484.26,$480.20
08/22/2024,$477.04,348495,$480.39,$481.20,$473.77
08/21/2024,$478.79,387534,$475.11,$480.76,$474.18
08/20/2024,$466.73,202053,$468.00,$469.80,$465.14
08/19/2024,$463.06,266403,$460.57,$466.20,$460.57
08/16/2024,$459.70,316054,$458.08,$460.89,$456.69
08/15/2024,$454.13,425153,$458.33,$463.00,$453.35
08/14/2024,$452.90,718855,$437.84,$456.41,$437.84
08/13/2024,$431.81,205388,$423.92,$432.535,$423.4047
08/12/2024,$422.33,140753,$420.99,$423.53,$418.50
08/09/2024,$420.11,193365,$421.11,$422.26,$419.39
08/08/2024,$420.55,164209,$415.65,$421.84,$412.20
08/07/2024,$417.95,190181,$425.44,$426.30,$417.25
08/06/2024,$416.82,296430,$414.89,$421.72,$414.42
08/05/2024,$422.78,546900,$414.35,$428.38,$413.01
08/02/2024,$433.59,535440,$424.12,$433.75,$422.32
08/01/2024,$421.62,410548,$429.42,$433.98,$416.18
07/31/2024,$413.01,311117,$411.62,$416.07,$408.515
07/30/2024,$410.27,170043,$414.24,$415.14,$409.11
07/29/2024,$411.70,196851,$409.74,$412.23,$407.00
07/26/2024,$413.80,175953,$410.00,$415.8387,$408.48
07/25/2024,$405.92,265133,$408.78,$410.8248,$404.1501
07/24/2024,$413.67,259582,$416.40,$417.40,$413.00
07/23/2024,$423.17,152368,$421.26,$424.21,$421.04
07/22/2024,$427.19,236993,$421.24,$427.67,$419.70
07/19/2024,$416.31,102679,$419.52,$420.4799,$416.31
07/18/2024,$422.43,168507,$426.90,$427.07,$419.76
07/17/2024,$420.71,177296,$423.34,$424.27,$420.30
07/16/2024,$429.22,157902,$426.72,$429.84,$425.48
07/15/2024,$428.56,166624,$435.40,$435.54,$427.06
07/12/2024,$435.16,163630,$430.14,$436.54,$430.14
07/11/2024,$428.47,219415,$433.67,$434.46,$427.49
07/10/2024,$435.05,133618,$429.10,$435.05,$429.03
07/09/2024,$426.29,150836,$428.73,$430.08,$425.89
07/08/2024,$427.38,194449,$430.02,$430.28,$427.15
07/05/2024,$422.39,179961,$424.00,$425.00,$418.26
07/03/2024,$422.72,198243,$419.70,$422.72,$418.0478
07/02/2024,$414.38,234367,$406.38,$414.38,$405.96
07/01/2024,$410.24,187428,$411.00,$411.70,$408.50
06/28/2024,$408.37,246757,$409.87,$410.13,$407.1301
06/27/2024,$409.46,254158,$410.00,$412.21,$409.00
06/26/2024,$412.52,296225,$417.20,$418.44,$412.435
06/25/2024,$423.82,232399,$422.83,$425.045,$422.794
06/24/2024,$421.68,176720,$421.00,$423.3855,$419.9175
06/21/2024,$414.65,216467,$412.77,$414.88,$410.175
06/20/2024,$420.09,189777,$418.86,$420.61,$416.21
06/18/2024,$414.36,103151,$415.17,$415.17,$411.09
06/17/2024,$416.06,163149,$412.23,$417.55,$410.04
06/14/2024,$409.98,346641,$404.40,$410.18,$403.01
06/13/2024,$416.68,178798,$420.00,$420.90,$414.85
06/12/2024,$427.36,356722,$423.34,$429.14,$422.20
06/11/2024,$410.94,169062,$410.98,$412.385,$409.14
06/10/2024,$413.48,107104,$411.15,$414.19,$410.76
06/07/2024,$412.93,184240,$414.91,$416.70,$411.89
06/06/2024,$416.92,393522,$423.18,$423.54,$416.49
06/05/2024,$422.40,331387,$420.58,$422.705,$417.00
06/04/2024,$410.74,195123,$410.56,$413.36,$410.10
06/03/2024,$409.05,147495,$409.28,$411.18,$406.31
05/31/2024,$411.00,177603,$408.56,$411.22,$407.27
05/30/2024,$408.98,116015,$407.62,$410.97,$407.40
05/29/2024,$406.19,257260,$406.84,$407.88,$404.84
05/28/2024,$412.14,174995,$415.14,$415.14,$410.15
05/24/2024,$416.16,169697,$416.32,$418.50,$415.52
05/23/2024,$413.53,153355,$417.98,$418.595,$412.44
05/22/2024,$415.05,223234,$417.91,$418.71,$413.8087
05/21/2024,$418.37,225933,$414.65,$418.58,$414.18
05/20/2024,$416.65,185419,$419.66,$420.60,$416.4041
05/17/2024,$422.30,182930,$421.23,$423.84,$419.76
05/16/2024,$419.57,266836,$420.70,$421.72,$418.42
05/15/2024,$417.21,307651,$411.55,$421.34,$411.02
05/14/2024,$411.02,135419,$406.98,$411.66,$406.73
05/13/2024,$405.73,174759,$406.40,$408.37,$405.46
05/10/2024,$405.00,222446,$403.32,$405.505,$400.47
05/09/2024,$407.43,255337,$404.21,$408.27,$404.07
05/08/2024,$406.22,442563,$400.00,$409.26,$399.27
05/07/2024,$401.00,966786,$419.52,$420.78,$401.00
05/06/2024,$427.66,307543,$426.63,$428.52,$425.46
05/03/2024,$430.29,288971,$432.07,$434.10,$428.82
05/02/2024,$424.56,214124,$423.29,$425.00,$419.86
05/01/2024,$415.94,109895,$417.95,$421.58,$414.31
04/30/2024,$415.70,217700,$416.55,$419.52,$413.0066
04/29/2024,$422.44,146783,$418.92,$422.75,$417.6923
04/26/2024,$422.46,217590,$417.02,$422.73,$416.73
04/25/2024,$412.21,510115,$411.62,$415.025,$409.8601
04/24/2024,$420.33,237357,$422.58,$424.91,$418.00
04/23/2024,$424.74,273362,$418.60,$425.55,$417.54
04/22/2024,$410.27,179936,$406.48,$410.915,$405.505
04/19/2024,$408.65,282950,$415.83,$416.70,$408.10
04/18/2024,$412.62,216090,$413.98,$417.90,$410.34
04/17/2024,$416.00,264789,$419.22,$419.76,$413.415
04/16/2024,$411.34,203404,$412.02,$413.56,$409.70
04/15/2024,$410.93,218023,$419.49,$419.82,$410.00
04/12/2024,$410.40,249955,$411.54,$413.88,$409.80
04/11/2024,$420.38,163026,$420.00,$421.8099,$415.35
04/10/2024,$419.82,247410,$414.25,$422.03,$414.25
04/09/2024,$420.50,217192,$422.50,$423.11,$415.25
04/08/2024,$423.55,284410,$424.54,$425.71,$421.62
04/05/2024,$418.86,186699,$415.65,$421.39,$414.78
04/04/2024,$414.03,424129,$419.44,$423.34,$413.59
04/03/2024,$419.51,303077,$413.15,$421.20,$410.88
04/02/2024,$419.59,304967,$425.94,$426.60,$419.03
04/01/2024,$431.75,166468,$435.43,$436.795,$430.05
03/28/2024,$435.94,176385,$437.48,$438.68,$435.56
03/27/2024,$439.16,131297,$442.62,$442.73,$438.59
03/26/2024,$437.97,173399,$441.48,$442.80,$437.97
03/25/2024,$439.59,186281,$438.86,$442.24,$438.45
03/22/2024,$433.29,131737,$432.06,$434.99,$430.92
03/21/2024,$431.11,238540,$432.35,$433.79,$428.53
03/20/2024,$434.14,242842,$432.78,$435.53,$431.22
03/19/2024,$433.36,351906,$431.21,$433.60,$429.00
03/18/2024,$426.53,220027,$426.42,$429.405,$424.72
03/15/2024,$424.54,207766,$422.46,$424.54,$421.20
03/14/2024,$420.38,190228,$424.60,$424.86,$419.01
03/13/2024,$422.45,162772,$421.32,$425.067,$420.48
03/12/2024,$424.00,410170,$415.86,$425.06,$414.18
03/11/2024,$413.00,257255,$417.29,$418.085,$412.96
03/08/2024,$420.74,278772,$424.51,$426.46,$420.72
03/07/2024,$421.75,163875,$419.82,$421.7907,$418.62
03/06/2024,$416.63,363562,$412.08,$417.05,$411.52
03/05/2024,$411.46,223965,$413.18,$413.75,$409.94
03/04/2024,$413.57,396277,$411.12,$415.05,$408.79
03/01/2024,$425.35,216488,$425.00,$426.5563,$422.91
02/29/2024,$424.77,483882,$427.83,$427.89,$418.095
02/28/2024,$428.56,341837,$426.16,$430.08,$425.16
02/27/2024,$421.31,405390,$418.79,$424.1599,$417.36
02/26/2024,$419.33,319613,$419.22,$419.8799,$416.62
02/23/2024,$416.07,282507,$415.74,$417.7999,$414.07
02/22/2024,$411.85,327446,$407.66,$412.99,$407.66
02/21/2024,$402.27,351623,$394.24,$402.68,$393.92
02/20/2024,$390.45,255349,$390.48,$392.3568,$389.34
02/16/2024,$389.23,231624,$390.85,$391.57,$388.83
02/15/2024,$389.10,184971,$388.32,$389.79,$386.2687
02/14/2024,$382.45,161185,$380.00,$382.89,$378.80
02/13/2024,$376.84,278519,$378.78,$380.62,$375.31
02/12/2024,$387.25,234372,$390.00,$390.60,$386.335
02/09/2024,$392.56,252847,$389.92,$393.59,$389.29
02/08/2024,$385.15,271035,$381.04,$385.74,$380.00
02/07/2024,$381.04,305170,$384.06,$385.89,$380.70
02/06/2024,$378.53,318951,$373.79,$379.2698,$373.79
02/05/2024,$371.66,447674,$370.92,$374.64,$368.80
02/02/2024,$379.25,694687,$379.87,$380.40,$371.50
02/01/2024,$389.45,1609881,$372.78,$391.42,$372.69
01/31/2024,$345.92,386621,$353.11,$354.685,$345.92
01/30/2024,$349.41,382315,$348.00,$350.30,$347.29
01/29/2024,$344.93,300558,$339.80,$344.99,$338.73
01/26/2024,$340.17,504256,$339.00,$341.00,$337.95
01/25/2024,$335.34,376775,$333.97,$335.34,$330.155
01/24/2024,$335.24,338822,$336.96,$337.395,$334.62
01/23/2024,$333.30,366750,$333.96,$334.16,$330.54
01/22/2024,$337.16,488827,$341.78,$342.66,$337.14
01/19/2024,$349.41,193974,$346.28,$350.20,$345.67
01/18/2024,$347.10,229056,$345.73,$347.605,$344.83
01/17/2024,$343.29,290586,$342.16,$343.70,$339.835
01/16/2024,$346.74,366047,$340.97,$347.87,$339.84
01/12/2024,$351.30,249295,$350.44,$351.45,$348.36
01/11/2024,$350.53,252295,$353.52,$354.2146,$347.74
01/10/2024,$351.42,543490,$346.42,$351.49,$345.46
01/09/2024,$343.09,413132,$342.88,$345.23,$341.07
01/08/2024,$344.14,366405,$338.75,$344.25,$338.75
01/05/2024,$334.93,264337,$333.36,$337.50,$333.29
01/04/2024,$334.42,312477,$335.58,$338.04,$334.055
01/03/2024,$333.35,275596,$331.74,$335.03,$331.30
01/02/2024,$337.72,342203,$336.21,$337.94,$335.05
12/29/2023,$338.43,271814,$339.00,$340.20,$336.59
12/28/2023,$336.95,188300,$338.56,$338.965,$336.87
12/27/2023,$338.34,332193,$339.71,$339.89,$337.59
12/26/2023,$335.89,224454,$334.42,$337.1799,$334.26
12/22/2023,$334.62,398654,$337.65,$338.085,$334.425
12/21/2023,$336.05,554565,$338.80,$338.80,$334.615
12/20/2023,$339.07,569991,$346.66,$346.80,$338.48
12/19/2023,$348.66,419854,$345.41,$349.39,$344.99
12/18/2023,$346.91,635260,$346.50,$347.88,$344.31
12/15/2023,$354.50,490954,$360.72,$360.95,$354.38
12/14/2023,$363.85,416072,$362.76,$365.71,$360.96
12/13/2023,$369.90,404570,$367.02,$369.99,$364.39
12/12/2023,$371.35,199607,$370.25,$371.83,$369.169
12/11/2023,$371.96,309926,$369.11,$372.42,$368.36
12/08/2023,$366.75,387917,$364.84,$368.25,$364.80
12/07/2023,$363.75,236261,$364.81,$364.81,$361.32
12/06/2023,$361.68,263421,$366.00,$366.30,$361.24
12/05/2023,$362.24,253630,$357.82,$362.76,$357.66
12/04/2023,$353.64,395563,$354.34,$356.13,$353.15
12/01/2023,$356.99,468963,$358.36,$359.215,$355.56
11/30/2023,$358.96,436300,$361.66,$362.64,$357.02
11/29/2023,$366.42,249818,$368.46,$369.76,$365.41
11/28/2023,$368.27,283195,$367.76,$369.67,$366.45
11/27/2023,$369.66,207521,$367.99,$369.91,$367.79
11/24/2023,$367.44,152498,$365.30,$368.60,$364.74
11/22/2023,$364.25,130598,$365.63,$365.93,$362.86
11/21/2023,$361.09,234278,$362.36,$364.30,$360.35
11/20/2023,$364.32,341254,$361.50,$365.545,$360.96
11/17/2023,$359.34,285421,$356.92,$359.43,$356.21
11/16/2023,$354.01,276603,$352.82,$354.92,$352.044
11/15/2023,$351.68,382080,$354.72,$355.095,$351.26
11/14/2023,$353.75,384380,$350.62,$353.975,$349.86
11/13/2023,$341.28,229687,$338.32,$343.85,$338.16
11/10/2023,$339.56,207863,$336.45,$340.004,$334.23
11/09/2023,$335.89,245656,$338.88,$340.02,$335.20
11/08/2023,$337.22,349667,$338.63,$340.31,$334.37
11/07/2023,$333.37,318005,$332.33,$333.44,$330.70
11/06/2023,$333.50,468001,$333.31,$336.90,$331.81
11/03/2023,$331.41,493217,$329.40,$331.9999,$328.495
11/02/2023,$323.42,618931,$319.00,$325.35,$315.54
11/01/2023,$304.98,543496,$302.04,$305.66,$301.68
10/31/2023,$301.64,562040,$300.25,$303.60,$300.00
10/30/2023,$299.39,492228,$300.34,$301.98,$298.53
10/27/2023,$298.24,571785,$301.20,$301.82,$297.36
10/26/2023,$297.11,302437,$299.22,$300.018,$296.34
10/25/2023,$299.31,314846,$300.00,$301.34,$297.72
10/24/2023,$300.90,365344,$300.75,$302.64,$300.75
10/23/2023,$303.36,337352,$300.70,$305.94,$300.11
10/20/2023,$301.70,334699,$301.93,$303.25,$300.65
10/19/2023,$301.39,503945,$302.16,$303.92,$300.11
10/18/2023,$303.49,290307,$306.18,$307.21,$303.16
10/17/2023,$309.57,326745,$308.32,$312.34,$307.56
10/16/2023,$315.04,415394,$312.02,$317.09,$311.91
10/13/2023,$312.02,693708,$314.04,$314.52,$311.73
10/12/2023,$309.07,281875,$313.06,$313.40,$307.43
10/11/2023,$309.82,353932,$312.66,$313.06,$307.915
10/10/2023,$305.21,385901,$307.03,$309.22,$304.55
10/09/2023,$300.51,187739,$300.02,$301.45,$297.90
10/06/2023,$305.40,257408,$299.97,$305.41,$297.65
10/05/2023,$299.95,226806,$300.45,$301.20,$297.075
10/04/2023,$299.59,161980,$295.83,$299.59,$294.42
10/03/2023,$294.55,234483,$295.56,$297.2375,$293.49
10/02/2023,$296.59,248107,$295.76,$297.48,$295.005
09/29/2023,$295.54,253622,$298.84,$300.22,$293.59
09/28/2023,$294.44,265628,$290.92,$295.12,$289.92
09/27/2023,$287.61,297961,$289.32,$290.26,$285.02
09/26/2023,$285.74,221499,$287.69,$289.015,$285.5901
09/25/2023,$288.11,206241,$287.10,$289.25,$285.78
09/22/2023,$288.25,232987,$290.52,$292.35,$288.25
09/21/2023,$291.57,400897,$296.74,$296.89,$291.46
09/20/2023,$302.91,235543,$304.93,$307.9166,$302.79
09/19/2023,$299.11,201012,$300.78,$301.8269,$299.00
09/18/2023,$299.68,161373,$300.00,$300.57,$297.49
09/15/2023,$300.96,389796,$303.94,$306.12,$300.89
09/14/2023,$302.67,204392,$299.55,$303.17,$298.61
09/13/2023,$299.05,229196,$298.44,$299.62,$297.12
09/12/2023,$298.12,215811,$299.23,$302.00,$297.80
09/11/2023,$302.68,249939,$298.65,$302.99,$297.41
09/08/2023,$297.19,286180,$299.11,$300.60,$296.69
09/07/2023,$298.79,548751,$298.75,$299.76,$296.62
09/06/2023,$302.51,375957,$303.00,$303.90,$300.19
09/05/2023,$305.17,264973,$307.30,$307.30,$304.07
09/01/2023,$308.32,579183,$312.75,$312.75,$305.78
08/31/2023,$317.74,207415,$319.50,$321.00,$317.28
08/30/2023,$320.29,202386,$319.74,$322.68,$319.74
08/29/2023,$320.59,286274,$312.05,$320.64,$312.05
08/28/2023,$313.31,137180,$312.15,$313.59,$311.64
08/25/2023,$311.26,193624,$311.30,$312.57,$307.38
08/24/2023,$307.53,162669,$312.60,$312.85,$307.33
08/23/2023,$312.79,135373,$309.30,$313.83,$308.8824
08/22/2023,$310.56,194744,$312.13,$313.20,$310.05
08/21/2023,$311.97,137193,$312.18,$312.87,$309.67
08/18/2023,$305.75,398127,$303.49,$307.09,$301.75
08/17/2023,$306.02,321787,$312.20,$312.20,$305.96
08/16/2023,$313.34,188125,$315.12,$317.16,$313.15
08/15/2023,$315.74,183429,$314.53,$316.70,$314.3501
08/14/2023,$315.57,204242,$310.22,$316.3036,$310.22
08/11/2023,$311.19,270513,$313.15,$313.50,$310.94
08/10/2023,$314.76,350040,$316.23,$318.65,$313.615
08/09/2023,$311.61,257797,$313.78,$314.28,$309.565
08/08/2023,$310.98,316554,$308.70,$310.98,$307.19
08/07/2023,$312.24,227571,$312.44,$312.78,$308.86
08/04/2023,$311.45,246923,$315.43,$316.09,$311.25
08/03/2023,$314.16,313575,$312.00,$316.32,$311.76
08/02/2023,$313.56,546115,$311.90,$322.16,$311.76
08/01/2023,$317.62,341518,$317.00,$319.54,$316.57
07/31/2023,$320.39,265032,$322.50,$322.50,$319.34
07/28/2023,$321.82,298150,$321.71,$323.61,$321.15
07/27/2023,$317.27,319044,$321.40,$322.08,$316.45
07/26/2023,$317.35,171595,$314.34,$318.63,$314.02
07/25/2023,$316.11,269284,$314.43,$317.3304,$313.86
07/24/2023,$317.16,213656,$317.38,$318.66,$316.441
07/21/2023,$318.01,281183,$321.01,$321.01,$317.93
07/20/2023,$318.66,399732,$320.28,$320.71,$317.515
07/19/2023,$321.09,362207,$323.31,$324.41,$320.58
07/18/2023,$326.32,258658,$326.22,$326.75,$323.53
07/17/2023,$328.71,339479,$328.49,$329.88,$327.62
07/14/2023,$328.78,334276,$326.89,$329.50,$326.58
07/13/2023,$323.36,375241,$325.84,$326.1187,$323.00
07/12/2023,$322.68,443838,$320.19,$323.04,$318.99
07/11/2023,$318.39,378129,$319.00,$320.33,$317.365
07/10/2023,$318.29,338511,$314.25,$318.80,$314.00
07/07/2023,$314.49,332124,$314.64,$317.56,$312.78
07/06/2023,$313.53,451141,$312.89,$314.76,$311.20
07/05/2023,$320.01,395065,$321.60,$322.80,$319.63
07/03/2023,$325.87,224433,$325.52,$326.02,$323.10
06/30/2023,$325.21,521818,$324.84,$327.07,$323.88
06/29/2023,$320.67,472056,$318.36,$322.72,$318.25
06/28/2023,$317.96,334597,$315.34,$318.01,$315.34
06/27/2023,$314.09,240919,$309.25,$314.4699,$309.12
06/26/2023,$306.49,145050,$307.50,$308.75,$305.85
06/23/2023,$307.52,426782,$306.16,$309.01,$305.88
06/22/2023,$307.29,268096,$306.46,$308.94,$306.00
06/21/2023,$308.30,400242,$307.11,$309.12,$305.54
06/20/2023,$306.16,355775,$306.70,$308.06,$305.29
06/16/2023,$308.02,294925,$308.71,$309.29,$306.62
06/15/2023,$306.11,657560,$305.46,$306.73,$303.66
06/14/2023,$302.79,418146,$304.72,$305.22,$300.72
06/13/2023,$300.11,359390,$301.27,$302.56,$299.94
06/12/2023,$300.58,275048,$300.54,$301.84,$299.10
06/09/2023,$297.80,263164,$297.40,$298.895,$296.625
06/08/2023,$298.24,289281,$296.60,$299.01,$296.60
06/07/2023,$294.53,315068,$295.66,$298.135,$294.11
06/06/2023,$297.12,312263,$296.93,$297.825,$295.92
06/05/2023,$296.43,168287,$298.19,$298.37,$295.88
06/02/2023,$298.60,364506,$298.30,$300.29,$297.58
06/01/2023,$293.09,269516,$288.87,$293.19,$288.12
05/31/2023,$286.67,482153,$288.18,$288.43,$283.20
05/30/2023,$287.36,405161,$292.18,$292.18,$287.23
05/26/2023,$290.76,221861,$288.36,$291.58,$288.18
05/25/2023,$286.60,228337,$286.49,$287.44,$285.31
05/24/2023,$286.96,445065,$286.26,$287.46,$283.965
05/23/2023,$289.90,540968,$292.76,$292.76,$288.36
05/22/2023,$301.53,236831,$298.62,$302.855,$298.40
05/19/2023,$298.24,391654,$298.48,$299.22,$297.15
05/18/2023,$295.16,365370,$295.82,$296.28,$293.60
05/17/2023,$293.33,246200,$294.32,$294.42,$292.81
05/16/2023,$292.60,316864,$295.34,$295.74,$292.41
05/15/2023,$293.00,315969,$295.80,$296.28,$292.59
05/12/2023,$296.27,393848,$296.87,$297.06,$294.26
05/11/2023,$293.61,333052,$294.35,$294.65,$292.62
05/10/2023,$292.18,438204,$294.20,$295.085,$290.71
05/09/2023,$294.19,378860,$295.26,$296.55,$294.07
05/08/2023,$296.97,297102,$297.74,$297.816,$295.66
05/05/2023,$296.81,465055,$295.608,$297.74,$294.60
05/04/2023,$291.79,946905,$290.16,$293.64,$288.74
05/03/2023,$277.64,330144,$278.79,$281.51,$277.46
05/02/2023,$275.78,298341,$274.26,$276.32,$273.39
05/01/2023,$279.14,162976,$279.58,$280.215,$278.66
04/28/2023,$278.64,383510,$275.26,$278.965,$274.62
04/27/2023,$278.24,466282,$276.38,$278.87,$275.30
04/26/2023,$275.41,325077,$278.22,$279.24,$274.63
04/25/2023,$277.21,249792,$279.96,$280.18,$277.14
04/24/2023,$280.19,315999,$278.84,$280.6443,$278.84
04/21/2023,$278.03,324276,$276.81,$278.775,$274.78
04/20/2023,$276.00,428850,$273.20,$276.66,$272.70
04/19/2023,$278.63,271918,$279.96,$280.19,$278.22
04/18/2023,$280.60,309429,$280.14,$281.64,$278.9255
04/17/2023,$281.04,337551,$280.62,$281.3999,$277.92
04/14/2023,$285.53,462004,$284.94,$286.61,$284.35
04/13/2023,$282.94,679817,$283.00,$284.86,$279.72
04/12/2023,$276.63,294202,$277.38,$278.195,$275.935
04/11/2023,$274.22,227469,$274.26,$275.63,$273.50
04/10/2023,$272.99,202380,$270.08,$273.299,$270.0769
04/06/2023,$271.94,402670,$269.50,$273.72,$269.50
04/05/2023,$270.55,364833,$274.99,$275.28,$269.50
04/04/2023,$270.83,194449,$273.38,$273.66,$270.205
04/03/2023,$270.94,186353,$270.20,$271.52,$268.80
03/31/2023,$270.94,237301,$270.72,$272.11,$270.19
03/30/2023,$268.90,251420,$269.28,$270.00,$267.80
03/29/2023,$268.87,186101,$269.79,$270.24,$267.96
03/28/2023,$266.31,200546,$266.81,$266.95,$264.90
03/27/2023,$266.17,237063,$268.20,$268.63,$265.45
03/24/2023,$265.37,326803,$264.23,$265.715,$261.26
03/23/2023,$266.12,327289,$269.04,$270.72,$264.2231
03/22/2023,$265.17,284167,$269.06,$271.00,$265.17
03/21/2023,$266.64,262062,$265.70,$267.30,$265.22
03/20/2023,$262.48,262439,$262.74,$263.74,$260.64
03/17/2023,$259.20,354461,$258.34,$260.36,$256.98
03/16/2023,$264.36,417371,$256.32,$265.31,$256.32
03/15/2023,$256.29,405897,$254.29,$257.00,$252.17
03/14/2023,$262.90,419836,$262.56,$263.79,$260.58
03/13/2023,$260.06,310483,$258.20,$261.65,$257.82
03/10/2023,$261.23,476420,$265.77,$265.77,$259.35
03/09/2023,$264.68,242317,$268.15,$268.77,$263.13
03/08/2023,$269.66,164969,$268.57,$270.7599,$267.33
03/07/2023,$268.67,269532,$273.54,$274.08,$268.14
03/06/2023,$270.36,752102,$273.50,$273.84,$269.93
03/03/2023,$271.45,494889,$271.90,$273.145,$270.535
03/02/2023,$264.58,203532,$262.32,$265.05,$261.50
03/01/2023,$262.72,203333,$265.70,$265.80,$262.14
02/28/2023,$260.37,351656,$259.72,$262.09,$258.885
02/27/2023,$261.36,195667,$260.88,$262.60,$260.52
02/24/2023,$259.11,246197,$257.70,$260.02,$257.08
02/23/2023,$262.15,257958,$263.96,$264.62,$261.26
02/22/2023,$260.60,286922,$261.81,$262.285,$259.57
02/21/2023,$262.80,331820,$263.04,$263.62,$261.78
02/17/2023,$266.88,251932,$264.89,$267.59,$264.36
02/16/2023,$265.88,217459,$265.31,$268.705,$264.135
02/15/2023,$267.23,282688,$263.99,$267.305,$263.99
02/14/2023,$265.61,198152,$261.25,$266.20,$260.98
02/13/2023,$263.44,231954,$261.61,$264.90,$261.16
02/10/2023,$259.68,564682,$258.30,$260.13,$256.92
02/09/2023,$266.31,306747,$269.58,$270.12,$265.07
02/08/2023,$266.56,445386,$266.46,$267.84,$265.15
02/07/2023,$266.91,464879,$262.51,$267.25,$262.2775
02/06/2023,$261.31,395256,$260.40,$263.01,$258.96
02/03/2023,$260.04,776288,$260.45,$264.00,$259.70
02/02/2023,$265.48,1191522,$265.20,$270.35,$262.61
02/01/2023,$253.32,786090,$249.81,$256.46,$249.23
01/31/2023,$251.31,708699,$246.60,$251.59,$246.51
01/30/2023,$251.25,481326,$253.75,$255.06,$250.60
01/27/2023,$253.72,802881,$248.82,$256.0816,$248.82
01/26/2023,$247.77,362527,$246.76,$248.5033,$246.30
01/25/2023,$245.58,275225,$242.76,$245.78,$242.36
01/24/2023,$244.04,283729,$242.70,$244.435,$241.81
01/23/2023,$243.64,373090,$241.95,$245.28,$241.66
01/20/2023,$242.38,311844,$240.20,$242.50,$239.52
01/19/2023,$237.99,605164,$239.45,$240.00,$236.67
01/18/2023,$239.71,566282,$241.94,$242.64,$239.71
01/17/2023,$237.86,340249,$237.36,$239.796,$237.36
01/13/2023,$235.92,186410,$234.78,$236.45,$234.61
01/12/2023,$235.84,329921,$234.12,$237.10,$232.67
01/11/2023,$233.71,332667,$232.96,$234.88,$232.44
01/10/2023,$231.95,297697,$230.10,$232.13,$229.26
01/09/2023,$228.77,564721,$230.00,$232.75,$228.77
01/06/2023,$224.08,212888,$216.84,$224.805,$216.20
01/05/2023,$216.08,205865,$217.25,$218.45,$215.77
01/04/2023,$219.67,354740,$219.20,$219.67,$216.61
01/03/2023,$215.37,316417,$216.66,$218.76,$213.97
12/30/2022,$214.22,141175,$215.54,$216.29,$212.805
12/29/2022,$216.59,189270,$213.79,$216.9285,$213.70
12/28/2022,$210.25,163221,$212.00,$213.24,$210.035
12/27/2022,$212.00,190278,$211.80,$212.97,$210.30
12/23/2022,$211.01,221986,$210.80,$212.31,$209.88
12/22/2022,$212.56,180640,$213.20,$213.36,$210.35
12/21/2022,$213.90,335031,$213.78,$215.02,$213.54
12/20/2022,$214.09,208835,$213.45,$214.98,$213.21
12/19/2022,$216.13,192705,$218.38,$218.38,$216.08
12/16/2022,$218.11,155983,$221.05,$222.33,$218.11
12/15/2022,$222.40,221635,$224.03,$224.58,$221.16
12/14/2022,$225.18,205327,$225.92,$227.32,$224.11
12/13/2022,$225.49,343295,$229.22,$230.172,$222.93
12/12/2022,$222.53,146964,$222.29,$222.765,$221.00
12/09/2022,$220.72,150145,$219.98,$221.54,$219.42
12/08/2022,$220.33,228792,$219.63,$220.69,$218.70
12/07/2022,$220.08,194842,$220.99,$222.72,$219.77
12/06/2022,$221.10,301270,$223.49,$223.83,$218.95
12/05/2022,$223.68,372259,$226.92,$227.04,$223.68
12/02/2022,$226.58,353796,$224.64,$226.68,$223.41
12/01/2022,$228.08,299276,$226.18,$228.40,$224.94
11/30/2022,$223.05,282572,$219.65,$223.05,$218.08
11/29/2022,$215.22,223485,$215.55,$217.12,$215.075
11/28/2022,$215.95,203573,$218.97,$219.89,$215.83
11/25/2022,$218.14,70239,$217.58,$218.90,$217.56
11/23/2022,$217.59,213219,$216.61,$218.495,$216.45
11/22/2022,$216.36,162567,$214.91,$217.02,$214.485
11/21/2022,$214.12,181731,$214.86,$216.00,$213.935
11/18/2022,$216.33,143507,$214.43,$216.43,$213.60
11/17/2022,$213.55,347902,$211.10,$213.8025,$210.95
11/16/2022,$213.94,194146,$214.40,$215.16,$213.30
11/15/2022,$215.44,289817,$215.94,$216.89,$212.58
11/14/2022,$212.76,341892,$215.90,$216.59,$212.76
11/11/2022,$216.86,439650,$215.00,$218.54,$214.41
11/10/2022,$212.80,445961,$211.88,$214.23,$210.8224
11/09/2022,$201.49,261326,$202.24,$205.12,$201.25
11/08/2022,$204.30,385933,$202.18,$206.36,$201.96
11/07/2022,$199.89,298693,$200.42,$201.00,$198.645
11/04/2022,$199.20,565414,$201.69,$203.00,$197.22
11/03/2022,$192.52,528181,$189.16,$193.78,$188.93
11/02/2022,$191.59,595192,$192.90,$197.635,$190.2894
11/01/2022,$196.96,299167,$200.86,$201.72,$195.60
10/31/2022,$196.77,277854,$196.74,$198.10,$195.27
10/28/2022,$198.65,356648,$196.62,$199.17,$195.82
10/27/2022,$196.29,261208,$198.76,$199.205,$196.08
10/26/2022,$197.18,257444,$195.66,$199.44,$195.36
10/25/2022,$196.51,352680,$194.14,$198.8925,$194.07
10/24/2022,$191.73,399656,$189.50,$192.78,$189.41
10/21/2022,$188.37,285816,$184.90,$188.69,$184.15
10/20/2022,$186.66,260608,$187.57,$189.67,$185.57
10/19/2022,$187.57,179091,$189.12,$189.71,$186.10
10/18/2022,$191.02,264302,$192.74,$193.48,$189.89
10/17/2022,$188.59,308494,$186.72,$189.09,$185.90
10/14/2022,$180.63,388203,$185.58,$186.27,$180.57
10/13/2022,$183.45,463097,$178.00,$184.00,$176.82
10/12/2022,$182.50,319567,$183.00,$184.31,$182.00
10/11/2022,$183.15,322013,$183.35,$186.00,$182.00
10/10/2022,$182.11,493543,$184.58,$184.85,$181.02
10/07/2022,$185.00,340508,$187.44,$187.57,$184.70
10/06/2022,$190.88,332688,$190.74,$192.24,$189.211
10/05/2022,$193.52,361240,$189.41,$194.65,$187.43
10/04/2022,$193.78,509600,$192.53,$196.05,$192.53
10/03/2022,$186.70,412911,$183.86,$187.76,$182.79
09/30/2022,$185.00,282575,$184.85,$188.23,$184.57
09/29/2022,$186.42,444637,$185.64,$186.91,$183.15
09/28/2022,$191.23,433223,$187.18,$191.79,$185.42
09/27/2022,$189.19,413859,$190.20,$191.12,$186.53
09/26/2022,$186.43,275190,$187.28,$190.31,$185.74
09/23/2022,$186.25,577146,$186.55,$186.63,$183.63
09/22/2022,$189.13,527210,$191.34,$191.58,$187.85
09/21/2022,$192.48,421299,$192.78,$196.74,$192.10
09/20/2022,$194.00,578693,$194.70,$194.96,$191.98
09/19/2022,$198.44,183248,$194.71,$198.53,$194.71
09/16/2022,$196.90,355542,$196.38,$197.44,$195.24
09/15/2022,$196.64,290818,$198.44,$201.36,$196.47
09/14/2022,$199.62,437736,$198.80,$201.08,$197.98
09/13/2022,$195.52,339273,$197.72,$198.43,$195.03
09/12/2022,$201.97,321125,$200.48,$202.81,$200.48
09/09/2022,$195.80,266507,$197.18,$197.82,$195.57
09/08/2022,$193.71,245902,$190.30,$194.00,$189.30
09/07/2022,$195.27,156592,$192.24,$195.42,$191.88
09/06/2022,$190.35,444751,$188.71,$191.12,$187.17
09/02/2022,$191.18,334878,$196.02,$198.17,$190.39
09/01/2022,$193.85,308647,$192.50,$194.05,$190.08
08/31/2022,$194.66,325823,$195.64,$196.32,$193.80
08/30/2022,$195.43,375863,$199.25,$199.98,$194.55
08/29/2022,$198.99,271326,$198.37,$200.16,$198.08
08/26/2022,$197.79,279488,$204.50,$205.41,$197.75
08/25/2022,$206.92,202812,$204.56,$207.09,$203.95
08/24/2022,$203.60,173750,$201.48,$205.21,$201.24
08/23/2022,$201.90,211759,$201.48,$204.53,$201.48
08/22/2022,$200.56,473421,$202.50,$203.58,$199.695
08/19/2022,$207.04,220149,$208.74,$208.86,$205.57
08/18/2022,$212.37,252753,$211.08,$212.38,$209.53
08/17/2022,$211.38,221173,$210.84,$213.36,$209.35
08/16/2022,$212.16,288296,$209.95,$212.80,$209.53
08/15/2022,$214.66,96468,$214.54,$215.39,$213.53
08/12/2022,$215.81,176776,$214.72,$215.83,$214.01
08/11/2022,$215.27,299880,$216.62,$216.78,$214.40
08/10/2022,$215.00,181307,$215.85,$216.84,$214.06
08/09/2022,$210.47,246098,$212.79,$212.83,$210.00
08/08/2022,$213.56,212811,$213.30,$215.4033,$212.925
08/05/2022,$211.94,310627,$212.15,$213.84,$210.70
08/04/2022,$216.00,276416,$215.78,$217.47,$214.20
08/03/2022,$215.70,349063,$211.84,$216.025,$211.01
08/02/2022,$211.04,422205,$211.38,$214.44,$210.5476
08/01/2022,$213.21,380093,$213.89,$214.54,$211.73
07/29/2022,$211.23,337618,$209.40,$211.25,$208.44
07/28/2022,$207.49,420305,$205.02,$208.718,$203.70
07/27/2022,$200.73,368497,$198.25,$201.19,$197.05
07/26/2022,$195.65,261437,$197.86,$198.16,$194.86
07/25/2022,$201.61,265008,$203.30,$203.61,$201.00
07/22/2022,$200.43,207772,$202.62,$204.4199,$200.04
07/21/2022,$202.04,361160,$198.18,$202.20,$198.18
07/20/2022,$195.59,421319,$195.85,$198.095,$194.35
07/19/2022,$198.98,537568,$200.22,$201.60,$198.81
07/18/2022,$195.08,547661,$198.98,$199.62,$195.0201
07/15/2022,$193.47,469477,$191.39,$195.55,$190.72
07/14/2022,$188.75,466058,$188.97,$190.31,$185.3175
07/13/2022,$191.12,263798,$187.04,$192.00,$186.58
07/12/2022,$188.86,446747,$191.64,$192.45,$188.68
07/11/2022,$190.68,427357,$192.77,$193.84,$190.47
07/08/2022,$193.63,240693,$191.46,$194.98,$191.46
07/07/2022,$192.57,235218,$190.84,$192.75,$190.74
07/06/2022,$189.81,267155,$188.81,$190.49,$186.24
07/05/2022,$189.98,300725,$185.46,$190.12,$184.86
07/01/2022,$187.94,338259,$183.12,$187.97,$182.82
06/30/2022,$183.48,449880,$181.34,$185.41,$179.27
06/29/2022,$184.80,456741,$182.92,$185.445,$182.04
06/28/2022,$185.07,342058,$188.34,$189.96,$184.99
06/27/2022,$186.46,458525,$188.92,$189.48,$186.35
06/24/2022,$191.94,367387,$186.76,$192.06,$186.50
06/23/2022,$185.61,375848,$183.84,$186.12,$182.82
06/22/2022,$183.75,609010,$181.36,$185.54,$181.02
06/21/2022,$184.43,621215,$183.50,$185.49,$182.91
06/17/2022,$176.03,788745,$175.88,$177.35,$173.241
06/16/2022,$174.06,802305,$176.90,$180.025,$172.72
06/15/2022,$176.87,682213,$172.81,$178.57,$172.43
06/14/2022,$168.75,640909,$171.43,$172.22,$167.45
06/13/2022,$171.51,659771,$174.12,$175.44,$171.21
06/10/2022,$181.82,416837,$182.79,$183.68,$180.67
06/09/2022,$187.45,614720,$189.31,$194.43,$186.95
06/08/2022,$191.87,499527,$191.56,$194.84,$190.76
06/07/2022,$191.16,336995,$189.40,$191.41,$187.92
06/06/2022,$193.27,279685,$192.60,$194.25,$191.46
06/03/2022,$189.71,535700,$192.61,$193.95,$189.435
06/02/2022,$197.88,404449,$190.90,$198.00,$190.7756
06/01/2022,$189.17,558454,$192.01,$192.90,$187.76
05/31/2022,$194.97,461354,$195.78,$196.70,$193.2231
05/27/2022,$201.86,437837,$200.40,$201.87,$199.77
05/26/2022,$197.02,417270,$192.12,$198.14,$192.12
05/25/2022,$191.04,269066,$188.09,$192.635,$188.02
05/24/2022,$190.52,302564,$190.33,$191.28,$188.61
05/23/2022,$189.66,405536,$188.53,$190.84,$186.961
05/20/2022,$189.48,643743,$192.05,$193.20,$184.6301
05/19/2022,$188.44,666644,$183.50,$190.02,$183.18
05/18/2022,$183.17,882308,$188.38,$189.00,$181.67
05/17/2022,$192.37,808669,$191.60,$193.36,$190.18
05/16/2022,$187.61,599742,$192.51,$192.51,$186.97
05/13/2022,$193.91,494144,$191.03,$196.22,$190.20
05/12/2022,$188.99,629046,$185.50,$190.80,$183.972
05/11/2022,$188.50,519241,$190.12,$195.13,$188.33
05/10/2022,$190.71,909725,$194.45,$194.88,$187.725
05/09/2022,$190.56,597877,$192.91,$194.11,$190.35
05/06/2022,$197.86,693694,$199.09,$200.45,$194.70
05/05/2022,$202.06,565901,$206.40,$206.40,$199.45
05/04/2022,$211.75,1332304,$208.78,$212.45,$202.95
05/03/2022,$214.23,382896,$214.14,$215.86,$212.61
05/02/2022,$210.56,281022,$209.50,$211.08,$206.82
04/29/2022,$209.74,317850,$213.13,$215.88,$209.58
04/28/2022,$214.04,256769,$210.68,$215.42,$208.80
04/27/2022,$207.89,288792,$205.79,$210.045,$205.73
04/26/2022,$205.79,528009,$211.44,$211.68,$204.55
04/25/2022,$213.37,306243,$209.03,$213.40,$208.63
04/22/2022,$210.46,400881,$214.26,$215.40,$210.31
04/21/2022,$216.89,399548,$223.32,$225.96,$216.84
04/20/2022,$221.64,208259,$223.35,$224.16,$221.34
04/19/2022,$222.85,261458,$217.82,$222.97,$217.48
04/18/2022,$220.50,190033,$219.99,$222.61,$219.00
04/14/2022,$219.99,275268,$223.74,$224.76,$219.335
04/13/2022,$223.47,235418,$218.22,$223.96,$218.106
04/12/2022,$221.71,369420,$225.71,$226.56,$220.38
04/11/2022,$220.76,595217,$219.24,$223.30,$218.58
04/08/2022,$219.51,356426,$217.92,$222.28,$217.74
04/07/2022,$221.40,458763,$221.36,$222.30,$216.90
04/06/2022,$220.20,553786,$221.24,$221.85,$218.00
04/05/2022,$225.78,620142,$228.84,$230.28,$224.65
04/04/2022,$231.43,754655,$229.62,$232.14,$228.24
04/01/2022,$221.08,264555,$220.43,$221.82,$218.36
03/31/2022,$218.09,462850,$222.32,$222.96,$217.92
03/30/2022,$221.19,362492,$222.39,$224.40,$219.97
03/29/2022,$222.89,586540,$224.24,$225.58,$219.08
03/28/2022,$214.44,385361,$215.00,$217.03,$213.21
03/25/2022,$213.34,296661,$214.16,$214.56,$210.73
03/24/2022,$213.12,322830,$209.90,$213.79,$208.61
03/23/2022,$207.88,518935,$210.01,$210.48,$207.47
03/22/2022,$212.39,621547,$211.11,$214.95,$211.11
03/21/2022,$207.54,263451,$210.00,$210.3356,$205.58
03/18/2022,$209.61,359491,$204.82,$210.52,$204.80
03/17/2022,$209.53,376198,$204.88,$209.72,$204.60
03/16/2022,$208.90,631937,$201.32,$209.06,$201.24
03/15/2022,$195.20,275796,$193.45,$195.30,$192.5089
03/14/2022,$192.93,423551,$194.49,$197.0017,$192.24
03/11/2022,$190.45,459482,$195.26,$195.54,$189.75
03/10/2022,$192.96,658159,$193.80,$194.52,$189.77
03/09/2022,$197.72,731879,$195.91,$199.20,$193.515
03/08/2022,$181.48,1001360,$186.70,$188.93,$178.87
03/07/2022,$183.25,941746,$195.28,$195.90,$181.34
03/04/2022,$198.41,753798,$200.71,$201.19,$196.68
03/03/2022,$203.74,341135,$211.08,$211.38,$203.39
03/02/2022,$210.06,321315,$208.98,$211.2661,$208.03
03/01/2022,$208.48,357722,$214.90,$215.37,$207.63
02/28/2022,$215.31,376454,$212.04,$218.00,$211.68
02/25/2022,$213.42,460266,$212.20,$215.46,$210.30
02/24/2022,$215.55,732823,$204.88,$215.875,$204.3001
02/23/2022,$215.30,301242,$221.03,$221.45,$215.07
02/22/2022,$216.43,344185,$217.00,$219.90,$214.04
02/18/2022,$220.38,256321,$221.22,$222.13,$219.16
02/17/2022,$220.97,196542,$225.57,$225.605,$220.97
02/16/2022,$224.07,241522,$223.54,$224.77,$221.13
02/15/2022,$224.24,357877,$224.78,$226.10,$223.551
02/14/2022,$218.21,433397,$217.72,$219.89,$216.53
02/11/2022,$218.17,773082,$222.50,$223.98,$216.19
02/10/2022,$224.50,443945,$225.10,$229.4201,$224.2301
02/09/2022,$233.80,345365,$231.90,$234.505,$231.06
02/08/2022,$227.09,578437,$221.35,$228.04,$220.08
02/07/2022,$225.52,577688,$225.95,$228.18,$224.06
02/04/2022,$230.13,268290,$227.74,$231.54,$226.65
02/03/2022,$229.53,288674,$232.65,$235.01,$229.28
02/02/2022,$238.41,551767,$237.00,$239.06,$235.37
02/01/2022,$235.49,551607,$233.99,$235.71,$231.18
01/31/2022,$230.96,818748,$225.52,$232.12,$225.23
01/28/2022,$226.98,280198,$222.56,$226.98,$221.0001
01/27/2022,$221.12,400149,$225.48,$225.59,$220.54
01/26/2022,$226.26,406124,$228.05,$232.87,$224.17
01/25/2022,$226.66,385526,$225.44,$229.35,$224.17
01/24/2022,$231.72,476195,$227.07,$231.73,$221.4284
01/21/2022,$232.31,391185,$234.18,$235.77,$231.89
01/20/2022,$236.60,293525,$240.24,$243.30,$236.26
01/19/2022,$239.08,448806,$241.25,$242.11,$237.915
01/18/2022,$236.65,326103,$238.48,$239.735,$236.20
01/14/2022,$245.39,346460,$246.40,$247.26,$242.50
01/13/2022,$251.01,251903,$256.08,$257.94,$250.86
01/12/2022,$258.41,240665,$256.66,$259.50,$256.26
01/11/2022,$254.34,331205,$251.54,$254.68,$250.11
01/10/2022,$254.22,586846,$252.03,$254.58,$249.17
01/07/2022,$257.02,276553,$257.52,$258.60,$254.12
01/06/2022,$261.58,302011,$262.49,$263.04,$259.00
01/05/2022,$262.79,278734,$268.67,$268.81,$262.19
01/04/2022,$269.19,691934,$261.78,$271.95,$261.78
01/03/2022,$259.49,192647,$259.40,$259.87,$256.84
12/31/2021,$258.82,132966,$256.64,$260.43,$256.64
12/30/2021,$256.83,168166,$257.05,$259.69,$256.76
12/29/2021,$257.80,119366,$256.50,$258.09,$255.23
12/28/2021,$257.50,142275,$258.31,$258.6931,$257.10
12/27/2021,$258.14,169231,$254.68,$258.56,$254.28
12/23/2021,$253.46,223277,$250.00,$254.48,$249.84
12/22/2021,$250.70,243147,$247.30,$251.65,$247.02
12/21/2021,$249.02,456126,$249.40,$249.97,$246.84
12/20/2021,$249.60,520460,$250.44,$251.06,$247.685
12/17/2021,$252.51,441993,$253.80,$256.30,$252.271
12/16/2021,$256.58,301157,$259.13,$260.04,$256.01
12/15/2021,$260.47,605820,$258.50,$260.52,$255.91
12/14/2021,$253.31,449770,$256.26,$256.7399,$251.89
12/13/2021,$258.40,192644,$259.88,$260.81,$257.71
12/10/2021,$261.30,413642,$259.80,$261.50,$258.85
12/09/2021,$260.25,313664,$263.55,$264.30,$259.755
12/08/2021,$267.07,288160,$267.72,$268.42,$264.0776
12/07/2021,$265.90,290072,$263.64,$266.9975,$263.15
12/06/2021,$258.53,367008,$258.89,$261.32,$256.87
12/03/2021,$258.81,284567,$261.90,$262.59,$256.80
12/02/2021,$262.48,464952,$260.40,$263.75,$260.23
12/01/2021,$256.86,364075,$263.72,$264.59,$256.85
11/30/2021,$260.46,380756,$266.42,$267.66,$259.71
11/29/2021,$265.77,224487,$266.10,$267.82,$265.07
11/26/2021,$262.71,273890,$264.54,$265.89,$261.23
11/24/2021,$268.33,257891,$264.06,$268.855,$263.90
11/23/2021,$266.96,516710,$271.38,$271.80,$264.96
11/22/2021,$275.30,724495,$275.37,$278.78,$273.00
11/19/2021,$271.31,456714,$268.80,$271.90,$268.14
11/18/2021,$265.80,362725,$266.84,$267.45,$264.42
11/17/2021,$266.28,851879,$263.52,$268.50,$262.28
11/16/2021,$257.89,195546,$258.66,$259.745,$257.48
11/15/2021,$258.85,139727,$260.19,$260.29,$258.28
11/12/2021,$258.57,330130,$259.80,$260.9471,$258.30
11/11/2021,$258.10,353051,$256.14,$258.44,$255.06
11/10/2021,$252.98,428518,$254.95,$256.88,$252.72
11/09/2021,$256.67,381698,$260.88,$261.00,$256.285
11/08/2021,$260.73,285800,$262.36,$263.94,$260.73
11/05/2021,$262.52,628728,$266.22,$266.67,$261.52
11/04/2021,$257.33,405825,$256.45,$258.32,$254.76
11/03/2021,$255.68,1116900,$261.67,$261.96,$253.59
11/02/2021,$248.81,601822,$240.06,$249.01,$239.39
11/01/2021,$239.74,834670,$241.35,$244.12,$238.90
10/29/2021,$237.17,874532,$235.16,$237.54,$235.02
10/28/2021,$235.06,516097,$236.30,$238.00,$234.53
10/27/2021,$231.44,284539,$230.64,$232.83,$230.00
10/26/2021,$230.00,894631,$236.32,$236.52,$229.90
10/25/2021,$231.01,397997,$227.36,$232.775,$226.42
10/22/2021,$223.00,124780,$224.40,$224.49,$222.24
10/21/2021,$224.61,115107,$224.04,$225.70,$223.67
10/20/2021,$223.04,198276,$224.39,$224.82,$222.87
10/19/2021,$224.69,265164,$223.74,$225.81,$223.46
10/18/2021,$222.40,147866,$222.12,$223.18,$221.16
10/15/2021,$224.42,274559,$222.73,$224.43,$222.09
10/14/2021,$223.34,319739,$217.87,$223.40,$217.14
10/13/2021,$214.05,472371,$217.02,$217.02,$213.8446
10/12/2021,$215.62,217928,$215.70,$217.39,$215.04
10/11/2021,$215.16,408468,$213.36,$217.16,$212.55
10/08/2021,$212.90,229747,$212.22,$214.92,$211.87
10/07/2021,$211.22,216826,$209.47,$212.47,$209.34
10/06/2021,$207.58,165886,$206.15,$208.06,$206.00
10/05/2021,$209.71,227087,$206.72,$211.29,$206.33
10/04/2021,$207.24,230832,$207.84,$208.26,$205.69
10/01/2021,$209.19,119413,$209.83,$210.47,$207.59
09/30/2021,$209.12,307363,$208.28,$210.47,$207.78
09/29/2021,$209.38,155071,$212.42,$212.46,$209.30
09/28/2021,$211.31,311677,$215.12,$215.12,$210.51
09/27/2021,$216.55,245177,$215.85,$217.59,$214.36
09/24/2021,$217.46,111626,$215.74,$217.61,$215.74
09/23/2021,$217.12,131631,$217.19,$217.89,$215.88
09/22/2021,$215.84,216314,$214.57,$216.76,$213.88
09/21/2021,$214.71,296254,$214.78,$215.58,$214.0201
09/20/2021,$213.17,246174,$212.45,$213.78,$211.68
09/17/2021,$216.39,194441,$218.51,$218.52,$215.60
09/16/2021,$218.86,282915,$221.82,$222.38,$218.30
09/15/2021,$221.48,377024,$221.64,$222.00,$219.12
09/14/2021,$220.78,331161,$221.72,$223.21,$220.59
09/13/2021,$219.29,287790,$220.64,$220.64,$216.9601
09/10/2021,$219.10,375871,$222.67,$222.82,$219.04
09/09/2021,$219.55,496309,$223.54,$223.58,$219.38
09/08/2021,$219.34,169347,$219.48,$220.43,$219.01
09/07/2021,$220.53,224984,$220.36,$220.68,$218.83
09/03/2021,$218.78,99084,$219.32,$219.66,$218.28
09/02/2021,$219.52,170672,$219.96,$220.64,$219.04
09/01/2021,$217.47,174460,$217.53,$219.28,$217.28
08/31/2021,$217.40,133103,$216.91,$217.66,$215.77
08/30/2021,$217.59,189321,$216.65,$218.88,$215.82
08/27/2021,$216.32,98659,$214.62,$217.34,$214.62
08/26/2021,$214.64,131108,$215.63,$216.66,$214.44
08/25/2021,$217.98,156898,$216.54,$218.765,$216.30
08/24/2021,$215.09,240542,$215.00,$217.74,$214.61
08/23/2021,$217.14,263689,$213.85,$217.32,$213.60
08/20/2021,$214.12,273978,$211.00,$214.25,$210.84
08/19/2021,$213.16,167010,$211.98,$214.05,$211.79
08/18/2021,$218.35,133205,$219.79,$220.39,$218.35
08/17/2021,$219.25,501493,$222.83,$223.26,$218.585
08/16/2021,$225.87,235718,$225.49,$226.1711,$223.70
08/13/2021,$225.88,224275,$225.63,$227.48,$225.59
08/12/2021,$223.25,95409,$224.10,$224.10,$222.755
08/11/2021,$224.04,139655,$223.54,$224.27,$222.56
08/10/2021,$221.20,165177,$222.59,$222.76,$220.90
08/09/2021,$222.12,222152,$221.00,$222.935,$220.93
08/06/2021,$219.46,154358,$220.43,$220.95,$219.28
08/05/2021,$219.42,335543,$216.55,$219.53,$216.14
08/04/2021,$211.74,335706,$212.85,$213.30,$210.50
08/03/2021,$211.30,479074,$211.65,$211.98,$208.03
08/02/2021,$212.15,514679,$216.84,$217.18,$211.65
07/30/2021,$218.29,533503,$218.00,$219.45,$217.81
07/29/2021,$216.24,308685,$214.07,$216.42,$213.82
07/28/2021,$212.24,224888,$210.65,$212.80,$210.17
07/27/2021,$211.39,242151,$212.21,$212.21,$210.15
07/26/2021,$211.99,197608,$211.16,$212.04,$210.90
07/23/2021,$212.11,322656,$209.81,$212.45,$209.43
07/22/2021,$207.21,159628,$206.75,$207.21,$205.61
07/21/2021,$205.61,123773,$205.15,$206.63,$204.81
07/20/2021,$204.14,176896,$202.48,$204.25,$201.93
07/19/2021,$204.11,227382,$204.40,$205.312,$203.25
07/16/2021,$206.89,231095,$207.11,$211.22,$206.02
07/15/2021,$206.84,384630,$206.84,$207.31,$204.36
07/14/2021,$210.32,197728,$210.01,$210.78,$209.73
07/13/2021,$209.66,108554,$208.93,$209.88,$208.79
07/12/2021,$209.58,165344,$210.62,$210.62,$209.19
07/09/2021,$209.08,244707,$208.48,$209.38,$207.58
07/08/2021,$205.66,242235,$204.83,$207.2588,$203.8001
07/07/2021,$207.03,260516,$206.96,$207.575,$204.80
07/06/2021,$205.86,239865,$206.79,$207.0061,$205.04
07/02/2021,$206.79,233064,$204.73,$207.66,$203.87
07/01/2021,$203.56,155646,$204.81,$205.05,$203.05
06/30/2021,$206.05,166748,$206.35,$206.93,$205.23
06/29/2021,$206.87,149611,$206.99,$207.45,$206.14
06/28/2021,$205.42,108025,$205.07,$206.075,$204.40
06/25/2021,$204.22,352201,$204.05,$204.90,$202.55
06/24/2021,$203.28,318176,$201.78,$203.72,$201.42
06/23/2021,$200.11,230895,$201.08,$201.08,$199.63
06/22/2021,$201.49,228263,$202.08,$202.08,$200.25
06/21/2021,$202.18,252791,$201.51,$203.13,$201.00
06/18/2021,$200.09,196300,$200.46,$200.81,$199.75
06/17/2021,$200.92,620644,$197.59,$202.24,$197.33
06/16/2021,$202.75,403186,$202.89,$203.52,$201.33
06/15/2021,$204.50,498398,$204.24,$204.80,$203.1334
06/14/2021,$205.28,405277,$203.72,$205.77,$202.535
06/11/2021,$211.31,132568,$211.00,$211.34,$209.95
06/10/2021,$211.65,255573,$212.40,$213.24,$210.93
06/09/2021,$212.18,314406,$214.70,$216.77,$212.18
06/08/2021,$218.82,405626,$220.77,$221.4555,$217.57
06/07/2021,$219.37,243953,$218.81,$220.055,$218.45
06/04/2021,$216.88,265552,$217.25,$218.14,$216.23
06/03/2021,$215.43,268024,$214.41,$216.255,$213.78
06/02/2021,$214.41,191807,$212.36,$214.47,$212.10
06/01/2021,$212.70,260640,$213.21,$213.22,$211.01
05/28/2021,$210.91,262755,$209.98,$211.59,$209.36
05/27/2021,$210.00,310352,$211.86,$213.69,$209.92
05/26/2021,$212.52,337495,$212.37,$213.39,$211.62
05/25/2021,$213.01,206162,$212.25,$213.82,$211.92
05/24/2021,$212.22,205722,$211.50,$212.94,$211.39
05/21/2021,$211.23,230826,$211.07,$211.81,$210.27
05/20/2021,$208.10,184522,$206.00,$208.39,$205.70
05/19/2021,$202.75,167405,$200.69,$203.02,$200.54
05/18/2021,$203.58,240060,$202.94,$204.79,$202.70
05/17/2021,$201.65,131681,$199.58,$201.72,$199.25
05/14/2021,$198.65,133213,$198.74,$199.53,$197.92
05/13/2021,$197.24,152691,$197.83,$198.508,$195.34
05/12/2021,$195.57,213923,$198.04,$199.56,$195.46
05/11/2021,$197.88,195200,$196.75,$198.83,$195.79
05/10/2021,$199.56,189710,$199.44,$201.40,$198.81
05/07/2021,$200.50,389386,$198.90,$201.66,$197.99
05/06/2021,$200.11,540656,$201.25,$202.15,$198.95
05/05/2021,$203.25,305049,$205.73,$205.85,$201.61
05/04/2021,$202.98,1148325,$208.80,$209.45,$200.85
05/03/2021,$217.98,462367,$219.37,$220.96,$217.98
04/30/2021,$213.39,131244,$215.39,$215.82,$213.01
04/29/2021,$216.45,260183,$216.93,$217.27,$214.72
04/28/2021,$217.58,144088,$217.55,$218.94,$217.01
04/27/2021,$218.95,177602,$218.51,$219.69,$217.97
04/26/2021,$218.05,265860,$216.95,$218.225,$216.03
04/23/2021,$215.90,233326,$214.14,$215.98,$213.67
04/22/2021,$213.08,240731,$214.33,$214.37,$212.1637
04/21/2021,$214.75,239316,$209.33,$215.21,$209.16
04/20/2021,$209.85,294392,$209.00,$210.01,$207.42
04/19/2021,$212.20,177436,$212.63,$212.73,$210.575
04/16/2021,$212.00,198728,$210.95,$212.64,$210.55
04/15/2021,$210.95,959663,$211.03,$212.00,$208.94
04/14/2021,$207.42,877866,$211.65,$211.65,$206.86
04/13/2021,$210.20,236778,$210.35,$211.49,$209.60
04/12/2021,$211.98,450617,$209.17,$212.42,$208.2296
04/09/2021,$209.20,238248,$207.74,$209.74,$206.54
04/08/2021,$209.17,236505,$208.63,$209.955,$207.9907
04/07/2021,$208.80,326795,$207.68,$210.18,$207.31
04/06/2021,$209.19,260631,$208.97,$210.41,$208.325
04/05/2021,$213.52,421878,$210.30,$214.53,$209.60
04/01/2021,$208.04,487014,$209.98,$211.38,$207.56
03/31/2021,$209.28,325886,$209.00,$210.37,$208.61
03/30/2021,$208.77,525364,$203.48,$208.95,$203.27
03/29/2021,$204.43,370569,$203.72,$205.50,$202.87
03/26/2021,$204.26,650420,$203.11,$204.80,$201.54
03/25/2021,$203.95,410089,$199.29,$204.28,$199.13
03/24/2021,$200.35,366610,$201.06,$202.29,$199.265
03/23/2021,$202.82,510423,$206.64,$206.85,$202.27
03/22/2021,$208.06,659085,$201.81,$209.41,$201.30
03/19/2021,$197.06,449413,$196.39,$197.26,$193.45
03/18/2021,$194.65,301349,$194.26,$195.62,$193.45
03/17/2021,$197.54,158677,$195.40,$197.8799,$194.3601
03/16/2021,$196.62,343103,$197.22,$197.33,$194.485
03/15/2021,$195.63,136085,$195.24,$195.78,$193.90
03/12/2021,$195.81,142515,$193.90,$196.15,$192.78
03/11/2021,$196.82,452476,$197.92,$197.92,$195.51
03/10/2021,$191.83,277926,$194.43,$194.43,$191.80
03/09/2021,$193.03,347797,$192.96,$194.9476,$192.745
03/08/2021,$188.52,257934,$188.17,$191.93,$187.7141
03/05/2021,$188.90,350532,$189.43,$189.43,$183.82
03/04/2021,$187.78,682953,$189.45,$191.06,$185.12
03/03/2021,$191.45,417508,$192.66,$195.03,$190.90
03/02/2021,$196.48,191642,$196.76,$198.05,$195.31
03/01/2021,$197.70,368742,$195.00,$198.565,$194.80
02/26/2021,$197.38,389358,$196.40,$198.47,$194.96
02/25/2021,$194.83,295264,$196.20,$197.17,$193.44
02/24/2021,$196.41,294931,$195.28,$197.48,$194.15
02/23/2021,$196.81,385339,$194.67,$197.54,$192.1807
02/22/2021,$196.72,224914,$195.88,$198.66,$195.32
02/19/2021,$198.29,142035,$199.17,$199.3823,$198.00
02/18/2021,$199.45,318380,$199.09,$199.94,$197.46
02/17/2021,$199.93,303914,$198.26,$200.52,$198.01
02/16/2021,$201.97,230089,$203.48,$203.66,$201.56
02/12/2021,$205.35,146566,$204.03,$205.8368,$203.43
02/11/2021,$204.93,169237,$205.45,$205.82,$203.60
02/10/2021,$207.15,150754,$208.75,$209.04,$206.49
02/09/2021,$209.18,204688,$208.36,$209.55,$207.89
02/08/2021,$208.68,313234,$207.50,$209.01,$206.61
02/05/2021,$202.68,215022,$203.87,$204.09,$201.69
02/04/2021,$201.33,574793,$200.08,$204.08,$200.00
02/03/2021,$200.00,1991136,$201.69,$201.835,$194.24
02/02/2021,$207.79,1005341,$211.09,$212.8899,$204.72
02/01/2021,$216.99,582211,$212.49,$217.72,$211.80
01/29/2021,$208.18,429412,$209.50,$210.2063,$206.96
01/28/2021,$206.98,550205,$208.19,$208.79,$206.47
01/27/2021,$207.25,386087,$206.52,$209.33,$203.80
01/26/2021,$208.50,449709,$211.08,$211.65,$208.31
01/25/2021,$210.16,452777,$211.63,$211.92,$208.67
01/22/2021,$212.07,276518,$213.81,$214.495,$210.79
01/21/2021,$216.14,310395,$213.41,$217.12,$213.00
01/20/2021,$213.65,167593,$211.52,$214.085,$211.23
01/19/2021,$210.43,248595,$211.49,$211.49,$208.41
01/15/2021,$210.07,336293,$214.82,$215.14,$209.76
01/14/2021,$216.16,324877,$219.54,$220.67,$215.25
01/13/2021,$221.69,263841,$220.38,$221.94,$219.28
01/12/2021,$217.96,227033,$216.60,$219.34,$215.93
01/11/2021,$217.96,616089,$215.52,$219.70,$215.216
01/08/2021,$217.97,684186,$219.59,$220.85,$216.56
01/07/2021,$222.10,283151,$221.01,$222.39,$220.125
01/06/2021,$221.75,324192,$221.33,$223.74,$221.12
01/05/2021,$226.08,276746,$226.02,$228.18,$225.50
01/04/2021,$227.01,324789,$231.66,$232.31,$225.91
12/31/2020,$229.52,134384,$229.02,$230.10,$227.04
12/30/2020,$229.69,225275,$233.01,$233.39,$228.696
12/29/2020,$229.64,350312,$233.66,$233.66,$229.41
12/28/2020,$228.61,194637,$229.44,$229.665,$227.63
12/24/2020,$225.53,53757,$225.01,$226.00,$223.78
12/23/2020,$225.34,281749,$228.18,$228.92,$224.94
12/22/2020,$227.54,279607,$225.48,$229.00,$224.80
12/21/2020,$224.64,290589,$220.96,$225.29,$219.94
12/18/2020,$225.73,179281,$226.02,$226.36,$224.54
12/17/2020,$223.73,264880,$223.72,$225.88,$223.24
12/16/2020,$222.19,297649,$223.61,$223.63,$221.53
12/15/2020,$221.03,256396,$220.24,$222.05,$219.50
12/14/2020,$216.40,233817,$217.35,$218.72,$215.79
12/11/2020,$214.89,217366,$213.07,$215.37,$212.80
12/10/2020,$213.93,268454,$213.43,$215.165,$212.225
12/09/2020,$214.95,285932,$216.68,$217.49,$213.56
12/08/2020,$214.00,244028,$210.52,$215.94,$210.50
12/07/2020,$210.66,251199,$209.81,$211.895,$209.47
12/04/2020,$210.34,555216,$212.20,$212.76,$209.8494
12/03/2020,$215.35,274381,$215.40,$216.50,$214.70
12/02/2020,$214.77,169430,$213.57,$215.19,$212.26
12/01/2020,$214.39,255493,$212.59,$214.95,$212.34
11/30/2020,$211.11,258358,$214.56,$214.56,$210.70
11/27/2020,$212.74,150303,$212.74,$213.67,$212.61
11/25/2020,$212.39,144091,$211.28,$213.08,$210.83
11/24/2020,$210.30,249325,$210.00,$211.62,$208.65
11/23/2020,$209.96,191928,$210.65,$211.19,$207.8915
11/20/2020,$209.74,200177,$211.92,$212.75,$209.03
11/19/2020,$214.17,195525,$212.46,$214.17,$211.90
11/18/2020,$214.03,443662,$214.51,$215.48,$212.79
11/17/2020,$210.35,302451,$210.71,$212.01,$209.61
11/16/2020,$207.67,274092,$208.50,$208.92,$205.70
11/13/2020,$206.69,777919,$208.06,$208.51,$205.50
11/12/2020,$205.48,295478,$208.85,$209.20,$204.04
11/11/2020,$209.27,195922,$207.82,$210.06,$207.82
11/10/2020,$204.60,194207,$203.46,$205.59,$202.35
11/09/2020,$205.80,399210,$212.70,$213.48,$205.37
11/06/2020,$208.00,481620,$207.00,$208.94,$206.50
11/05/2020,$207.09,379436,$204.18,$207.26,$203.45
11/04/2020,$202.20,491299,$202.10,$203.29,$199.70
11/03/2020,$196.01,671291,$192.99,$198.20,$191.655
11/02/2020,$183.18,337647,$180.70,$183.78,$180.69
10/30/2020,$178.42,228467,$178.41,$179.30,$176.71
10/29/2020,$178.57,190623,$177.10,$179.845,$176.2868
10/28/2020,$177.12,395393,$179.12,$180.56,$177.00
10/27/2020,$185.34,240104,$186.71,$186.71,$184.83
10/26/2020,$185.42,222990,$186.06,$186.65,$184.39
10/23/2020,$189.97,204743,$190.51,$190.96,$188.49
10/22/2020,$190.10,306645,$189.20,$191.79,$188.66
10/21/2020,$189.93,221626,$189.78,$192.09,$189.33
10/20/2020,$192.54,182370,$192.34,$194.37,$191.92
10/19/2020,$189.37,285001,$192.53,$193.00,$188.82
10/16/2020,$192.52,500353,$191.06,$194.32,$190.88
10/15/2020,$187.71,542572,$181.74,$188.62,$181.73
10/14/2020,$185.76,259296,$185.99,$186.86,$183.885
10/13/2020,$184.19,119160,$185.80,$185.80,$183.51
10/12/2020,$184.90,159014,$184.74,$185.59,$184.12
10/09/2020,$182.84,140100,$181.79,$183.40,$181.22
10/08/2020,$181.32,212931,$182.28,$182.83,$180.97
10/07/2020,$183.40,441050,$180.54,$184.61,$180.48
10/06/2020,$176.49,345188,$181.29,$181.49,$176.03
10/05/2020,$182.63,133256,$181.25,$182.7499,$180.64
10/02/2020,$180.87,186887,$180.59,$182.465,$180.555
10/01/2020,$184.60,183705,$184.49,$185.08,$182.92
09/30/2020,$184.09,249818,$182.85,$185.195,$182.35
09/29/2020,$182.35,120630,$183.63,$184.27,$182.10
09/28/2020,$183.28,124905,$183.86,$184.07,$182.94
09/25/2020,$181.25,155462,$179.25,$182.07,$178.94
09/24/2020,$182.83,142805,$182.01,$184.76,$180.80
09/23/2020,$181.58,125145,$183.44,$184.18,$181.29
09/22/2020,$183.30,154330,$183.05,$183.88,$181.9735
09/21/2020,$184.10,169450,$183.90,$184.42,$180.66
09/18/2020,$187.92,122017,$188.67,$189.76,$186.70
09/17/2020,$190.14,93141,$187.91,$190.93,$187.74
09/16/2020,$188.85,139066,$192.03,$192.42,$188.47
09/15/2020,$191.58,94471,$194.47,$194.76,$191.275
09/14/2020,$191.99,234078,$191.79,$193.02,$191.02
09/11/2020,$191.72,215785,$190.70,$192.25,$189.61
09/10/2020,$187.86,188364,$190.00,$191.1982,$187.53
09/09/2020,$189.42,161104,$189.02,$191.79,$188.68
09/08/2020,$185.84,222395,$186.54,$190.59,$185.84
09/04/2020,$191.74,137580,$191.95,$192.96,$187.14
09/03/2020,$190.97,313930,$196.10,$196.10,$190.00
09/02/2020,$196.69,304654,$197.55,$197.55,$195.01
09/01/2020,$195.57,164876,$194.23,$195.66,$193.56
08/31/2020,$194.75,102001,$195.68,$196.18,$194.28
08/28/2020,$196.30,91896,$196.11,$196.71,$195.245
08/27/2020,$195.51,189658,$198.46,$198.55,$194.31
08/26/2020,$199.29,215563,$196.06,$199.97,$196.00
08/25/2020,$197.31,87608,$198.27,$198.295,$195.47
08/24/2020,$195.43,101631,$197.38,$197.38,$194.9668
08/21/2020,$193.81,127187,$191.62,$194.62,$191.54
08/20/2020,$195.02,114237,$192.46,$195.44,$192.1821
08/19/2020,$194.71,152530,$197.10,$197.10,$194.43
08/18/2020,$196.30,139045,$199.00,$199.62,$196.13
08/17/2020,$197.19,223261,$195.87,$198.55,$195.81
08/14/2020,$194.30,227995,$194.81,$195.41,$193.20
08/13/2020,$194.32,245737,$193.71,$196.53,$193.50
08/12/2020,$192.63,369479,$191.06,$193.83,$190.62
08/11/2020,$185.49,229466,$187.80,$189.205,$185.32
08/10/2020,$184.25,149861,$183.88,$184.83,$182.78
08/07/2020,$185.95,119883,$186.54,$187.28,$184.48
08/06/2020,$186.64,126915,$185.74,$187.41,$185.14
08/05/2020,$186.73,361747,$188.00,$188.85,$186.19
08/04/2020,$185.51,483293,$182.53,$187.0854,$182.21
08/03/2020,$186.45,413364,$181.56,$189.26,$180.34
07/31/2020,$181.70,270861,$180.99,$181.83,$178.05
07/30/2020,$181.02,145370,$178.28,$181.53,$178.03
07/29/2020,$182.20,152894,$180.51,$182.40,$179.91
07/28/2020,$178.89,95441,$179.00,$180.165,$178.44
07/27/2020,$179.93,301869,$181.33,$182.68,$179.005
07/24/2020,$179.19,129417,$179.64,$180.41,$178.30
07/23/2020,$182.18,243801,$184.00,$185.3599,$181.76
07/22/2020,$183.03,115494,$182.68,$183.50,$181.33
07/21/2020,$180.85,160654,$182.26,$183.05,$180.49
07/20/2020,$180.79,155403,$178.30,$181.415,$178.01
07/17/2020,$177.56,116216,$177.24,$177.687,$175.49
07/16/2020,$177.39,107045,$177.16,$177.98,$176.46
07/15/2020,$179.00,148682,$179.11,$180.4175,$178.20
07/14/2020,$178.10,172622,$174.27,$178.17,$174.22
07/13/2020,$176.33,330789,$179.50,$180.35,$175.87
07/10/2020,$179.00,149361,$178.22,$179.30,$176.59
07/09/2020,$177.56,274205,$177.20,$177.63,$174.48
07/08/2020,$175.91,190099,$175.58,$176.60,$174.02
07/07/2020,$173.51,146574,$176.44,$176.75,$173.20
07/06/2020,$176.01,213979,$175.80,$177.22,$175.18
07/02/2020,$172.16,142212,$173.93,$174.82,$171.98
07/01/2020,$171.94,192560,$169.66,$172.77,$168.79
06/30/2020,$171.01,189258,$168.50,$171.95,$168.09
06/29/2020,$170.98,130904,$171.17,$171.7668,$169.1102
06/26/2020,$169.62,131317,$172.17,$172.425,$168.91
06/25/2020,$170.09,147842,$167.78,$170.17,$166.33
06/24/2020,$168.69,168527,$170.60,$171.52,$167.50
06/23/2020,$173.05,184514,$174.83,$175.61,$173.03
06/22/2020,$171.45,173032,$172.72,$172.72,$170.59
06/19/2020,$168.21,183765,$168.27,$169.86,$167.7501
06/18/2020,$168.58,129238,$168.37,$169.63,$167.24
06/17/2020,$169.81,235027,$168.91,$170.84,$168.34
06/16/2020,$169.69,242067,$173.29,$173.29,$168.59
06/15/2020,$169.70,181057,$164.74,$169.91,$164.23
06/12/2020,$167.89,188938,$170.18,$170.51,$165.00
06/11/2020,$165.29,351743,$169.36,$170.9801,$164.28
06/10/2020,$175.68,210930,$175.80,$176.98,$174.54
06/09/2020,$174.51,326914,$172.04,$175.33,$171.75
06/08/2020,$172.60,176696,$171.33,$172.95,$169.7701
06/05/2020,$170.85,443302,$173.30,$174.22,$170.38
06/04/2020,$173.99,319111,$174.10,$176.20,$173.95
06/03/2020,$176.19,273942,$174.14,$176.96,$173.95
06/02/2020,$171.21,223149,$169.41,$171.37,$169.41
06/01/2020,$169.45,241824,$168.48,$170.42,$168.45
05/29/2020,$168.71,347179,$169.99,$170.08,$167.09
05/28/2020,$166.69,301490,$164.80,$169.39,$164.30
05/27/2020,$163.37,335621,$164.94,$164.99,$161.12
05/26/2020,$162.78,175488,$164.08,$164.43,$162.46
05/22/2020,$160.48,123979,$159.53,$160.8806,$158.86
05/21/2020,$158.76,157915,$160.86,$160.87,$157.825
05/20/2020,$158.79,282142,$159.97,$160.52,$158.02
05/19/2020,$158.25,497051,$159.77,$161.37,$158.14
05/18/2020,$162.76,230105,$161.38,$164.30,$161.17
05/15/2020,$157.39,154037,$157.52,$158.67,$156.09
05/14/2020,$154.81,151786,$151.20,$154.98,$150.97
05/13/2020,$154.76,180114,$158.23,$158.34,$153.435
05/12/2020,$156.91,152525,$160.14,$160.19,$156.88
05/11/2020,$160.05,120659,$158.71,$161.17,$158.20
05/08/2020,$159.87,239268,$158.33,$160.60,$158.23
05/07/2020,$157.28,101702,$157.89,$157.91,$155.46
05/06/2020,$155.70,192092,$158.33,$158.84,$155.49
05/05/2020,$156.04,432776,$155.53,$157.515,$154.265
05/04/2020,$158.53,570543,$154.26,$159.9199,$153.26
05/01/2020,$148.99,512793,$153.69,$153.91,$147.08
04/30/2020,$155.62,323182,$156.37,$158.115,$154.555
04/29/2020,$157.25,430763,$159.00,$159.94,$157.25
04/28/2020,$155.86,326968,$159.53,$159.55,$155.86
04/27/2020,$158.50,245832,$157.56,$159.50,$157.46
04/24/2020,$156.35,217300,$158.00,$158.00,$155.18
04/23/2020,$157.02,163898,$156.53,$159.28,$156.28
04/22/2020,$158.02,370285,$157.29,$158.75,$156.45
04/21/2020,$153.15,337684,$158.34,$159.02,$153.09
04/20/2020,$157.01,215364,$158.99,$159.31,$156.63
04/17/2020,$161.34,484678,$162.89,$163.39,$160.575
04/16/2020,$154.30,145944,$154.72,$156.20,$151.99
04/15/2020,$150.60,271731,$152.85,$153.26,$150.00
04/14/2020,$155.76,400400,$155.56,$157.11,$154.44
04/13/2020,$153.42,191978,$157.48,$157.60,$152.51
04/09/2020,$157.04,331170,$154.00,$158.60,$152.84
04/08/2020,$154.01,345573,$150.69,$155.00,$150.05
04/07/2020,$146.48,514082,$150.55,$151.42,$146.00
04/06/2020,$147.01,547066,$139.87,$147.18,$138.91
04/03/2020,$134.83,693940,$139.10,$140.69,$134.24
04/02/2020,$141.85,729598,$146.33,$148.26,$141.54
04/01/2020,$148.45,572877,$152.72,$153.03,$147.02
03/31/2020,$152.57,562352,$152.45,$156.45,$151.51
03/30/2020,$154.29,343561,$151.21,$154.43,$150.50
03/27/2020,$150.03,619656,$152.61,$154.07,$149.48
03/26/2020,$157.18,711878,$151.65,$157.77,$151.20
03/25/2020,$154.06,1378370,$149.34,$156.94,$147.98
03/24/2020,$144.95,574690,$140.79,$149.98,$138.96
03/23/2020,$129.50,761151,$132.81,$137.62,$129.50
03/20/2020,$139.56,784563,$137.42,$147.99,$137.18
03/19/2020,$136.70,1058728,$135.97,$139.49,$133.15
03/18/2020,$134.05,1276720,$134.11,$138.60,$130.20
03/17/2020,$136.61,1493809,$139.01,$139.97,$133.06
03/16/2020,$129.32,1404523,$129.36,$139.68,$127.73
03/13/2020,$142.28,789802,$143.93,$143.93,$132.67
03/12/2020,$129.99,1289295,$132.95,$134.91,$128.24
03/11/2020,$143.04,840366,$146.35,$147.38,$140.36
03/10/2020,$146.34,949944,$145.89,$147.445,$141.3701
03/09/2020,$137.73,1259608,$141.17,$145.31,$137.18
03/06/2020,$152.18,855128,$152.27,$153.29,$149.30
03/05/2020,$154.19,629984,$155.61,$157.25,$153.12
03/04/2020,$160.38,624645,$157.58,$160.645,$155.54
03/03/2020,$156.73,528393,$161.21,$163.58,$156.12
03/02/2020,$161.21,566764,$156.36,$161.46,$154.64
02/28/2020,$157.75,1113377,$154.11,$158.00,$152.51
02/27/2020,$156.09,809283,$158.09,$161.37,$155.79
02/26/2020,$159.90,709248,$161.89,$164.38,$159.86
02/25/2020,$161.51,764562,$165.00,$165.35,$161.24
02/24/2020,$162.99,1189053,$161.88,$165.10,$161.86
02/21/2020,$172.90,445972,$176.33,$176.33,$172.70
02/20/2020,$177.85,487736,$178.97,$179.89,$176.82
02/19/2020,$179.21,443164,$180.36,$180.95,$178.94
02/18/2020,$177.67,497976,$176.63,$178.915,$176.61
02/14/2020,$173.26,258963,$172.97,$173.71,$172.46
02/13/2020,$172.31,334800,$171.38,$172.89,$171.10
02/12/2020,$173.79,261471,$172.44,$174.1871,$172.36
02/11/2020,$171.16,307539,$169.89,$171.56,$169.73
02/10/2020,$167.55,319450,$167.77,$168.02,$166.41
02/07/2020,$166.76,396701,$167.42,$168.30,$166.71
02/06/2020,$168.80,512685,$167.59,$170.05,$167.01
02/05/2020,$167.88,833665,$169.54,$169.83,$166.84
02/04/2020,$168.53,1526574,$168.25,$169.03,$164.41
02/03/2020,$170.25,545135,$168.66,$176.58,$168.325
01/31/2020,$168.82,597465,$169.41,$170.42,$168.56
01/30/2020,$172.48,337278,$170.48,$172.56,$170.04
01/29/2020,$172.65,283057,$172.11,$173.17,$171.26
01/28/2020,$171.25,241146,$169.51,$172.07,$169.45
01/27/2020,$168.05,453947,$167.40,$168.6699,$166.625
01/24/2020,$172.48,196777,$173.78,$174.015,$171.86
01/23/2020,$172.26,268612,$171.96,$172.89,$170.73
01/22/2020,$173.12,276519,$175.00,$175.28,$172.58
01/21/2020,$174.15,362753,$172.35,$174.30,$171.68
01/17/2020,$173.94,190766,$174.99,$175.40,$173.38
01/16/2020,$173.41,495250,$172.58,$173.41,$170.575
01/15/2020,$172.58,983377,$172.96,$173.325,$171.83
01/14/2020,$171.55,483696,$173.67,$174.075,$171.20
01/13/2020,$174.29,375585,$172.71,$174.29,$172.16
01/10/2020,$171.31,602189,$174.42,$174.52,$170.33
01/09/2020,$169.91,283510,$170.76,$171.00,$169.00
01/08/2020,$168.54,261379,$167.04,$168.97,$166.75
01/07/2020,$165.22,309365,$165.98,$166.12,$165.18
01/06/2020,$165.85,169939,$164.76,$166.29,$164.76
01/03/2020,$166.73,134587,$166.76,$167.75,$166.2682
01/02/2020,$168.51,195776,$167.05,$168.7738,$166.63
12/31/2019,$165.54,128216,$165.00,$165.84,$164.24
12/30/2019,$165.30,257359,$167.72,$167.72,$165.22
12/27/2019,$168.72,400337,$168.45,$170.275,$168.23
12/26/2019,$168.07,170265,$167.82,$168.30,$167.12
12/24/2019,$168.01,56474,$168.03,$168.51,$167.09
12/23/2019,$168.59,134279,$168.00,$168.98,$167.74
12/20/2019,$167.01,169044,$167.30,$167.82,$166.74
12/19/2019,$166.52,186418,$166.00,$167.45,$165.69
12/18/2019,$167.53,306462,$167.40,$168.01,$166.43
12/17/2019,$167.43,220767,$167.00,$167.62,$166.53
12/16/2019,$165.25,199867,$165.72,$165.94,$164.73
12/13/2019,$163.93,304676,$166.16,$166.25,$163.55
12/12/2019,$166.22,274862,$165.95,$167.24,$165.635
12/11/2019,$165.23,108621,$165.21,$165.99,$164.93
12/10/2019,$164.84,147123,$165.03,$165.85,$164.39
12/09/2019,$163.68,281387,$163.80,$164.68,$163.23
12/06/2019,$166.17,165219,$167.59,$167.89,$165.83
12/05/2019,$166.94,319001,$168.43,$168.70,$166.735
12/04/2019,$167.62,201043,$168.86,$169.12,$167.43
12/03/2019,$168.02,440491,$167.18,$168.07,$166.12
12/02/2019,$165.11,383977,$167.19,$167.27,$164.12
11/29/2019,$168.27,147697,$168.53,$169.495,$168.07
11/27/2019,$170.88,174614,$170.78,$171.40,$170.42
11/26/2019,$170.04,314571,$168.45,$170.29,$168.34
11/25/2019,$167.66,238625,$166.65,$167.78,$166.27
11/22/2019,$165.25,174494,$166.46,$166.55,$164.82
11/21/2019,$165.41,293583,$165.77,$166.29,$165.27
11/20/2019,$164.41,260942,$166.01,$166.35,$163.65
11/19/2019,$164.22,241359,$165.70,$165.96,$163.73
11/18/2019,$165.35,204515,$165.71,$166.00,$165.01
11/15/2019,$167.00,213542,$166.91,$167.50,$166.61
11/14/2019,$165.47,301722,$163.95,$165.89,$163.62
11/13/2019,$163.86,318941,$163.99,$164.78,$163.39
11/12/2019,$165.02,256055,$164.71,$165.31,$163.59
11/11/2019,$164.40,295367,$163.80,$164.74,$163.54
11/08/2019,$164.90,291509,$165.46,$165.74,$164.65
11/07/2019,$164.96,296039,$165.99,$166.20,$164.86
11/06/2019,$165.44,252897,$165.27,$165.775,$164.76
11/05/2019,$165.60,746730,$168.40,$168.40,$164.72
11/04/2019,$169.99,1419831,$171.90,$172.89,$169.35
11/01/2019,$161.38,397917,$160.53,$162.07,$160.53
10/31/2019,$160.12,447370,$159.57,$160.33,$159.16
10/30/2019,$158.14,424952,$158.57,$158.62,$156.89
10/29/2019,$157.78,275746,$157.37,$158.24,$156.58
10/28/2019,$157.45,206981,$157.02,$158.54,$157.02
10/25/2019,$156.09,245828,$155.00,$156.48,$154.815
10/24/2019,$155.03,411534,$153.15,$155.65,$153.12
10/23/2019,$151.97,599272,$153.01,$153.5252,$151.60
10/22/2019,$153.90,437917,$156.98,$157.33,$153.85
10/21/2019,$156.05,255701,$157.05,$157.125,$155.34
10/18/2019,$155.85,304409,$157.00,$157.12,$155.0633
10/17/2019,$157.61,355650,$159.70,$160.43,$157.58
10/16/2019,$159.87,402651,$158.89,$161.1839,$158.48
10/15/2019,$156.10,189586,$155.41,$157.19,$155.37
10/14/2019,$154.77,224046,$154.31,$155.22,$154.09
10/11/2019,$153.32,410991,$152.06,$154.62,$151.99
10/10/2019,$150.15,230725,$148.11,$150.60,$148.00
10/09/2019,$149.30,130626,$149.11,$149.85,$148.54
10/08/2019,$147.54,210547,$148.98,$149.20,$147.5185
10/07/2019,$149.79,196791,$148.95,$150.56,$148.90
10/04/2019,$149.56,314688,$149.85,$150.07,$149.31
10/03/2019,$149.44,405799,$147.12,$149.44,$145.44
10/02/2019,$146.90,829579,$148.03,$148.34,$145.93
10/01/2019,$151.96,402642,$154.07,$154.55,$151.40
09/30/2019,$154.09,626875,$153.36,$154.67,$153.13
09/27/2019,$152.12,304483,$153.15,$153.57,$151.08
09/26/2019,$151.48,226513,$152.00,$152.24,$150.92
09/25/2019,$150.35,745322,$148.66,$150.58,$147.67
09/24/2019,$150.66,262183,$151.69,$151.99,$150.26
09/23/2019,$152.77,466835,$151.05,$153.17,$151.05
09/20/2019,$152.08,692054,$152.74,$153.0286,$151.42
09/19/2019,$153.62,256821,$154.48,$154.81,$153.62
09/18/2019,$154.78,602682,$153.85,$154.99,$153.02
09/17/2019,$153.96,451897,$151.65,$154.13,$151.50
09/16/2019,$150.96,452687,$151.50,$152.06,$150.70
09/13/2019,$152.60,565659,$154.03,$154.30,$152.58
09/12/2019,$154.44,569561,$152.55,$155.39,$152.39
09/11/2019,$151.55,751025,$152.75,$153.88,$151.05
09/10/2019,$151.04,1652261,$154.20,$154.69,$149.63
09/09/2019,$160.74,418770,$164.48,$164.48,$160.39
09/06/2019,$163.11,279042,$163.95,$164.38,$162.90
09/05/2019,$161.88,502596,$163.05,$163.35,$161.48
09/04/2019,$159.99,453978,$160.50,$161.20,$159.84
09/03/2019,$158.01,398978,$158.71,$159.29,$157.62
08/30/2019,$157.75,407496,$158.34,$159.34,$157.01
08/29/2019,$158.22,298872,$159.34,$159.52,$158.17
08/28/2019,$157.65,512015,$157.54,$158.975,$156.45
08/27/2019,$160.39,385916,$159.72,$161.05,$159.26
08/26/2019,$156.60,489982,$155.98,$156.96,$154.53
08/23/2019,$153.22,731699,$154.01,$155.65,$152.92
08/22/2019,$155.11,191907,$156.05,$156.20,$154.45
08/21/2019,$156.49,455074,$157.22,$157.61,$156.35
08/20/2019,$155.03,655803,$155.07,$155.82,$154.53
08/19/2019,$156.18,332350,$157.00,$157.45,$156.13
08/16/2019,$155.83,447749,$154.13,$156.69,$154.13
08/15/2019,$155.32,316216,$155.71,$156.12,$154.09
08/14/2019,$155.90,425797,$159.00,$159.61,$155.08
08/13/2019,$160.82,264817,$158.53,$161.51,$158.21
08/12/2019,$158.03,182387,$158.14,$159.62,$157.58
08/09/2019,$158.87,437351,$159.08,$159.52,$156.735
08/08/2019,$160.10,332368,$158.58,$160.83,$158.21
08/07/2019,$158.11,393950,$155.35,$158.33,$155.08
08/06/2019,$156.59,537916,$157.00,$157.58,$154.58
08/05/2019,$156.78,441418,$158.98,$159.26,$155.51
08/02/2019,$159.48,805338,$161.68,$162.51,$158.60
08/01/2019,$163.00,422787,$162.68,$165.54,$162.55
07/31/2019,$161.08,433773,$162.30,$163.23,$159.73
07/30/2019,$160.14,666170,$160.83,$161.95,$159.81
07/29/2019,$164.68,328991,$165.05,$165.22,$164.36
07/26/2019,$165.85,247995,$165.55,$166.21,$165.27
07/25/2019,$166.27,262777,$167.25,$167.38,$164.725
07/24/2019,$167.51,522039,$168.14,$168.62,$166.72
07/23/2019,$168.43,254947,$168.53,$168.77,$167.78
07/22/2019,$167.10,417700,$167.19,$168.20,$167.00
07/19/2019,$166.50,335993,$167.44,$168.25,$166.36
07/18/2019,$168.70,412780,$168.70,$169.46,$167.2472
07/17/2019,$168.75,302760,$169.51,$170.24,$168.72
07/16/2019,$169.12,441714,$170.07,$170.54,$169.01
07/15/2019,$168.47,346084,$168.09,$168.77,$167.83
07/12/2019,$166.51,245297,$167.04,$167.50,$166.07
07/11/2019,$166.43,242097,$166.70,$167.0082,$166.11
07/10/2019,$167.00,215296,$167.07,$167.52,$166.61
07/09/2019,$165.64,239959,$165.28,$165.71,$165.00
07/08/2019,$165.85,315345,$166.18,$166.50,$165.66
07/05/2019,$165.61,378338,$165.56,$165.9838,$164.65
07/03/2019,$167.51,338129,$168.18,$169.48,$167.16
07/02/2019,$165.12,269617,$164.82,$165.20,$164.37
07/01/2019,$163.19,292580,$162.57,$163.53,$162.50
06/28/2019,$161.42,191202,$161.32,$162.61,$161.20
06/27/2019,$160.86,228984,$158.96,$161.00,$158.94
06/26/2019,$159.50,403189,$159.70,$160.28,$158.76
06/25/2019,$159.74,465614,$161.45,$162.24,$159.12
06/24/2019,$162.21,427645,$162.87,$163.50,$162.10
06/21/2019,$162.21,369079,$161.19,$162.3536,$161.00
06/20/2019,$161.16,659782,$162.05,$163.64,$160.59
06/19/2019,$157.83,335058,$156.85,$158.45,$155.87
06/18/2019,$158.21,290217,$156.58,$158.52,$156.42
06/17/2019,$154.14,222567,$153.46,$154.57,$153.45
06/14/2019,$152.86,196194,$153.22,$153.3133,$152.285
06/13/2019,$154.05,281581,$154.04,$154.48,$153.69
06/12/2019,$154.63,318286,$154.74,$155.54,$154.47
06/11/2019,$154.72,526558,$155.31,$155.54,$153.75
06/10/2019,$153.84,647516,$150.80,$154.17,$150.55
06/07/2019,$150.34,409472,$150.18,$151.34,$149.94
06/06/2019,$148.48,330078,$146.39,$148.71,$146.13
06/05/2019,$144.86,485071,$144.48,$145.43,$143.81
06/04/2019,$143.04,624727,$142.41,$144.15,$141.92
06/03/2019,$141.97,765981,$142.01,$143.05,$140.95
05/31/2019,$143.02,635790,$140.47,$143.42,$140.105
05/30/2019,$143.00,330837,$142.17,$143.08,$142.08
05/29/2019,$143.07,583023,$141.70,$143.25,$140.97
05/28/2019,$144.52,473780,$143.01,$145.13,$143.01
05/24/2019,$144.29,450850,$143.15,$144.56,$142.90
05/23/2019,$142.33,410056,$142.40,$142.56,$140.99
05/22/2019,$142.87,350253,$142.71,$143.70,$142.46
05/21/2019,$143.86,447560,$142.81,$143.98,$142.00
05/20/2019,$141.54,657064,$141.68,$142.24,$140.57
05/17/2019,$142.38,262611,$142.94,$143.95,$142.0455
05/16/2019,$143.66,1008899,$143.04,$144.62,$142.75
05/15/2019,$143.64,528438,$138.77,$144.54,$138.44
05/14/2019,$140.94,958102,$140.56,$142.15,$140.3146
05/13/2019,$138.68,288851,$137.77,$139.04,$137.37
05/10/2019,$141.33,1197211,$141.43,$142.03,$139.515
05/09/2019,$141.16,772583,$141.31,$142.04,$139.44
05/08/2019,$141.04,1554250,$138.51,$142.15,$138.12
05/07/2019,$137.70,862290,$138.31,$139.07,$136.75
05/06/2019,$132.33,837877,$130.25,$133.13,$129.46
05/03/2019,$134.14,264922,$133.93,$135.11,$133.93
05/02/2019,$134.73,304305,$134.82,$135.30,$133.695
05/01/2019,$134.60,165070,$136.14,$136.31,$134.45
04/30/2019,$136.03,210516,$136.04,$136.185,$134.905
04/29/2019,$135.52,691496,$134.57,$136.005,$134.155
04/26/2019,$135.40,273098,$134.77,$135.50,$134.47
04/25/2019,$135.56,237224,$135.49,$136.19,$135.01
04/24/2019,$136.48,449981,$137.27,$137.75,$136.45
04/23/2019,$138.96,622617,$137.65,$139.42,$137.45
04/22/2019,$139.65,581480,$139.91,$140.96,$139.38
04/18/2019,$139.91,534886,$137.34,$140.32,$137.24
04/17/2019,$137.69,484113,$136.89,$138.24,$136.50
04/16/2019,$138.09,325097,$136.05,$138.35,$135.96
04/15/2019,$137.03,270437,$138.00,$138.00,$136.01
04/12/2019,$138.57,292206,$138.86,$139.07,$138.18
04/11/2019,$137.26,189144,$136.91,$137.36,$136.49
04/10/2019,$136.51,207538,$135.81,$137.13,$135.59
04/09/2019,$136.44,184848,$136.28,$136.825,$135.79
04/08/2019,$137.13,516606,$137.12,$137.35,$136.38
04/05/2019,$136.94,255403,$137.49,$138.00,$136.51
04/04/2019,$136.47,347278,$136.81,$136.95,$135.76
04/03/2019,$136.18,242950,$136.65,$137.26,$136.00
04/02/2019,$135.97,281967,$135.17,$136.33,$134.83
04/01/2019,$135.05,554151,$135.74,$136.67,$134.70
03/29/2019,$133.80,344165,$133.79,$134.74,$133.21
03/28/2019,$133.05,354945,$132.97,$133.64,$132.225
03/27/2019,$132.78,386067,$133.89,$134.53,$132.24
03/26/2019,$132.96,305513,$132.00,$133.34,$131.765
03/25/2019,$131.12,232876,$129.92,$131.29,$129.18
03/22/2019,$128.65,411881,$131.05,$131.34,$128.50
03/21/2019,$132.39,167494,$131.88,$132.6183,$131.59
03/20/2019,$131.75,306526,$132.89,$132.89,$131.00
03/19/2019,$131.61,213012,$132.43,$132.70,$131.46
03/18/2019,$132.28,221091,$131.66,$132.455,$131.45
03/15/2019,$131.78,252926,$132.00,$132.20,$131.62
03/14/2019,$131.19,261228,$130.66,$131.25,$129.86
03/13/2019,$130.05,440782,$130.73,$130.88,$129.08
03/12/2019,$130.19,170302,$130.23,$130.71,$129.82
03/11/2019,$130.76,328917,$128.72,$130.88,$128.53
03/08/2019,$128.88,250809,$127.01,$128.99,$126.82
03/07/2019,$128.32,462998,$128.49,$129.06,$127.25
03/06/2019,$130.11,272904,$130.44,$130.607,$129.2719
03/05/2019,$131.76,239480,$130.51,$131.85,$130.3877
03/04/2019,$130.80,411996,$131.80,$132.16,$130.03
03/01/2019,$131.80,452010,$130.29,$131.92,$129.92
02/28/2019,$128.26,261630,$128.13,$128.86,$128.03
02/27/2019,$128.67,271617,$128.59,$129.11,$127.7193
02/26/2019,$129.05,275273,$128.07,$129.728,$128.03
02/25/2019,$128.04,441913,$127.13,$128.27,$126.77
02/22/2019,$126.03,325627,$126.25,$126.59,$125.65
02/21/2019,$126.30,188194,$125.60,$126.73,$125.53
02/20/2019,$125.77,221382,$126.32,$126.74,$125.57
02/19/2019,$126.37,155124,$125.74,$126.91,$125.73
02/15/2019,$125.98,430004,$125.68,$126.40,$125.3008
02/14/2019,$125.06,313698,$124.50,$125.51,$124.16
02/13/2019,$125.25,317025,$125.81,$126.15,$124.96
02/12/2019,$126.44,745156,$124.10,$126.685,$124.10
02/11/2019,$123.50,332770,$123.26,$123.97,$123.23
02/08/2019,$124.28,396641,$123.20,$124.32,$122.78
02/07/2019,$124.59,385525,$123.37,$124.78,$123.032
02/06/2019,$126.96,191416,$127.03,$127.65,$126.75
02/05/2019,$127.28,464403,$127.97,$128.17,$127.02
02/04/2019,$127.22,415468,$126.01,$127.22,$125.79
02/01/2019,$127.13,1075761,$126.07,$127.55,$125.855
01/31/2019,$126.30,2257502,$116.04,$127.07,$116.04
01/30/2019,$112.69,707327,$110.81,$112.94,$110.41
01/29/2019,$110.55,437554,$110.79,$111.04,$109.7701
01/28/2019,$110.42,328974,$110.11,$110.45,$108.84
01/25/2019,$111.24,339273,$111.97,$112.19,$111.05
01/24/2019,$112.39,303054,$110.95,$112.47,$110.78
01/23/2019,$110.20,340137,$111.21,$111.63,$109.49
01/22/2019,$111.69,274097,$112.23,$112.61,$110.59
01/18/2019,$113.29,372266,$114.26,$114.48,$112.72
01/17/2019,$113.71,278581,$113.56,$114.7368,$112.965
01/16/2019,$113.13,329766,$111.90,$113.92,$111.81
01/15/2019,$112.37,324603,$112.55,$112.84,$111.40
01/14/2019,$110.88,225756,$110.61,$111.39,$110.12
01/11/2019,$110.84,250585,$111.74,$111.75,$110.41
01/10/2019,$110.79,298432,$109.87,$111.29,$109.41
01/09/2019,$111.19,490578,$112.16,$113.035,$111.14
01/08/2019,$108.58,762201,$107.62,$109.25,$107.40
01/07/2019,$104.48,427462,$103.32,$105.73,$102.95
01/04/2019,$102.23,524218,$100.23,$102.78,$99.26
01/03/2019,$96.98,450367,$98.85,$98.89,$96.62
01/02/2019,$98.70,293138,$98.10,$99.21,$97.61
12/31/2018,$99.44,305769,$99.56,$99.94,$97.7334
12/28/2018,$98.40,397907,$99.45,$99.82,$98.06
12/27/2018,$99.75,396450,$96.31,$99.76,$96.06
12/26/2018,$98.29,666337,$95.89,$98.37,$93.85
12/24/2018,$95.96,276423,$97.40,$97.8734,$95.79
12/21/2018,$98.16,427422,$100.98,$101.35,$97.80
12/20/2018,$101.52,593093,$103.11,$103.64,$100.39
12/19/2018,$102.43,810247,$104.19,$106.29,$101.84
12/18/2018,$100.80,545279,$101.76,$102.22,$100.76
12/17/2018,$99.94,653879,$100.79,$101.71,$99.485
12/14/2018,$101.49,622788,$102.12,$102.83,$101.10
12/13/2018,$104.10,483402,$105.81,$105.93,$103.75
12/12/2018,$105.42,526922,$105.90,$106.79,$105.36
12/11/2018,$104.96,278757,$107.53,$107.565,$104.58
12/10/2018,$104.93,365150,$105.24,$106.15,$104.03
12/07/2018,$104.84,395367,$108.31,$109.18,$104.26
12/06/2018,$107.53,556935,$106.22,$107.64,$105.31
12/04/2018,$108.37,520758,$111.60,$112.00,$108.08
12/03/2018,$111.68,493433,$111.81,$112.50,$111.08
11/30/2018,$109.60,563538,$108.50,$110.01,$108.42
11/29/2018,$109.21,541243,$108.27,$109.83,$108.06
11/28/2018,$108.33,1035636,$102.64,$108.41,$102.37
11/27/2018,$104.77,1069509,$106.99,$107.29,$103.98
11/26/2018,$109.22,301499,$107.99,$109.39,$107.79
11/23/2018,$106.66,180695,$106.71,$107.66,$106.66
11/21/2018,$106.73,293377,$105.40,$107.79,$105.38
11/20/2018,$105.24,630040,$105.76,$107.04,$104.97
11/19/2018,$108.82,357889,$110.50,$110.5397,$108.64
11/16/2018,$110.74,174884,$110.32,$111.46,$110.0473
11/15/2018,$111.80,446793,$109.75,$112.36,$108.71
11/14/2018,$110.80,428656,$112.57,$113.14,$110.06
11/13/2018,$109.61,578989,$108.92,$111.59,$108.77
11/12/2018,$106.42,742154,$108.59,$108.76,$106.26
11/09/2018,$110.07,1458320,$111.75,$112.36,$108.831
11/08/2018,$114.20,579398,$115.95,$116.71,$113.59
11/07/2018,$116.07,775895,$115.94,$116.93,$115.64
11/06/2018,$115.99,784954,$115.47,$116.37,$114.8691
11/05/2018,$117.58,1797147,$116.42,$118.78,$115.81
11/02/2018,$119.53,679468,$120.24,$120.9491,$117.19
11/01/2018,$119.98,1091151,$120.03,$120.40,$118.13
10/31/2018,$117.11,435836,$117.79,$119.00,$116.64
10/30/2018,$116.28,394300,$114.92,$116.37,$114.40
10/29/2018,$115.02,732242,$117.78,$118.45,$113.56
10/26/2018,$116.17,905228,$113.29,$117.52,$112.97
10/25/2018,$115.38,484738,$114.11,$116.62,$112.90
10/24/2018,$111.79,1187386,$113.42,$113.95,$111.7129
10/23/2018,$115.28,1541805,$112.97,$116.05,$112.33
10/22/2018,$116.28,419342,$115.22,$116.61,$114.56
10/19/2018,$116.51,714159,$115.92,$117.93,$115.76
10/18/2018,$114.25,782203,$116.45,$116.71,$113.93
10/17/2018,$118.93,941203,$119.48,$119.63,$117.60
10/16/2018,$121.75,1402384,$122.80,$123.06,$121.54
10/15/2018,$115.01,650895,$114.68,$116.08,$114.37
10/12/2018,$116.30,741778,$117.62,$118.31,$114.58
10/11/2018,$115.54,1526462,$117.45,$118.06,$114.75
10/10/2018,$117.63,1773362,$123.78,$124.81,$117.63
10/09/2018,$128.95,533593,$127.95,$129.60,$127.3796
10/08/2018,$129.68,887135,$128.81,$130.10,$128.3049
10/05/2018,$132.28,506123,$131.71,$133.44,$131.55
10/04/2018,$133.06,794788,$136.27,$136.39,$131.38
10/03/2018,$135.81,392653,$137.37,$138.173,$135.62
10/02/2018,$137.57,682022,$137.22,$138.21,$136.28
10/01/2018,$137.77,435740,$139.67,$139.81,$137.15
09/28/2018,$136.91,721248,$137.26,$139.12,$136.46
09/27/2018,$140.19,638344,$140.96,$141.47,$139.99
09/26/2018,$140.79,569963,$139.84,$142.5196,$139.78
09/25/2018,$139.04,595372,$140.02,$140.30,$138.45
09/24/2018,$139.00,422755,$137.47,$139.39,$137.19
09/21/2018,$137.47,406505,$137.29,$137.92,$136.18
09/20/2018,$137.29,639701,$135.87,$138.09,$135.72
09/19/2018,$135.81,975515,$136.90,$137.41,$134.7101
09/18/2018,$138.32,1931450,$133.11,$138.59,$132.80
09/17/2018,$132.80,739175,$133.28,$133.78,$131.77
09/14/2018,$132.14,672581,$133.10,$134.30,$131.47
09/13/2018,$133.45,591994,$133.73,$134.75,$133.03
09/12/2018,$132.79,708517,$131.24,$133.23,$130.54
09/11/2018,$129.54,706977,$125.70,$130.36,$125.25
09/10/2018,$126.74,401136,$127.41,$127.67,$126.08
09/07/2018,$126.86,294310,$126.20,$128.00,$125.96
09/06/2018,$126.43,439652,$126.05,$127.29,$126.05
09/05/2018,$127.11,767987,$127.63,$127.86,$125.91
09/04/2018,$128.58,1121749,$130.06,$130.06,$127.85
08/31/2018,$131.09,526324,$132.89,$132.89,$129.92
08/30/2018,$132.93,876404,$134.54,$134.61,$131.815
08/29/2018,$134.20,957828,$132.66,$134.66,$132.095
08/28/2018,$130.04,771582,$129.55,$130.43,$128.765
08/27/2018,$128.20,362429,$127.26,$128.65,$127.22
08/24/2018,$127.52,486466,$126.26,$128.13,$126.26
08/23/2018,$124.79,554746,$124.63,$126.18,$124.27
08/22/2018,$125.09,691966,$126.96,$127.23,$124.74
08/21/2018,$126.33,889446,$124.87,$126.57,$124.50
08/20/2018,$123.35,684059,$121.53,$123.38,$121.53
08/17/2018,$120.80,394093,$119.51,$120.905,$119.24
08/16/2018,$120.50,787271,$120.27,$120.91,$119.73
08/15/2018,$119.23,1148418,$120.57,$120.57,$118.92
08/14/2018,$121.00,773259,$121.75,$121.75,$120.63
08/13/2018,$122.00,486307,$121.33,$122.23,$120.78
08/10/2018,$120.63,932098,$120.18,$121.10,$119.655
08/09/2018,$123.83,642056,$125.95,$126.07,$123.63
08/08/2018,$125.84,575034,$126.01,$126.64,$125.555
08/07/2018,$125.13,732797,$125.84,$125.84,$123.95
08/06/2018,$123.99,797053,$123.65,$124.30,$122.76
08/03/2018,$124.84,2837502,$130.85,$131.055,$123.50
08/02/2018,$126.18,3651179,$122.49,$128.25,$121.645
08/01/2018,$118.00,6429673,$134.77,$135.40,$116.5401
07/31/2018,$132.62,1016083,$132.56,$133.86,$132.39
07/30/2018,$130.50,866056,$131.54,$131.56,$129.90
07/27/2018,$131.60,549812,$131.18,$131.99,$130.44
07/26/2018,$131.63,926008,$132.51,$133.96,$131.37
07/25/2018,$134.52,2569688,$132.09,$136.30,$130.12
07/24/2018,$133.25,1280098,$134.46,$135.03,$133.03
07/23/2018,$136.49,2595186,$132.50,$137.00,$132.45
07/20/2018,$140.00,499839,$140.02,$140.70,$139.86
07/19/2018,$142.52,332334,$142.21,$143.09,$140.915
07/18/2018,$143.03,151993,$142.72,$143.22,$142.41
07/17/2018,$143.68,270872,$141.58,$144.83,$141.09
07/16/2018,$142.00,315112,$142.00,$142.07,$140.94
07/13/2018,$142.51,434092,$143.25,$143.70,$141.89
07/12/2018,$139.66,334183,$137.36,$139.77,$137.13
07/11/2018,$136.21,236885,$136.08,$137.04,$135.78
07/10/2018,$137.70,284520,$138.37,$138.39,$137.17
07/09/2018,$136.38,229719,$136.03,$136.42,$134.84
07/06/2018,$135.36,239529,$135.16,$135.53,$134.29
07/05/2018,$135.94,284923,$135.92,$136.16,$134.58
07/03/2018,$133.94,219026,$134.57,$134.93,$133.87
07/02/2018,$135.15,326939,$132.78,$135.17,$132.66
06/29/2018,$135.01,398158,$135.61,$136.81,$134.72
06/28/2018,$135.05,551638,$131.87,$135.26,$131.67
06/27/2018,$135.18,356682,$137.80,$138.90,$135.18
06/26/2018,$137.13,421009,$136.87,$137.40,$136.22
06/25/2018,$136.90,393003,$137.98,$138.00,$135.50
06/22/2018,$139.48,731222,$141.61,$141.77,$138.34
06/21/2018,$140.90,368158,$141.55,$141.69,$140.00
06/20/2018,$143.21,325718,$144.48,$145.10,$143.01
06/19/2018,$145.45,424507,$145.35,$146.28,$144.755
06/18/2018,$147.81,311181,$146.45,$148.32,$146.2901
06/15/2018,$148.90,368180,$149.85,$149.85,$148.25
06/14/2018,$149.33,801450,$148.08,$149.58,$147.27
06/13/2018,$143.96,702260,$142.59,$145.07,$142.38
06/12/2018,$140.64,516873,$140.58,$140.90,$139.445
06/11/2018,$139.08,431256,$138.74,$139.69,$138.56
06/08/2018,$136.37,175475,$136.22,$136.57,$135.23
06/07/2018,$136.45,286116,$138.24,$138.90,$136.10
06/06/2018,$139.46,306467,$136.97,$139.54,$136.9215
06/05/2018,$136.49,434606,$135.84,$137.465,$135.39
06/04/2018,$132.25,267819,$132.61,$132.87,$131.915
06/01/2018,$132.90,287026,$133.66,$133.81,$131.44
05/31/2018,$131.35,266497,$130.38,$131.98,$129.565
05/30/2018,$130.25,407114,$129.62,$130.99,$128.81
05/29/2018,$127.02,836204,$127.81,$129.11,$125.95
05/25/2018,$131.19,212694,$131.13,$131.96,$129.89
05/24/2018,$131.44,181163,$130.54,$131.77,$130.34
05/23/2018,$131.31,229014,$130.68,$131.43,$130.11
05/22/2018,$132.46,179621,$133.91,$134.24,$132.36
05/21/2018,$134.07,250180,$134.50,$135.00,$133.47
05/18/2018,$132.53,211115,$133.16,$133.39,$132.31
05/17/2018,$133.73,176536,$133.55,$134.36,$133.36
05/16/2018,$133.84,258460,$133.46,$134.225,$132.35
05/15/2018,$133.89,191107,$134.02,$134.55,$133.27
05/14/2018,$135.20,179433,$135.35,$136.24,$135.04
05/11/2018,$136.05,211806,$135.61,$136.29,$135.12
05/10/2018,$135.57,317960,$135.04,$135.875,$134.87
05/09/2018,$135.64,341407,$136.54,$136.77,$134.98
05/08/2018,$136.77,586638,$136.80,$138.00,$135.22
05/07/2018,$140.39,773503,$139.36,$141.56,$139.17
05/04/2018,$137.33,1200938,$134.92,$137.45,$134.28
05/03/2018,$130.99,1414620,$124.18,$133.45,$123.711
05/02/2018,$125.81,772359,$126.41,$127.17,$125.62
05/01/2018,$122.48,224426,$122.66,$122.755,$121.18
04/30/2018,$122.68,306626,$121.80,$123.37,$121.60
04/27/2018,$121.99,265161,$123.00,$123.08,$121.82
04/26/2018,$122.98,363854,$123.46,$123.56,$122.14
04/25/2018,$122.82,261317,$122.46,$123.32,$121.78
04/24/2018,$122.75,552002,$122.73,$123.612,$121.64
04/23/2018,$121.88,216941,$121.47,$122.0384,$121.11
04/20/2018,$122.68,174466,$122.42,$123.08,$122.14
04/19/2018,$123.19,330210,$124.00,$124.36,$122.54
04/18/2018,$124.80,372465,$124.19,$125.44,$124.12
04/17/2018,$125.23,442973,$123.74,$125.44,$123.4501
04/16/2018,$123.01,289888,$122.49,$123.3989,$122.24
04/13/2018,$122.43,415705,$121.73,$122.95,$121.68
04/12/2018,$122.02,222511,$121.53,$122.14,$121.42
04/11/2018,$120.43,262711,$120.72,$121.79,$120.14
04/10/2018,$122.11,368815,$121.95,$122.65,$121.19
04/09/2018,$120.19,277236,$121.53,$121.92,$120.01
04/06/2018,$120.75,385363,$121.33,$122.04,$119.54
04/05/2018,$121.34,387877,$120.92,$121.80,$120.54
04/04/2018,$120.44,408879,$117.25,$120.64,$117.09
04/03/2018,$120.61,531065,$120.51,$121.36,$119.49
04/02/2018,$117.52,272834,$119.69,$120.05,$116.52
03/29/2018,$120.52,358628,$121.17,$121.35,$119.80
03/28/2018,$119.62,393541,$121.49,$121.74,$119.36
03/27/2018,$119.70,479623,$122.69,$122.86,$118.98
03/26/2018,$121.31,298532,$121.70,$122.15,$119.23
03/23/2018,$118.39,492925,$120.89,$121.29,$118.36
03/22/2018,$120.42,430446,$121.93,$122.56,$120.41
03/21/2018,$123.53,671775,$123.26,$124.46,$123.05
03/20/2018,$121.68,551304,$121.13,$122.40,$121.13
03/19/2018,$121.26,296841,$122.42,$122.45,$120.33
03/16/2018,$121.94,372919,$123.18,$123.25,$121.92
03/15/2018,$122.79,401514,$122.47,$123.35,$122.07
03/14/2018,$122.25,314970,$123.93,$123.97,$121.95
03/13/2018,$123.10,642859,$124.97,$125.275,$122.86
03/12/2018,$124.32,414259,$124.60,$124.92,$124.09
03/09/2018,$124.71,324307,$124.20,$124.85,$124.00
03/08/2018,$123.82,510124,$125.30,$125.52,$122.90
03/07/2018,$124.72,526315,$122.30,$125.24,$122.30
03/06/2018,$122.75,624469,$122.75,$123.45,$122.14
03/05/2018,$121.50,523092,$119.05,$121.64,$118.32
03/02/2018,$121.11,693648,$120.52,$121.3599,$118.60
03/01/2018,$121.53,672177,$124.20,$124.37,$120.21
02/28/2018,$124.21,505077,$126.10,$126.50,$124.09
02/27/2018,$126.01,519032,$129.15,$129.34,$126.00
02/26/2018,$129.30,393756,$130.13,$130.48,$128.19
02/23/2018,$129.56,257832,$127.05,$129.62,$127.05
02/22/2018,$126.71,357006,$127.79,$127.89,$126.161
02/21/2018,$128.01,461673,$129.58,$130.36,$127.99
02/20/2018,$128.40,488171,$126.86,$129.52,$126.81
02/16/2018,$129.71,571810,$130.32,$131.20,$129.28
02/15/2018,$129.10,709975,$129.53,$129.53,$127.44
02/14/2018,$125.88,429197,$122.04,$126.46,$122.00
02/13/2018,$123.77,496171,$122.82,$124.29,$122.31
02/12/2018,$122.55,590939,$119.59,$123.37,$119.59
02/09/2018,$120.24,1076555,$119.26,$121.03,$117.22
02/08/2018,$119.62,797044,$124.31,$124.582,$119.62
02/07/2018,$124.08,794089,$124.80,$126.14,$124.08
02/06/2018,$126.90,1830227,$121.02,$127.59,$120.43
02/05/2018,$121.45,1157371,$127.32,$128.18,$120.53
02/02/2018,$127.14,1395430,$130.35,$130.63,$126.76
02/01/2018,$128.19,2679472,$123.95,$129.87,$123.94
01/31/2018,$119.50,742578,$118.32,$120.14,$118.27
01/30/2018,$118.09,473331,$118.78,$119.00,$118.05
01/29/2018,$118.72,506096,$118.66,$119.19,$117.82
01/26/2018,$119.96,263818,$118.95,$120.05,$118.87
01/25/2018,$118.21,378545,$119.28,$119.39,$117.70
01/24/2018,$118.90,346667,$119.26,$119.46,$118.09
01/23/2018,$118.93,522097,$120.53,$120.53,$118.40
01/22/2018,$121.37,308631,$120.85,$121.46,$120.50
01/19/2018,$120.96,358476,$120.79,$121.18,$119.88
01/18/2018,$119.38,335109,$119.42,$119.89,$118.88
01/17/2018,$119.45,449797,$118.85,$120.20,$118.31
01/16/2018,$117.56,587563,$118.74,$118.98,$117.48
01/12/2018,$117.84,393030,$118.59,$118.68,$117.42
01/11/2018,$117.16,631265,$115.92,$117.45,$115.92
01/10/2018,$114.27,282695,$114.00,$114.77,$113.80
01/09/2018,$114.32,369302,$115.00,$115.05,$113.6501
01/08/2018,$113.52,451196,$112.82,$113.61,$112.58
01/05/2018,$112.13,408133,$112.74,$113.02,$112.03
01/04/2018,$111.31,882817,$112.61,$112.64,$111.02
01/03/2018,$107.17,426487,$106.34,$107.39,$106.34
01/02/2018,$105.15,547543,$104.12,$105.38,$103.65
12/29/2017,$104.84,254959,$105.95,$106.06,$104.81
12/28/2017,$106.75,277171,$106.36,$106.87,$106.295
12/27/2017,$106.80,183769,$106.15,$107.10,$106.15
12/26/2017,$106.98,284629,$106.54,$107.97,$106.00
12/22/2017,$106.54,235339,$105.44,$106.80,$105.44
12/21/2017,$106.21,483331,$105.40,$106.58,$105.26
12/20/2017,$105.56,198469,$105.80,$105.87,$105.2901
12/19/2017,$105.47,302101,$105.74,$106.29,$105.41
12/18/2017,$106.71,401726,$105.49,$107.03,$105.49
12/15/2017,$104.38,692158,$104.85,$104.86,$103.90
12/14/2017,$105.02,348782,$106.45,$107.09,$104.89
12/13/2017,$105.80,733021,$106.65,$107.1411,$105.80
12/12/2017,$106.65,651071,$106.00,$107.38,$105.93
12/11/2017,$106.44,512253,$106.67,$106.97,$106.39
12/08/2017,$105.84,428620,$106.24,$106.52,$105.80
12/07/2017,$104.63,349402,$104.21,$105.1138,$104.01
12/06/2017,$104.57,424866,$104.78,$105.25,$104.19
12/05/2017,$104.17,663404,$104.46,$105.63,$104.17
12/04/2017,$104.34,981329,$107.03,$107.1175,$103.85
12/01/2017,$107.47,490502,$107.60,$108.21,$106.00
11/30/2017,$108.60,490238,$108.71,$109.0883,$107.61
11/29/2017,$108.40,989187,$111.81,$111.92,$107.4155
11/28/2017,$111.70,491678,$112.58,$112.725,$111.51
11/27/2017,$111.80,346892,$112.75,$112.96,$111.78
11/24/2017,$113.71,164063,$113.17,$114.02,$113.10
11/22/2017,$111.82,217746,$111.98,$112.3093,$111.285
11/21/2017,$111.49,348065,$111.71,$112.33,$111.37
11/20/2017,$110.18,274724,$109.915,$110.89,$109.84
11/17/2017,$109.17,342472,$109.64,$109.88,$108.87
11/16/2017,$110.02,260965,$109.65,$110.33,$109.42
11/15/2017,$108.51,400545,$108.32,$109.12,$107.58
11/14/2017,$109.91,343341,$110.18,$110.235,$109.20
11/13/2017,$110.44,1038899,$110.20,$111.04,$110.14
11/10/2017,$109.56,525222,$109.78,$109.99,$109.07
11/09/2017,$109.44,945188,$110.82,$110.82,$108.7913
11/08/2017,$112.80,718998,$113.44,$113.44,$110.48
11/07/2017,$114.89,525050,$116.52,$116.52,$114.15
11/06/2017,$117.25,473801,$117.19,$117.75,$116.46
11/03/2017,$117.43,497402,$118.25,$118.36,$117.36
11/02/2017,$117.11,1338582,$118.49,$119.17,$115.52
11/01/2017,$120.00,643761,$121.00,$121.14,$119.88
10/31/2017,$119.68,1021094,$118.00,$120.36,$117.98
10/30/2017,$117.18,501551,$116.63,$117.43,$116.405
10/27/2017,$115.59,354065,$116.06,$116.13,$115.17
10/26/2017,$115.07,257140,$115.31,$115.47,$114.67
10/25/2017,$114.72,702583,$115.54,$116.30,$113.85
10/24/2017,$114.59,444806,$114.72,$115.53,$114.40
10/23/2017,$113.71,228506,$114.71,$114.99,$113.66
10/20/2017,$114.60,425130,$115.04,$115.26,$114.375
10/19/2017,$115.91,416242,$114.74,$116.09,$113.63
10/18/2017,$116.56,284638,$116.20,$116.876,$115.63
10/17/2017,$115.77,444240,$115.95,$116.49,$115.35
10/16/2017,$116.81,784032,$114.90,$117.825,$114.45
10/13/2017,$114.96,344874,$115.81,$116.42,$114.88
10/12/2017,$116.09,305322,$115.97,$116.44,$115.57
10/11/2017,$116.52,377878,$116.33,$117.13,$116.095
10/10/2017,$115.67,546739,$116.30,$116.30,$114.97
10/09/2017,$114.83,940540,$112.69,$116.56,$112.656
10/06/2017,$112.60,482890,$111.96,$112.72,$111.21
10/05/2017,$113.17,306074,$114.14,$114.47,$112.89
10/04/2017,$114.45,459426,$114.02,$114.75,$113.5216
10/03/2017,$114.33,612713,$112.58,$114.50,$112.51
10/02/2017,$112.43,307976,$110.76,$112.84,$110.76
09/29/2017,$110.48,283308,$110.03,$110.97,$109.915
09/28/2017,$110.03,253609,$109.72,$110.24,$109.4048
09/27/2017,$110.58,461085,$109.20,$110.93,$109.05
09/26/2017,$108.98,766608,$110.14,$110.62,$108.44
09/25/2017,$110.14,767838,$112.94,$113.02,$109.68
09/22/2017,$113.47,271222,$112.93,$113.8499,$112.58
09/21/2017,$113.57,211209,$113.05,$113.83,$112.89
09/20/2017,$113.01,326376,$113.28,$113.68,$112.01
09/19/2017,$113.49,533888,$112.91,$113.94,$112.75
09/18/2017,$112.33,582290,$111.75,$112.76,$111.31
09/15/2017,$110.05,554623,$110.59,$110.74,$109.61
09/14/2017,$109.23,550918,$109.32,$109.435,$108.42
09/13/2017,$108.80,566308,$109.81,$110.05,$108.33
09/12/2017,$109.94,517849,$111.47,$111.62,$109.62
09/11/2017,$111.48,771140,$110.81,$111.54,$110.39
09/08/2017,$109.36,1406475,$110.45,$110.54,$108.96
09/07/2017,$108.59,3455575,$111.21,$111.60,$107.31
09/06/2017,$116.85,400924,$118.09,$118.10,$116.37
09/05/2017,$116.16,525241,$115.92,$116.94,$115.45
09/01/2017,$116.76,773189,$114.92,$117.66,$114.90
08/31/2017,$114.49,666543,$113.79,$114.77,$113.72
08/30/2017,$114.60,667960,$114.56,$114.87,$114.20
08/29/2017,$113.76,711888,$113.31,$113.98,$113.16
08/28/2017,$113.83,402923,$114.03,$114.12,$113.23
08/25/2017,$114.00,454780,$114.59,$115.03,$113.995
08/24/2017,$114.17,761636,$115.90,$115.99,$114.01
08/23/2017,$115.62,676681,$115.10,$116.38,$114.93
08/22/2017,$115.18,945661,$112.89,$115.6402,$112.85
08/21/2017,$112.85,915956,$110.42,$112.92,$110.37
08/18/2017,$111.53,672917,$110.00,$112.02,$109.51
08/17/2017,$109.25,503693,$110.74,$111.01,$109.25
08/16/2017,$110.95,376257,$110.52,$111.18,$110.44
08/15/2017,$110.26,257896,$110.58,$110.84,$109.61
08/14/2017,$110.05,524632,$108.56,$110.35,$108.45
08/11/2017,$107.58,748032,$106.59,$107.84,$106.17
08/10/2017,$108.67,738631,$110.19,$110.33,$108.50
08/09/2017,$111.26,335428,$110.11,$111.33,$109.91
08/08/2017,$110.66,490379,$111.43,$111.77,$110.305
08/07/2017,$110.56,406503,$109.35,$110.89,$109.33
08/04/2017,$109.15,704475,$108.67,$109.70,$108.40
08/03/2017,$108.34,1243676,$108.68,$109.65,$107.59
08/02/2017,$110.47,3332584,$106.00,$111.46,$103.17
08/01/2017,$108.32,2098411,$108.78,$109.78,$107.76
07/31/2017,$105.19,904400,$105.72,$106.01,$103.97
07/28/2017,$105.77,1128326,$104.87,$107.00,$104.64
07/27/2017,$104.04,1564949,$105.70,$105.74,$103.01
07/26/2017,$105.41,1403535,$102.89,$105.66,$102.89
07/25/2017,$101.40,995265,$101.14,$101.41,$100.23
07/24/2017,$101.62,1049986,$100.20,$101.75,$100.02
07/21/2017,$100.02,1040884,$99.29,$100.20,$98.21
07/20/2017,$99.99,1520719,$99.16,$100.08,$98.605
07/19/2017,$97.62,1532800,$95.24,$97.62,$95.23
07/18/2017,$95.15,830236,$93.55,$95.17,$93.44
07/17/2017,$93.75,507098,$93.34,$93.98,$93.16
07/14/2017,$93.90,513599,$92.74,$94.00,$92.41
07/13/2017,$92.76,515454,$92.53,$93.00,$92.19
07/12/2017,$92.88,1392121,$90.47,$93.18,$90.38
07/11/2017,$90.59,1129888,$89.35,$90.84,$89.07
07/10/2017,$88.51,422662,$86.68,$88.92,$86.68
07/07/2017,$86.09,364306,$85.28,$86.31,$85.0603
07/06/2017,$85.70,375274,$85.48,$86.05,$85.08
07/05/2017,$86.29,680533,$84.99,$86.47,$84.38
07/03/2017,$85.81,399511,$86.34,$86.95,$85.81
06/30/2017,$86.02,352683,$86.64,$86.94,$85.74
06/29/2017,$85.95,606232,$86.39,$86.44,$85.23
06/28/2017,$87.77,455919,$87.19,$87.91,$86.87
06/27/2017,$87.31,351121,$88.31,$88.31,$87.24
06/26/2017,$88.83,255625,$89.37,$89.91,$88.41
06/23/2017,$89.18,272774,$88.98,$89.32,$88.35
06/22/2017,$89.39,237058,$89.07,$89.90,$88.89
06/21/2017,$89.18,240289,$89.11,$89.39,$88.6052
06/20/2017,$88.74,361542,$89.43,$89.59,$88.61
06/19/2017,$89.78,557071,$89.28,$89.93,$89.06
06/16/2017,$88.03,413582,$88.55,$88.82,$87.8628
06/15/2017,$87.55,830852,$85.82,$87.68,$85.36
06/14/2017,$88.42,397426,$88.72,$88.83,$87.89
06/13/2017,$88.19,585995,$88.84,$88.99,$87.91
06/12/2017,$87.75,1021693,$89.02,$89.09,$87.43
06/09/2017,$89.45,849162,$91.64,$91.94,$89.16
06/08/2017,$91.85,489560,$91.71,$91.92,$90.71
06/07/2017,$90.57,410885,$90.40,$90.9799,$90.03
06/06/2017,$90.51,328023,$90.00,$91.14,$89.92
06/05/2017,$90.44,348565,$90.12,$90.64,$90.01
06/02/2017,$90.59,762177,$90.43,$90.84,$89.50
06/01/2017,$88.60,783504,$87.19,$89.09,$87.09
05/31/2017,$86.72,422769,$86.31,$86.74,$85.81
05/30/2017,$85.49,444013,$85.27,$85.76,$85.20
05/26/2017,$85.50,450515,$85.01,$85.61,$84.96
05/25/2017,$85.70,383158,$85.12,$85.76,$85.12
05/24/2017,$85.09,616281,$84.44,$85.25,$84.33
05/23/2017,$84.79,722574,$84.03,$84.90,$83.9608
05/22/2017,$84.35,398762,$83.46,$84.42,$83.44
05/19/2017,$83.33,622674,$83.67,$83.93,$83.05
05/18/2017,$84.22,437221,$82.56,$84.57,$82.3301
05/17/2017,$82.77,749012,$84.83,$85.02,$82.73
05/16/2017,$84.59,447184,$84.59,$85.18,$84.42
05/15/2017,$84.90,485141,$84.28,$85.13,$84.21
05/12/2017,$84.13,568878,$82.56,$84.40,$82.495
05/11/2017,$82.98,647478,$82.79,$83.29,$82.15
05/10/2017,$84.00,582409,$84.09,$84.44,$83.86
05/09/2017,$84.46,1329443,$83.50,$85.51,$83.48
05/08/2017,$82.72,880387,$82.13,$82.97,$81.67
05/05/2017,$82.48,786454,$81.68,$82.53,$81.41
05/04/2017,$81.46,1861584,$78.63,$81.74,$78.52
05/03/2017,$76.02,803171,$75.36,$76.11,$75.33
05/02/2017,$75.56,480295,$75.82,$75.93,$75.10
05/01/2017,$75.71,300177,$75.65,$75.88,$75.25
04/28/2017,$75.20,281494,$75.50,$75.82,$75.18
04/27/2017,$75.62,385549,$75.67,$75.81,$75.19
04/26/2017,$74.90,464202,$74.88,$75.31,$74.7587
04/25/2017,$74.15,707012,$73.63,$74.43,$73.5883
04/24/2017,$73.34,965454,$72.89,$73.52,$72.39
04/21/2017,$70.82,316125,$71.32,$71.32,$70.78
04/20/2017,$71.40,498410,$72.33,$72.43,$71.40
04/19/2017,$71.26,874757,$71.53,$71.77,$71.1936
04/18/2017,$70.59,317756,$70.54,$71.03,$70.35
04/17/2017,$71.32,240344,$70.87,$71.54,$70.85
04/13/2017,$70.63,489538,$71.47,$71.75,$69.59
04/12/2017,$71.66,450312,$71.83,$71.94,$71.56
04/11/2017,$71.84,425180,$72.08,$72.29,$71.31
04/10/2017,$71.93,291150,$71.89,$72.25,$71.82
04/07/2017,$71.89,391116,$72.11,$72.26,$71.89
04/06/2017,$72.61,329810,$72.86,$72.91,$72.48
04/05/2017,$72.42,514139,$73.51,$73.63,$72.39
04/04/2017,$73.60,541545,$73.72,$73.91,$73.43
04/03/2017,$73.72,578357,$74.60,$74.66,$73.31
03/31/2017,$74.36,311159,$74.11,$74.62,$74.07
03/30/2017,$74.45,383503,$74.07,$74.56,$73.92
03/29/2017,$74.85,432846,$74.68,$74.99,$74.55
03/28/2017,$74.86,841388,$74.50,$74.96,$74.39
03/27/2017,$73.93,901951,$73.40,$74.12,$73.1501
03/24/2017,$71.58,634301,$72.17,$72.22,$71.18
03/23/2017,$70.72,818697,$69.56,$71.0799,$69.49
03/22/2017,$68.18,538721,$68.02,$68.39,$67.72
03/21/2017,$67.09,526150,$68.67,$68.74,$67.07
03/20/2017,$68.00,342575,$68.56,$68.71,$67.99
03/17/2017,$68.43,293394,$69.28,$69.28,$68.40
03/16/2017,$69.34,496017,$69.16,$69.50,$68.93
03/15/2017,$67.86,711475,$66.86,$67.99,$66.66
03/14/2017,$66.31,384598,$66.26,$66.59,$66.11
03/13/2017,$66.34,508234,$66.13,$66.63,$66.10
03/10/2017,$65.73,326439,$65.54,$65.86,$65.38
03/09/2017,$65.17,369235,$65.36,$65.78,$65.05
03/08/2017,$65.48,198879,$65.92,$65.94,$65.43
03/07/2017,$65.59,374551,$65.30,$65.74,$64.94
03/06/2017,$65.21,302321,$65.75,$65.76,$65.01
03/03/2017,$66.27,348412,$66.08,$66.46,$65.83
03/02/2017,$65.97,473142,$65.87,$66.18,$65.79
03/01/2017,$65.87,302503,$65.60,$66.24,$65.58
02/28/2017,$65.06,373333,$65.25,$65.73,$64.98
02/27/2017,$65.82,376464,$65.44,$66.09,$65.42
02/24/2017,$65.09,408842,$65.26,$65.45,$64.76
02/23/2017,$65.67,391460,$66.43,$66.5713,$65.64
02/22/2017,$65.88,307790,$64.82,$66.00,$64.76
02/21/2017,$65.58,295286,$65.25,$65.70,$65.17
02/17/2017,$65.59,290546,$65.44,$65.64,$65.19
02/16/2017,$66.04,586421,$66.47,$66.74,$65.9801
02/15/2017,$66.01,363452,$65.23,$66.03,$65.19
02/14/2017,$66.19,323595,$66.36,$66.57,$66.04
02/13/2017,$66.17,445453,$66.00,$66.38,$65.81
02/10/2017,$65.22,383729,$64.54,$65.33,$64.40
02/09/2017,$64.77,289615,$64.69,$65.20,$64.58
02/08/2017,$65.20,281495,$64.21,$65.30,$64.12
02/07/2017,$64.50,362400,$64.47,$64.68,$64.30
02/06/2017,$64.58,447168,$64.33,$64.90,$64.25
02/03/2017,$65.70,713276,$65.49,$65.81,$65.4101
02/02/2017,$64.61,896672,$65.01,$65.12,$64.20
02/01/2017,$62.14,372727,$62.50,$62.59,$61.67
01/31/2017,$62.13,732766,$62.54,$62.6859,$61.71
01/30/2017,$60.94,445986,$60.92,$61.22,$60.6601
01/27/2017,$62.01,230723,$62.03,$62.14,$61.82
01/26/2017,$61.86,377648,$61.94,$62.38,$61.76
01/25/2017,$62.56,511394,$62.78,$62.92,$62.27
01/24/2017,$62.68,828001,$62.46,$62.76,$61.98
01/23/2017,$61.08,581822,$61.07,$61.28,$60.93
01/20/2017,$60.35,205529,$60.31,$60.50,$60.01
01/19/2017,$60.46,255776,$59.86,$60.49,$59.86
01/18/2017,$59.90,238879,$60.00,$60.10,$59.74
01/17/2017,$59.82,317695,$59.66,$59.91,$59.59
01/13/2017,$59.83,376793,$60.10,$60.257,$59.52
01/12/2017,$59.28,825545,$60.57,$60.635,$58.01
01/11/2017,$59.41,289692,$59.00,$59.49,$58.85
01/10/2017,$58.98,345448,$58.98,$59.18,$58.74
01/09/2017,$58.28,409299,$57.77,$58.50,$57.56
01/06/2017,$58.94,280519,$58.97,$59.16,$58.81
01/05/2017,$59.36,304774,$59.44,$59.88,$59.3411
01/04/2017,$59.41,372981,$58.84,$59.48,$58.79
01/03/2017,$58.94,546708,$59.16,$59.26,$58.35
12/30/2016,$58.14,303798,$58.44,$58.46,$57.955
12/29/2016,$57.79,190613,$58.16,$58.29,$57.63
12/28/2016,$57.75,173622,$58.15,$58.27,$57.69
12/27/2016,$58.29,130697,$58.41,$58.54,$58.18
12/23/2016,$58.33,339162,$58.44,$58.51,$58.15
12/22/2016,$57.74,337679,$58.52,$58.60,$57.40
12/21/2016,$58.03,327378,$58.60,$58.81,$58.01
12/20/2016,$58.60,384736,$58.13,$58.65,$58.04
12/19/2016,$58.67,431666,$58.34,$58.86,$58.34
12/16/2016,$58.35,517530,$58.10,$58.56,$58.08
12/15/2016,$58.14,469332,$57.88,$58.30,$57.70
12/14/2016,$57.87,1213207,$58.00,$58.47,$57.83
12/13/2016,$57.79,434358,$57.04,$57.9899,$57.03
12/12/2016,$56.86,383713,$57.07,$57.32,$56.485
12/09/2016,$56.88,271607,$56.82,$56.95,$56.78
12/08/2016,$56.77,456638,$56.66,$56.97,$56.44
12/07/2016,$56.95,721621,$56.32,$57.11,$56.32
12/06/2016,$56.04,409918,$55.07,$56.0699,$55.07
12/05/2016,$55.59,699852,$55.03,$55.82,$54.93
12/02/2016,$54.09,627575,$54.20,$54.53,$53.94
12/01/2016,$54.47,514676,$54.01,$54.65,$53.94
11/30/2016,$54.12,602894,$54.94,$54.99,$54.11
11/29/2016,$54.74,622701,$53.82,$54.99,$53.82
11/28/2016,$53.77,240657,$54.00,$54.34,$53.71
11/25/2016,$54.78,288583,$54.69,$54.94,$54.48
11/23/2016,$53.70,239836,$53.14,$53.89,$53.03
11/22/2016,$54.31,323571,$53.83,$54.42,$53.75
11/21/2016,$53.43,237701,$53.20,$53.62,$53.16
11/18/2016,$52.76,382619,$53.19,$53.23,$52.72
11/17/2016,$53.29,263530,$53.23,$53.55,$53.09
11/16/2016,$53.47,448986,$53.15,$53.93,$53.13
11/15/2016,$54.09,435187,$52.78,$54.24,$52.76
11/14/2016,$53.26,1007152,$53.57,$54.22,$53.18
11/11/2016,$54.47,942041,$53.38,$54.89,$53.18
11/10/2016,$53.53,750832,$53.46,$54.21,$52.83
11/09/2016,$54.21,641851,$53.99,$54.30,$53.69
11/08/2016,$54.42,837010,$54.43,$54.77,$54.15
11/07/2016,$54.89,896755,$53.52,$54.99,$53.11
11/04/2016,$51.07,554062,$50.43,$51.44,$50.39
11/03/2016,$50.50,352697,$50.97,$51.34,$50.46
11/02/2016,$51.31,418879,$51.14,$51.71,$50.90
11/01/2016,$51.31,520708,$53.09,$53.10,$51.02
10/31/2016,$52.77,213593,$52.73,$52.84,$52.26
10/28/2016,$52.87,231152,$52.63,$53.19,$52.54
10/27/2016,$53.00,217379,$53.12,$53.16,$52.75
10/26/2016,$53.11,323003,$52.79,$53.29,$52.65
10/25/2016,$53.01,269194,$52.99,$53.05,$52.58
10/24/2016,$53.25,364106,$52.83,$53.35,$52.82
10/21/2016,$52.60,155138,$52.02,$52.60,$51.99
10/20/2016,$52.78,216244,$52.48,$52.95,$52.38
10/19/2016,$52.55,202818,$52.01,$52.69,$51.95
10/18/2016,$52.40,365644,$52.73,$52.77,$51.94
10/17/2016,$52.21,361217,$52.75,$52.76,$52.09
10/14/2016,$52.72,818621,$52.85,$53.01,$52.63
10/13/2016,$52.51,1170064,$52.89,$53.13,$52.39
10/12/2016,$53.51,564695,$53.10,$53.58,$52.92
10/11/2016,$53.32,327052,$53.42,$53.54,$52.93
10/10/2016,$53.84,239974,$54.18,$54.33,$53.63
10/07/2016,$53.49,339037,$53.32,$53.56,$53.13
10/06/2016,$53.15,436735,$53.29,$53.49,$53.11
10/05/2016,$53.64,647048,$53.31,$53.66,$53.00
